CommandLine.java,org.apache.commons.cli.CommandLine,void,addArg,462,KILLED,org.apache.commons.cli.CommandLineTest.testBuilder(org.apache.commons.cli.CommandLineTest)
CommandLine.java,org.apache.commons.cli.CommandLine,void,addOption,472,KILLED,org.apache.commons.cli.CommandLineTest.testGetOptions(org.apache.commons.cli.CommandLineTest)
CommandLine.java,org.apache.commons.cli.CommandLine,empty,getArgs,416,KILLED,org.apache.commons.cli.CommandLineTest.testBuilder(org.apache.commons.cli.CommandLineTest)
CommandLine.java,org.apache.commons.cli.CommandLine,null,getArgs,416,KILLED,org.apache.commons.cli.CommandLineTest.testBuilder(org.apache.commons.cli.CommandLineTest)
CommandLine.java,org.apache.commons.cli.CommandLine,null,getOptionProperties,386,KILLED,org.apache.commons.cli.CommandLineTest.testGetOptionProperties(org.apache.commons.cli.CommandLineTest)
CommandLine.java,org.apache.commons.cli.CommandLine,null,getOptionProperties,348,KILLED,org.apache.commons.cli.CommandLineTest.testGetOptionPropertiesWithOption(org.apache.commons.cli.CommandLineTest)
CommandLine.java,org.apache.commons.cli.CommandLine,"",getOptionValue,214,KILLED,org.apache.commons.cli.bug.BugsTest.test31148(org.apache.commons.cli.bug.BugsTest)
CommandLine.java,org.apache.commons.cli.CommandLine,"A",getOptionValue,214,KILLED,org.apache.commons.cli.bug.BugsTest.test31148(org.apache.commons.cli.bug.BugsTest)
CommandLine.java,org.apache.commons.cli.CommandLine,null,getOptionValue,214,KILLED,org.apache.commons.cli.bug.BugsTest.test31148(org.apache.commons.cli.bug.BugsTest)
CommandLine.java,org.apache.commons.cli.CommandLine,"",getOptionValue,330,KILLED,org.apache.commons.cli.bug.BugCLI71Test.testGetsDefaultIfOptional(org.apache.commons.cli.bug.BugCLI71Test)
CommandLine.java,org.apache.commons.cli.CommandLine,"A",getOptionValue,330,KILLED,org.apache.commons.cli.bug.BugCLI71Test.testGetsDefaultIfOptional(org.apache.commons.cli.bug.BugCLI71Test)
CommandLine.java,org.apache.commons.cli.CommandLine,null,getOptionValue,330,KILLED,org.apache.commons.cli.bug.BugCLI71Test.testGetsDefaultIfOptional(org.apache.commons.cli.bug.BugCLI71Test)
CommandLine.java,org.apache.commons.cli.CommandLine,"",getOptionValue,202,KILLED,org.apache.commons.cli.bug.BugsTest.test31148(org.apache.commons.cli.bug.BugsTest)
CommandLine.java,org.apache.commons.cli.CommandLine,"A",getOptionValue,202,KILLED,org.apache.commons.cli.bug.BugsTest.test31148(org.apache.commons.cli.bug.BugsTest)
CommandLine.java,org.apache.commons.cli.CommandLine,null,getOptionValue,202,KILLED,org.apache.commons.cli.bug.BugsTest.test31148(org.apache.commons.cli.bug.BugsTest)
CommandLine.java,org.apache.commons.cli.CommandLine,"",getOptionValue,316,KILLED,org.apache.commons.cli.bug.BugCLI71Test.testGetsDefaultIfOptional(org.apache.commons.cli.bug.BugCLI71Test)
CommandLine.java,org.apache.commons.cli.CommandLine,"A",getOptionValue,316,KILLED,org.apache.commons.cli.bug.BugCLI71Test.testGetsDefaultIfOptional(org.apache.commons.cli.bug.BugCLI71Test)
CommandLine.java,org.apache.commons.cli.CommandLine,null,getOptionValue,316,KILLED,org.apache.commons.cli.bug.BugCLI71Test.testGetsDefaultIfOptional(org.apache.commons.cli.bug.BugCLI71Test)
CommandLine.java,org.apache.commons.cli.CommandLine,"",getOptionValue,185,KILLED,org.apache.commons.cli.CommandLineTest.testNullhOption(org.apache.commons.cli.CommandLineTest)
CommandLine.java,org.apache.commons.cli.CommandLine,"A",getOptionValue,185,KILLED,org.apache.commons.cli.CommandLineTest.testNullhOption(org.apache.commons.cli.CommandLineTest)
CommandLine.java,org.apache.commons.cli.CommandLine,null,getOptionValue,185,KILLED,org.apache.commons.cli.CommandLineTest.testGetParsedOptionValue(org.apache.commons.cli.CommandLineTest)
CommandLine.java,org.apache.commons.cli.CommandLine,"",getOptionValue,301,KILLED,org.apache.commons.cli.bug.BugCLI71Test.testGetsDefaultIfOptional(org.apache.commons.cli.bug.BugCLI71Test)
CommandLine.java,org.apache.commons.cli.CommandLine,"A",getOptionValue,301,KILLED,org.apache.commons.cli.bug.BugCLI71Test.testGetsDefaultIfOptional(org.apache.commons.cli.bug.BugCLI71Test)
CommandLine.java,org.apache.commons.cli.CommandLine,null,getOptionValue,301,KILLED,org.apache.commons.cli.bug.BugCLI71Test.testGetsDefaultIfOptional(org.apache.commons.cli.bug.BugCLI71Test)
CommandLine.java,org.apache.commons.cli.CommandLine,empty,getOptionValues,286,KILLED,org.apache.commons.cli.DefaultParserTest.testPropertyOptionMultipleValues(org.apache.commons.cli.DefaultParserTest)
CommandLine.java,org.apache.commons.cli.CommandLine,null,getOptionValues,286,KILLED,org.apache.commons.cli.DefaultParserTest.testPropertyOptionMultipleValues(org.apache.commons.cli.DefaultParserTest)
CommandLine.java,org.apache.commons.cli.CommandLine,empty,getOptionValues,249,KILLED,org.apache.commons.cli.DefaultParserTest.testPropertyOptionMultipleValues(org.apache.commons.cli.DefaultParserTest)
CommandLine.java,org.apache.commons.cli.CommandLine,null,getOptionValues,249,KILLED,org.apache.commons.cli.DefaultParserTest.testPropertyOptionMultipleValues(org.apache.commons.cli.DefaultParserTest)
CommandLine.java,org.apache.commons.cli.CommandLine,empty,getOptionValues,227,KILLED,org.apache.commons.cli.CommandLineTest.testGetParsedOptionValue(org.apache.commons.cli.CommandLineTest)
CommandLine.java,org.apache.commons.cli.CommandLine,null,getOptionValues,227,KILLED,org.apache.commons.cli.CommandLineTest.testGetParsedOptionValue(org.apache.commons.cli.CommandLineTest)
CommandLine.java,org.apache.commons.cli.CommandLine,empty,getOptions,493,KILLED,org.apache.commons.cli.CommandLineTest.testGetOptions(org.apache.commons.cli.CommandLineTest)
CommandLine.java,org.apache.commons.cli.CommandLine,null,getOptions,493,KILLED,org.apache.commons.cli.CommandLineTest.testGetOptions(org.apache.commons.cli.CommandLineTest)
CommandLine.java,org.apache.commons.cli.CommandLine,null,getParsedOptionValue,160,KILLED,org.apache.commons.cli.CommandLineTest.testGetParsedOptionValueWithChar(org.apache.commons.cli.CommandLineTest)
CommandLine.java,org.apache.commons.cli.CommandLine,null,getParsedOptionValue,146,KILLED,org.apache.commons.cli.CommandLineTest.testGetParsedOptionValue(org.apache.commons.cli.CommandLineTest)
CommandLine.java,org.apache.commons.cli.CommandLine,null,getParsedOptionValue,123,KILLED,org.apache.commons.cli.CommandLineTest.testGetParsedOptionValue(org.apache.commons.cli.CommandLineTest)
CommandLine.java,org.apache.commons.cli.CommandLine,false,hasOption,88,KILLED,org.apache.commons.cli.bug.BugsTest.test31148(org.apache.commons.cli.bug.BugsTest)
CommandLine.java,org.apache.commons.cli.CommandLine,true,hasOption,88,KILLED,org.apache.commons.cli.PatternOptionBuilderTest.testSimplePattern(org.apache.commons.cli.PatternOptionBuilderTest)
CommandLine.java,org.apache.commons.cli.CommandLine,false,hasOption,77,KILLED,org.apache.commons.cli.DefaultParserTest.testPropertyOptionRequired(org.apache.commons.cli.DefaultParserTest)
CommandLine.java,org.apache.commons.cli.CommandLine,true,hasOption,77,KILLED,org.apache.commons.cli.bug.BugCLI133Test.testOrder(org.apache.commons.cli.bug.BugCLI133Test)
CommandLine.java,org.apache.commons.cli.CommandLine,null,resolveOption,260,KILLED,org.apache.commons.cli.CommandLineTest.testGetParsedOptionValue(org.apache.commons.cli.CommandLineTest)
Option.java,org.apache.commons.cli.Option,false,acceptsArg,727,KILLED,org.apache.commons.cli.OptionTest.testClear(org.apache.commons.cli.OptionTest)
Option.java,org.apache.commons.cli.Option,true,acceptsArg,727,KILLED,org.apache.commons.cli.DefaultParserTest.testShortWithUnexpectedArgument(org.apache.commons.cli.DefaultParserTest)
Option.java,org.apache.commons.cli.Option,void,add,504,KILLED,org.apache.commons.cli.OptionTest.testClear(org.apache.commons.cli.OptionTest)
Option.java,org.apache.commons.cli.Option,void,addValueForProcessing,440,KILLED,org.apache.commons.cli.OptionTest.testClear(org.apache.commons.cli.OptionTest)
Option.java,org.apache.commons.cli.Option,null,builder,758,KILLED,org.apache.commons.cli.OptionTest.testBuilderInsufficientParams1(org.apache.commons.cli.OptionTest)
Option.java,org.apache.commons.cli.Option,null,builder,772,KILLED,org.apache.commons.cli.OptionTest.testBuilderInsufficientParams1(org.apache.commons.cli.OptionTest)
Option.java,org.apache.commons.cli.Option,null,clone,682,KILLED,org.apache.commons.cli.OptionTest.testSubclass(org.apache.commons.cli.OptionTest)
Option.java,org.apache.commons.cli.Option,false,equals,633,KILLED,org.apache.commons.cli.OptionTest.testClone(org.apache.commons.cli.OptionTest)
Option.java,org.apache.commons.cli.Option,true,equals,633,KILLED,org.apache.commons.cli.bug.BugCLI71Test.testMistakenArgument(org.apache.commons.cli.bug.BugCLI71Test)
Option.java,org.apache.commons.cli.Option,0,getId,167,KILLED,org.apache.commons.cli.bug.BugsTest.test11458(org.apache.commons.cli.bug.BugsTest)
Option.java,org.apache.commons.cli.Option,1,getId,167,KILLED,org.apache.commons.cli.bug.BugsTest.test11458(org.apache.commons.cli.bug.BugsTest)
Option.java,org.apache.commons.cli.Option,"",getKey,178,KILLED,org.apache.commons.cli.OptionsTest.testDuplicateLong(org.apache.commons.cli.OptionsTest)
Option.java,org.apache.commons.cli.Option,"A",getKey,178,KILLED,org.apache.commons.cli.OptionsTest.testDuplicateLong(org.apache.commons.cli.OptionsTest)
Option.java,org.apache.commons.cli.Option,null,getKey,178,KILLED,org.apache.commons.cli.OptionsTest.testDuplicateLong(org.apache.commons.cli.OptionsTest)
Option.java,org.apache.commons.cli.Option,"",getValue,522,KILLED,org.apache.commons.cli.OptionTest.testSubclass(org.apache.commons.cli.OptionTest)
Option.java,org.apache.commons.cli.Option,"A",getValue,522,KILLED,org.apache.commons.cli.OptionTest.testSubclass(org.apache.commons.cli.OptionTest)
Option.java,org.apache.commons.cli.Option,null,getValue,522,KILLED,org.apache.commons.cli.OptionTest.testGetValue(org.apache.commons.cli.OptionTest)
Option.java,org.apache.commons.cli.Option,"",getValue,539,KILLED,org.apache.commons.cli.OptionTest.testGetValue(org.apache.commons.cli.OptionTest)
Option.java,org.apache.commons.cli.Option,"A",getValue,539,KILLED,org.apache.commons.cli.OptionTest.testGetValue(org.apache.commons.cli.OptionTest)
Option.java,org.apache.commons.cli.Option,null,getValue,539,KILLED,org.apache.commons.cli.OptionTest.testGetValue(org.apache.commons.cli.OptionTest)
Option.java,org.apache.commons.cli.Option,"",getValue,554,KILLED,org.apache.commons.cli.OptionTest.testGetValue(org.apache.commons.cli.OptionTest)
Option.java,org.apache.commons.cli.Option,"A",getValue,554,KILLED,org.apache.commons.cli.OptionTest.testGetValue(org.apache.commons.cli.OptionTest)
Option.java,org.apache.commons.cli.Option,null,getValue,554,KILLED,org.apache.commons.cli.OptionTest.testGetValue(org.apache.commons.cli.OptionTest)
Option.java,org.apache.commons.cli.Option,empty,getValues,568,KILLED,org.apache.commons.cli.OptionTest.testClone(org.apache.commons.cli.OptionTest)
Option.java,org.apache.commons.cli.Option,null,getValues,568,KILLED,org.apache.commons.cli.OptionTest.testClone(org.apache.commons.cli.OptionTest)
Option.java,org.apache.commons.cli.Option,false,hasArg,288,KILLED,org.apache.commons.cli.OptionTest.testClear(org.apache.commons.cli.OptionTest)
Option.java,org.apache.commons.cli.Option,true,hasArg,288,KILLED,org.apache.commons.cli.OptionBuilderTest.testBaseOptionCharOpt(org.apache.commons.cli.OptionBuilderTest)
Option.java,org.apache.commons.cli.Option,false,hasArgName,359,KILLED,org.apache.commons.cli.OptionTest.testHasArgName(org.apache.commons.cli.OptionTest)
Option.java,org.apache.commons.cli.Option,true,hasArgName,359,KILLED,org.apache.commons.cli.OptionTest.testHasArgName(org.apache.commons.cli.OptionTest)
Option.java,org.apache.commons.cli.Option,false,hasArgs,369,KILLED,org.apache.commons.cli.OptionTest.testHasArgs(org.apache.commons.cli.OptionTest)
Option.java,org.apache.commons.cli.Option,true,hasArgs,369,KILLED,org.apache.commons.cli.OptionTest.testHasArgs(org.apache.commons.cli.OptionTest)
Option.java,org.apache.commons.cli.Option,false,hasLongOpt,278,KILLED,org.apache.commons.cli.OptionsTest.testGetMatchingOpts(org.apache.commons.cli.OptionsTest)
Option.java,org.apache.commons.cli.Option,true,hasLongOpt,278,KILLED,org.apache.commons.cli.HelpFormatterTest.testPrintOptions(org.apache.commons.cli.HelpFormatterTest)
Option.java,org.apache.commons.cli.Option,false,hasValueSeparator,411,KILLED,org.apache.commons.cli.DefaultParserTest.testPropertyOptionMultipleValues(org.apache.commons.cli.DefaultParserTest)
Option.java,org.apache.commons.cli.Option,true,hasValueSeparator,411,SURVIVED,none
Option.java,org.apache.commons.cli.Option,void,processValue,461,KILLED,org.apache.commons.cli.OptionTest.testClear(org.apache.commons.cli.OptionTest)
Option.java,org.apache.commons.cli.Option,false,requiresArg,738,KILLED,org.apache.commons.cli.DefaultParserTest.testMissingArg(org.apache.commons.cli.DefaultParserTest)
Option.java,org.apache.commons.cli.Option,true,requiresArg,738,KILLED,org.apache.commons.cli.DefaultParserTest.testPropertiesOption2(org.apache.commons.cli.DefaultParserTest)
DefaultParser.java,org.apache.commons.cli.DefaultParser,void,checkRequiredArgs,255,KILLED,org.apache.commons.cli.DefaultParserTest.testMissingArg(org.apache.commons.cli.DefaultParserTest)
DefaultParser.java,org.apache.commons.cli.DefaultParser,void,checkRequiredOptions,243,KILLED,org.apache.commons.cli.DefaultParserTest.testReuseOptionsTwice(org.apache.commons.cli.DefaultParserTest)
DefaultParser.java,org.apache.commons.cli.DefaultParser,"",getLongPrefix,629,KILLED,org.apache.commons.cli.DefaultParserTest.testUnrecognizedOptionWithBursting(org.apache.commons.cli.DefaultParserTest)
DefaultParser.java,org.apache.commons.cli.DefaultParser,"A",getLongPrefix,629,KILLED,org.apache.commons.cli.DefaultParserTest.testUnrecognizedOptionWithBursting(org.apache.commons.cli.DefaultParserTest)
DefaultParser.java,org.apache.commons.cli.DefaultParser,null,getLongPrefix,629,KILLED,org.apache.commons.cli.DefaultParserTest.testLongWithoutEqualSingleDash(org.apache.commons.cli.DefaultParserTest)
DefaultParser.java,org.apache.commons.cli.DefaultParser,null,getMatchingLongOptions,713,KILLED,org.apache.commons.cli.DefaultParserTest.testAmbiguousPartialLongOption3(org.apache.commons.cli.DefaultParserTest)
DefaultParser.java,org.apache.commons.cli.DefaultParser,void,handleConcatenatedOptions,759,KILLED,org.apache.commons.cli.DefaultParserTest.testUnrecognizedOptionWithBursting(org.apache.commons.cli.DefaultParserTest)
DefaultParser.java,org.apache.commons.cli.DefaultParser,void,handleLongOption,428,KILLED,org.apache.commons.cli.DefaultParserTest.testAmbiguousPartialLongOption3(org.apache.commons.cli.DefaultParserTest)
DefaultParser.java,org.apache.commons.cli.DefaultParser,void,handleLongOptionWithEqual,478,KILLED,org.apache.commons.cli.DefaultParserTest.testAmbiguousPartialLongOption3(org.apache.commons.cli.DefaultParserTest)
DefaultParser.java,org.apache.commons.cli.DefaultParser,void,handleLongOptionWithoutEqual,450,KILLED,org.apache.commons.cli.DefaultParserTest.testAmbiguousPartialLongOption1(org.apache.commons.cli.DefaultParserTest)
DefaultParser.java,org.apache.commons.cli.DefaultParser,void,handleOption,660,KILLED,org.apache.commons.cli.DefaultParserTest.testPropertyOptionRequired(org.apache.commons.cli.DefaultParserTest)
DefaultParser.java,org.apache.commons.cli.DefaultParser,void,handleProperties,188,KILLED,org.apache.commons.cli.DefaultParserTest.testPropertyOptionUnexpected(org.apache.commons.cli.DefaultParserTest)
DefaultParser.java,org.apache.commons.cli.DefaultParser,void,handleShortAndLongOption,532,KILLED,org.apache.commons.cli.DefaultParserTest.testStopAtNonOptionShort(org.apache.commons.cli.DefaultParserTest)
DefaultParser.java,org.apache.commons.cli.DefaultParser,void,handleToken,269,KILLED,org.apache.commons.cli.DefaultParserTest.testStopAtNonOptionShort(org.apache.commons.cli.DefaultParserTest)
DefaultParser.java,org.apache.commons.cli.DefaultParser,void,handleUnknownToken,404,KILLED,org.apache.commons.cli.DefaultParserTest.testStopAtNonOptionShort(org.apache.commons.cli.DefaultParserTest)
DefaultParser.java,org.apache.commons.cli.DefaultParser,false,isArgument,309,KILLED,org.apache.commons.cli.DefaultParserTest.testSimpleShort(org.apache.commons.cli.DefaultParserTest)
DefaultParser.java,org.apache.commons.cli.DefaultParser,true,isArgument,309,KILLED,org.apache.commons.cli.DefaultParserTest.testUnlimitedArgs(org.apache.commons.cli.DefaultParserTest)
DefaultParser.java,org.apache.commons.cli.DefaultParser,false,isJavaProperty,651,KILLED,org.apache.commons.cli.DefaultParserTest.testPropertiesOption2(org.apache.commons.cli.DefaultParserTest)
DefaultParser.java,org.apache.commons.cli.DefaultParser,true,isJavaProperty,651,KILLED,org.apache.commons.cli.DefaultParserTest.testAmbiguousPartialLongOption4(org.apache.commons.cli.DefaultParserTest)
DefaultParser.java,org.apache.commons.cli.DefaultParser,false,isLongOption,371,SURVIVED,none
DefaultParser.java,org.apache.commons.cli.DefaultParser,true,isLongOption,371,KILLED,org.apache.commons.cli.DefaultParserTest.testSimpleShort(org.apache.commons.cli.DefaultParserTest)
DefaultParser.java,org.apache.commons.cli.DefaultParser,false,isNegativeNumber,321,KILLED,org.apache.commons.cli.DefaultParserTest.testNegativeOption(org.apache.commons.cli.DefaultParserTest)
DefaultParser.java,org.apache.commons.cli.DefaultParser,true,isNegativeNumber,321,KILLED,org.apache.commons.cli.DefaultParserTest.testUnlimitedArgs(org.apache.commons.cli.DefaultParserTest)
DefaultParser.java,org.apache.commons.cli.DefaultParser,false,isOption,337,KILLED,org.apache.commons.cli.DefaultParserTest.testUnlimitedArgs(org.apache.commons.cli.DefaultParserTest)
DefaultParser.java,org.apache.commons.cli.DefaultParser,true,isOption,337,KILLED,org.apache.commons.cli.DefaultParserTest.testSimpleShort(org.apache.commons.cli.DefaultParserTest)
DefaultParser.java,org.apache.commons.cli.DefaultParser,false,isShortOption,348,KILLED,org.apache.commons.cli.DefaultParserTest.testUnlimitedArgs(org.apache.commons.cli.DefaultParserTest)
DefaultParser.java,org.apache.commons.cli.DefaultParser,true,isShortOption,348,KILLED,org.apache.commons.cli.DefaultParserTest.testSimpleShort(org.apache.commons.cli.DefaultParserTest)
DefaultParser.java,org.apache.commons.cli.DefaultParser,null,parse,106,KILLED,org.apache.commons.cli.DefaultParserTest.testAmbiguousPartialLongOption3(org.apache.commons.cli.DefaultParserTest)
DefaultParser.java,org.apache.commons.cli.DefaultParser,null,parse,122,KILLED,org.apache.commons.cli.DefaultParserTest.testPropertyOptionUnexpected(org.apache.commons.cli.DefaultParserTest)
DefaultParser.java,org.apache.commons.cli.DefaultParser,null,parse,148,KILLED,org.apache.commons.cli.DefaultParserTest.testPropertyOptionUnexpected(org.apache.commons.cli.DefaultParserTest)
DefaultParser.java,org.apache.commons.cli.DefaultParser,null,parse,127,KILLED,org.apache.commons.cli.DefaultParserTest.testStopAtNonOptionShort(org.apache.commons.cli.DefaultParserTest)
DefaultParser.java,org.apache.commons.cli.DefaultParser,void,updateRequiredOptions,685,KILLED,org.apache.commons.cli.DefaultParserTest.testPropertyOptionRequired(org.apache.commons.cli.DefaultParserTest)
HelpFormatter.java,org.apache.commons.cli.HelpFormatter,void,appendOption,681,KILLED,org.apache.commons.cli.HelpFormatterTest.testAutomaticUsage(org.apache.commons.cli.HelpFormatterTest)
HelpFormatter.java,org.apache.commons.cli.HelpFormatter,void,appendOptionGroup,644,KILLED,org.apache.commons.cli.HelpFormatterTest.testPrintOptionGroupUsage(org.apache.commons.cli.HelpFormatterTest)
HelpFormatter.java,org.apache.commons.cli.HelpFormatter,"",createPadding,1033,KILLED,org.apache.commons.cli.HelpFormatterTest.testRenderWrappedTextMultiLinePadded(org.apache.commons.cli.HelpFormatterTest)
HelpFormatter.java,org.apache.commons.cli.HelpFormatter,"A",createPadding,1033,KILLED,org.apache.commons.cli.HelpFormatterTest.testRenderWrappedTextMultiLine(org.apache.commons.cli.HelpFormatterTest)
HelpFormatter.java,org.apache.commons.cli.HelpFormatter,null,createPadding,1033,KILLED,org.apache.commons.cli.HelpFormatterTest.testRenderWrappedTextMultiLine(org.apache.commons.cli.HelpFormatterTest)
HelpFormatter.java,org.apache.commons.cli.HelpFormatter,0,findWrapPos,985,KILLED,org.apache.commons.cli.HelpFormatterTest.testFindWrapPos(org.apache.commons.cli.HelpFormatterTest)
HelpFormatter.java,org.apache.commons.cli.HelpFormatter,1,findWrapPos,985,KILLED,org.apache.commons.cli.HelpFormatterTest.testFindWrapPos(org.apache.commons.cli.HelpFormatterTest)
HelpFormatter.java,org.apache.commons.cli.HelpFormatter,void,printHelp,469,NO_COVERAGE,none
HelpFormatter.java,org.apache.commons.cli.HelpFormatter,void,printHelp,488,KILLED,org.apache.commons.cli.HelpFormatterTest.testPrintHelpWithEmptySyntax(org.apache.commons.cli.HelpFormatterTest)
HelpFormatter.java,org.apache.commons.cli.HelpFormatter,void,printHelp,515,KILLED,org.apache.commons.cli.HelpFormatterTest.testHelpWithLongOptSeparator(org.apache.commons.cli.HelpFormatterTest)
HelpFormatter.java,org.apache.commons.cli.HelpFormatter,void,printHelp,542,KILLED,org.apache.commons.cli.HelpFormatterTest.testPrintHelpWithEmptySyntax(org.apache.commons.cli.HelpFormatterTest)
HelpFormatter.java,org.apache.commons.cli.HelpFormatter,void,printHelp,436,NO_COVERAGE,none
HelpFormatter.java,org.apache.commons.cli.HelpFormatter,void,printHelp,453,NO_COVERAGE,none
HelpFormatter.java,org.apache.commons.cli.HelpFormatter,void,printHelp,406,KILLED,org.apache.commons.cli.HelpFormatterTest.testPrintHelpWithEmptySyntax(org.apache.commons.cli.HelpFormatterTest)
HelpFormatter.java,org.apache.commons.cli.HelpFormatter,void,printHelp,421,NO_COVERAGE,none
HelpFormatter.java,org.apache.commons.cli.HelpFormatter,void,printOptions,739,KILLED,org.apache.commons.cli.HelpFormatterTest.testIndentedHeaderAndFooter(org.apache.commons.cli.HelpFormatterTest)
HelpFormatter.java,org.apache.commons.cli.HelpFormatter,void,printUsage,719,KILLED,org.apache.commons.cli.HelpFormatterTest.testHelpWithLongOptSeparator(org.apache.commons.cli.HelpFormatterTest)
HelpFormatter.java,org.apache.commons.cli.HelpFormatter,void,printUsage,580,KILLED,org.apache.commons.cli.HelpFormatterTest.testIndentedHeaderAndFooter(org.apache.commons.cli.HelpFormatterTest)
HelpFormatter.java,org.apache.commons.cli.HelpFormatter,void,printWrapped,767,KILLED,org.apache.commons.cli.HelpFormatterTest.testIndentedHeaderAndFooter(org.apache.commons.cli.HelpFormatterTest)
HelpFormatter.java,org.apache.commons.cli.HelpFormatter,void,printWrapped,754,KILLED,org.apache.commons.cli.HelpFormatterTest.testIndentedHeaderAndFooter(org.apache.commons.cli.HelpFormatterTest)
HelpFormatter.java,org.apache.commons.cli.HelpFormatter,null,renderOptions,791,KILLED,org.apache.commons.cli.HelpFormatterTest.testPrintOptions(org.apache.commons.cli.HelpFormatterTest)
HelpFormatter.java,org.apache.commons.cli.HelpFormatter,null,renderWrappedText,891,KILLED,org.apache.commons.cli.HelpFormatterTest.testRenderWrappedTextMultiLine(org.apache.commons.cli.HelpFormatterTest)
HelpFormatter.java,org.apache.commons.cli.HelpFormatter,null,renderWrappedTextBlock,944,KILLED,org.apache.commons.cli.HelpFormatterTest.testIndentedHeaderAndFooter(org.apache.commons.cli.HelpFormatterTest)
HelpFormatter.java,org.apache.commons.cli.HelpFormatter,"",rtrim,1048,KILLED,org.apache.commons.cli.HelpFormatterTest.testRenderWrappedTextMultiLine(org.apache.commons.cli.HelpFormatterTest)
HelpFormatter.java,org.apache.commons.cli.HelpFormatter,"A",rtrim,1048,KILLED,org.apache.commons.cli.HelpFormatterTest.testRenderWrappedTextMultiLine(org.apache.commons.cli.HelpFormatterTest)
HelpFormatter.java,org.apache.commons.cli.HelpFormatter,null,rtrim,1048,KILLED,org.apache.commons.cli.HelpFormatterTest.testRenderWrappedTextMultiLine(org.apache.commons.cli.HelpFormatterTest)
Options.java,org.apache.commons.cli.Options,null,addOption,111,NO_COVERAGE,none
Options.java,org.apache.commons.cli.Options,null,addOption,148,KILLED,org.apache.commons.cli.OptionsTest.testDuplicateLong(org.apache.commons.cli.OptionsTest)
Options.java,org.apache.commons.cli.Options,null,addOption,129,KILLED,org.apache.commons.cli.OptionsTest.testDuplicateSimple(org.apache.commons.cli.OptionsTest)
Options.java,org.apache.commons.cli.Options,null,addOption,190,KILLED,org.apache.commons.cli.OptionsTest.testDuplicateLong(org.apache.commons.cli.OptionsTest)
Options.java,org.apache.commons.cli.Options,null,addOptionGroup,68,KILLED,org.apache.commons.cli.OptionsTest.testGetOptionsGroups(org.apache.commons.cli.OptionsTest)
Options.java,org.apache.commons.cli.Options,null,addRequiredOption,176,NO_COVERAGE,none
Options.java,org.apache.commons.cli.Options,null,getMatchingOptions,274,KILLED,org.apache.commons.cli.OptionsTest.testGetMatchingOpts(org.apache.commons.cli.OptionsTest)
Options.java,org.apache.commons.cli.Options,null,getOption,255,KILLED,org.apache.commons.cli.OptionsTest.testDuplicateLong(org.apache.commons.cli.OptionsTest)
Options.java,org.apache.commons.cli.Options,null,getOptionGroup,344,KILLED,org.apache.commons.cli.HelpFormatterTest.testPrintOptionGroupUsage(org.apache.commons.cli.HelpFormatterTest)
Options.java,org.apache.commons.cli.Options,null,getOptionGroups,94,KILLED,org.apache.commons.cli.OptionsTest.testGetOptionsGroups(org.apache.commons.cli.OptionsTest)
Options.java,org.apache.commons.cli.Options,null,getOptions,220,KILLED,org.apache.commons.cli.PatternOptionBuilderTest.testEmptyPattern(org.apache.commons.cli.PatternOptionBuilderTest)
Options.java,org.apache.commons.cli.Options,null,getRequiredOptions,240,KILLED,org.apache.commons.cli.OptionsTest.testMissingOptionException(org.apache.commons.cli.OptionsTest)
Options.java,org.apache.commons.cli.Options,false,hasLongOption,317,KILLED,org.apache.commons.cli.DisablePartialMatchingTest.testDisablePartialMatching(org.apache.commons.cli.DisablePartialMatchingTest)
Options.java,org.apache.commons.cli.Options,true,hasLongOption,317,KILLED,org.apache.commons.cli.bug.BugCLI252Test.testAmbiquousOptionName(org.apache.commons.cli.bug.BugCLI252Test)
Options.java,org.apache.commons.cli.Options,false,hasOption,303,KILLED,org.apache.commons.cli.OptionsTest.testSimple(org.apache.commons.cli.OptionsTest)
Options.java,org.apache.commons.cli.Options,true,hasOption,303,KILLED,org.apache.commons.cli.BasicParserTest.testLongWithUnexpectedArgument1(org.apache.commons.cli.BasicParserTest)
Options.java,org.apache.commons.cli.Options,false,hasShortOption,331,KILLED,org.apache.commons.cli.DefaultParserTest.testMissingArg(org.apache.commons.cli.DefaultParserTest)
Options.java,org.apache.commons.cli.Options,true,hasShortOption,331,KILLED,org.apache.commons.cli.DefaultParserTest.testStopAtNonOptionShort(org.apache.commons.cli.DefaultParserTest)
Options.java,org.apache.commons.cli.Options,null,helpOptions,230,KILLED,org.apache.commons.cli.OptionsTest.testHelpOptions(org.apache.commons.cli.OptionsTest)
TypeHandler.java,org.apache.commons.cli.TypeHandler,null,createClass,172,KILLED,org.apache.commons.cli.TypeHandlerTest.testCreateValueClass(org.apache.commons.cli.TypeHandlerTest)
TypeHandler.java,org.apache.commons.cli.TypeHandler,null,createDate,193,KILLED,org.apache.commons.cli.TypeHandlerTest.testCreateValueDate(org.apache.commons.cli.TypeHandlerTest)
TypeHandler.java,org.apache.commons.cli.TypeHandler,null,createFile,223,KILLED,org.apache.commons.cli.TypeHandlerTest.testCreateValueFile(org.apache.commons.cli.TypeHandlerTest)
TypeHandler.java,org.apache.commons.cli.TypeHandler,empty,createFiles,259,KILLED,org.apache.commons.cli.TypeHandlerTest.testCreateValueFiles(org.apache.commons.cli.TypeHandlerTest)
TypeHandler.java,org.apache.commons.cli.TypeHandler,null,createFiles,259,KILLED,org.apache.commons.cli.TypeHandlerTest.testCreateValueFiles(org.apache.commons.cli.TypeHandlerTest)
TypeHandler.java,org.apache.commons.cli.TypeHandler,null,createNumber,149,KILLED,org.apache.commons.cli.TypeHandlerTest.testCreateValueNumber_Double(org.apache.commons.cli.TypeHandlerTest)
TypeHandler.java,org.apache.commons.cli.TypeHandler,null,createObject,120,KILLED,org.apache.commons.cli.TypeHandlerTest.testCreateValueObject_InstantiableClass(org.apache.commons.cli.TypeHandlerTest)
TypeHandler.java,org.apache.commons.cli.TypeHandler,null,createURL,207,KILLED,org.apache.commons.cli.TypeHandlerTest.testCreateValueURL_malformed(org.apache.commons.cli.TypeHandlerTest)
TypeHandler.java,org.apache.commons.cli.TypeHandler,null,createValue,65,KILLED,org.apache.commons.cli.TypeHandlerTest.testCreateValueClass(org.apache.commons.cli.TypeHandlerTest)
TypeHandler.java,org.apache.commons.cli.TypeHandler,null,createValue,49,KILLED,org.apache.commons.cli.CommandLineTest.testGetParsedOptionValue(org.apache.commons.cli.CommandLineTest)
TypeHandler.java,org.apache.commons.cli.TypeHandler,null,openFile,237,KILLED,org.apache.commons.cli.TypeHandlerTest.testCreateValueExistingFile(org.apache.commons.cli.TypeHandlerTest)
Option.java,org.apache.commons.cli.Option$Builder,null,build,1005,KILLED,org.apache.commons.cli.OptionTest.testBuilderInsufficientParams1(org.apache.commons.cli.OptionTest)
Option.java,org.apache.commons.cli.Option$Builder,null,hasArg,970,KILLED,org.apache.commons.cli.bug.BugCLI266Test.testOptionComparatorInsertedOrder(org.apache.commons.cli.bug.BugCLI266Test)
Option.java,org.apache.commons.cli.Option$Builder,null,hasArg,982,KILLED,org.apache.commons.cli.OptionTest.testBuilderMethods(org.apache.commons.cli.OptionTest)
Option.java,org.apache.commons.cli.Option$Builder,null,hasArgs,993,NO_COVERAGE,none
Option.java,org.apache.commons.cli.Option$Builder,null,required,899,KILLED,org.apache.commons.cli.bug.BugCLI266Test.testOptionComparatorInsertedOrder(org.apache.commons.cli.bug.BugCLI266Test)
Option.java,org.apache.commons.cli.Option$Builder,null,valueSeparator,933,KILLED,org.apache.commons.cli.HelpFormatterTest.testOptionWithoutShortFormat2(org.apache.commons.cli.HelpFormatterTest)
Util.java,org.apache.commons.cli.Util,"",stripLeadingAndTrailingQuotes,62,KILLED,org.apache.commons.cli.UtilTest.testStripLeadingAndTrailingQuotes(org.apache.commons.cli.UtilTest)
Util.java,org.apache.commons.cli.Util,"A",stripLeadingAndTrailingQuotes,62,KILLED,org.apache.commons.cli.UtilTest.testStripLeadingAndTrailingQuotes(org.apache.commons.cli.UtilTest)
Util.java,org.apache.commons.cli.Util,null,stripLeadingAndTrailingQuotes,62,KILLED,org.apache.commons.cli.UtilTest.testStripLeadingAndTrailingQuotes(org.apache.commons.cli.UtilTest)
Util.java,org.apache.commons.cli.Util,"",stripLeadingHyphens,35,KILLED,org.apache.commons.cli.UtilTest.testStripLeadingHyphens(org.apache.commons.cli.UtilTest)
Util.java,org.apache.commons.cli.Util,"A",stripLeadingHyphens,35,KILLED,org.apache.commons.cli.UtilTest.testStripLeadingHyphens(org.apache.commons.cli.UtilTest)
Util.java,org.apache.commons.cli.Util,null,stripLeadingHyphens,35,KILLED,org.apache.commons.cli.UtilTest.testStripLeadingHyphens(org.apache.commons.cli.UtilTest)
PatternOptionBuilder.java,org.apache.commons.cli.PatternOptionBuilder,null,getValueClass,96,KILLED,org.apache.commons.cli.PatternOptionBuilderTest.testExistingFilePattern(org.apache.commons.cli.PatternOptionBuilderTest)
PatternOptionBuilder.java,org.apache.commons.cli.PatternOptionBuilder,false,isValueCode,130,KILLED,org.apache.commons.cli.PatternOptionBuilderTest.testRequiredOption(org.apache.commons.cli.PatternOptionBuilderTest)
PatternOptionBuilder.java,org.apache.commons.cli.PatternOptionBuilder,true,isValueCode,130,KILLED,org.apache.commons.cli.PatternOptionBuilderTest.testRequiredOption(org.apache.commons.cli.PatternOptionBuilderTest)
PatternOptionBuilder.java,org.apache.commons.cli.PatternOptionBuilder,null,parsePattern,150,KILLED,org.apache.commons.cli.PatternOptionBuilderTest.testEmptyPattern(org.apache.commons.cli.PatternOptionBuilderTest)
AmbiguousOptionException.java,org.apache.commons.cli.AmbiguousOptionException,"",createMessage,68,SURVIVED,none
AmbiguousOptionException.java,org.apache.commons.cli.AmbiguousOptionException,"A",createMessage,68,SURVIVED,none
AmbiguousOptionException.java,org.apache.commons.cli.AmbiguousOptionException,null,createMessage,68,SURVIVED,none
MissingOptionException.java,org.apache.commons.cli.MissingOptionException,"",createMessage,78,KILLED,org.apache.commons.cli.OptionsTest.testMissingOptionException(org.apache.commons.cli.OptionsTest)
MissingOptionException.java,org.apache.commons.cli.MissingOptionException,"A",createMessage,78,KILLED,org.apache.commons.cli.OptionsTest.testMissingOptionException(org.apache.commons.cli.OptionsTest)
MissingOptionException.java,org.apache.commons.cli.MissingOptionException,null,createMessage,78,KILLED,org.apache.commons.cli.OptionsTest.testMissingOptionException(org.apache.commons.cli.OptionsTest)
OptionValidator.java,org.apache.commons.cli.OptionValidator,false,isValidOpt,85,KILLED,org.apache.commons.cli.CommandLineTest.testGetOptions(org.apache.commons.cli.CommandLineTest)
OptionValidator.java,org.apache.commons.cli.OptionValidator,true,isValidOpt,85,KILLED,org.apache.commons.cli.OptionBuilderTest.testBuilderIsResettedAlways(org.apache.commons.cli.OptionBuilderTest)
OptionValidator.java,org.apache.commons.cli.OptionValidator,void,validateOption,47,KILLED,org.apache.commons.cli.OptionBuilderTest.testBuilderIsResettedAlways(org.apache.commons.cli.OptionBuilderTest)
CommandLine.java,org.apache.commons.cli.CommandLine$Builder,null,addArg,537,KILLED,org.apache.commons.cli.CommandLineTest.testBuilder(org.apache.commons.cli.CommandLineTest)
CommandLine.java,org.apache.commons.cli.CommandLine$Builder,null,addOption,524,KILLED,org.apache.commons.cli.CommandLineTest.testBuilder(org.apache.commons.cli.CommandLineTest)
OptionGroup.java,org.apache.commons.cli.OptionGroup,null,addOption,53,KILLED,org.apache.commons.cli.OptionGroupTest.testGetNames(org.apache.commons.cli.OptionGroupTest)
OptionGroup.java,org.apache.commons.cli.OptionGroup,void,setSelected,86,KILLED,org.apache.commons.cli.OptionGroupTest.testTwoOptionsFromGroup(org.apache.commons.cli.OptionGroupTest)
HelpFormatter.java,org.apache.commons.cli.HelpFormatter$OptionComparator,0,compare,1088,KILLED,org.apache.commons.cli.bug.BugCLI266Test.testOptionComparatorDefaultOrder(org.apache.commons.cli.bug.BugCLI266Test)
HelpFormatter.java,org.apache.commons.cli.HelpFormatter$OptionComparator,1,compare,1088,KILLED,org.apache.commons.cli.bug.BugCLI266Test.testOptionComparatorDefaultOrder(org.apache.commons.cli.bug.BugCLI266Test)
