OptionParser.java,joptsimple.OptionParser,null,_recognizedOptions,383,KILLED,joptsimple.OptionParserRecognizedOptionsTest.parserPreservesTrainingOrder(joptsimple.OptionParserRecognizedOptionsTest)
OptionParser.java,joptsimple.OptionParser,null,accepts,253,KILLED,joptsimple.OptionParserTest.longOptionLeadsWithSingleDashAmbiguousButAShortIsIllegal(joptsimple.OptionParserTest)
OptionParser.java,joptsimple.OptionParser,null,accepts,258,KILLED,joptsimple.OptionParserArgumentExceptionTest.nullOptionToAcceptsWithDescription(joptsimple.OptionParserArgumentExceptionTest)
OptionParser.java,joptsimple.OptionParser,null,acceptsAll,263,KILLED,joptsimple.OptionParserTest.longOptionLeadsWithSingleDashAmbiguousButAShortIsIllegal(joptsimple.OptionParserTest)
OptionParser.java,joptsimple.OptionParser,null,acceptsAll,268,KILLED,joptsimple.OptionParserTest.longOptionLeadsWithSingleDashAmbiguousButAShortIsIllegal(joptsimple.OptionParserTest)
OptionParser.java,joptsimple.OptionParser,void,allowsUnrecognizedOptions,306,KILLED,joptsimple.OptionParserUnrecognizedOptionsAllowedTest.unrecognizedOptionAllowed(joptsimple.OptionParserUnrecognizedOptionsAllowedTest)
OptionParser.java,joptsimple.OptionParser,void,availableIf,585,KILLED,joptsimple.AvailableIfUnlessTest.rejectsCommandLineOnlyContainingForbiddenOptionSynonym(joptsimple.AvailableIfUnlessTest)
OptionParser.java,joptsimple.OptionParser,void,availableIf,589,KILLED,joptsimple.AvailableIfAnyTest.rejectsCommandLineExistingOtherForbiddenOption(joptsimple.AvailableIfAnyTest)
OptionParser.java,joptsimple.OptionParser,void,availableUnless,593,KILLED,joptsimple.AvailableUnlessAnyTest.rejectsCommandLineExistingForbiddenOption(joptsimple.AvailableUnlessAnyTest)
OptionParser.java,joptsimple.OptionParser,void,availableUnless,597,KILLED,joptsimple.AvailableUnlessAnyTest.rejectsCommandLineWithNotAllConditionallyRequiredOptionsPresent(joptsimple.AvailableUnlessAnyTest)
OptionParser.java,joptsimple.OptionParser,void,ensureAllowedOptions,439,KILLED,joptsimple.AvailableIfAnyTest.rejectsCommandLineExistingOtherForbiddenOption(joptsimple.AvailableIfAnyTest)
OptionParser.java,joptsimple.OptionParser,void,ensureRequiredOptions,431,KILLED,joptsimple.OptionParserTest.requiredOptionWithArgMissing(joptsimple.OptionParserTest)
OptionParser.java,joptsimple.OptionParser,empty,extractShortOptionsFrom,631,KILLED,joptsimple.OptionParserTest.longOptionLeadsWithSingleDashAmbiguous(joptsimple.OptionParserTest)
OptionParser.java,joptsimple.OptionParser,null,extractShortOptionsFrom,631,KILLED,joptsimple.OptionParserTest.longOptionLeadsWithSingleDashAmbiguous(joptsimple.OptionParserTest)
OptionParser.java,joptsimple.OptionParser,void,formatHelpWith,362,KILLED,joptsimple.DefaultSettingsOptionParserHelpTest.rejectsNullHelpFormatter(joptsimple.DefaultSettingsOptionParserHelpTest)
OptionParser.java,joptsimple.OptionParser,void,handleLongOptionToken,516,KILLED,joptsimple.OptionParserTest.abbreviationsCanBeDisallowed(joptsimple.OptionParserTest)
OptionParser.java,joptsimple.OptionParser,void,handleNonOptionArgument,553,KILLED,joptsimple.OptionParserTest.disallowsMixingOfOptionsAndNonOptionsUnderPosixlyCorrect(joptsimple.OptionParserTest)
OptionParser.java,joptsimple.OptionParser,void,handleShortOptionCluster,536,KILLED,joptsimple.OptionParserTest.longOptionLeadsWithSingleDashAmbiguous(joptsimple.OptionParserTest)
OptionParser.java,joptsimple.OptionParser,void,handleShortOptionToken,526,KILLED,joptsimple.OptionParserTest.longOptionLeadsWithSingleDashAmbiguous(joptsimple.OptionParserTest)
OptionParser.java,joptsimple.OptionParser,false,isHelpOptionPresent,503,KILLED,joptsimple.OptionParserTest.requiredOptionButHelpOptionPresent(joptsimple.OptionParserTest)
OptionParser.java,joptsimple.OptionParser,true,isHelpOptionPresent,503,KILLED,joptsimple.OptionParserTest.requiredOptionWithArgMissing(joptsimple.OptionParserTest)
OptionParser.java,joptsimple.OptionParser,false,looksLikeAnOption,561,KILLED,joptsimple.ShortOptionsOptionalArgumentTest.optionWithOptionalArgumentThatLooksLikeAnInvalidOption(joptsimple.ShortOptionsOptionalArgumentTest)
OptionParser.java,joptsimple.OptionParser,true,looksLikeAnOption,561,KILLED,joptsimple.OptionParserTest.allowsEmptyStringAsArgumentOfOption(joptsimple.OptionParserTest)
OptionParser.java,joptsimple.OptionParser,null,missingRequiredOptions,447,KILLED,joptsimple.OptionParserTest.parsesLongOptionAsAbbreviatedLongOption(joptsimple.OptionParserTest)
OptionParser.java,joptsimple.OptionParser,void,mutuallyExclusive,422,KILLED,joptsimple.AvailableIfUnlessTest.rejectsEmptyMutualExclusiveness(joptsimple.AvailableIfUnlessTest)
OptionParser.java,joptsimple.OptionParser,void,noMoreOptions,557,KILLED,joptsimple.OptionParserTest.disallowsMixingOfOptionsAndNonOptionsUnderPosixlyCorrect(joptsimple.OptionParserTest)
OptionParser.java,joptsimple.OptionParser,null,nonOptions,278,KILLED,joptsimple.NonOptionArgumentSpecTest.doesNotAcceptArguments(joptsimple.NonOptionArgumentSpecTest)
OptionParser.java,joptsimple.OptionParser,null,nonOptions,287,KILLED,joptsimple.NonOptionArgumentSpecTest.allowsDescriptionOfNonOptionArguments(joptsimple.NonOptionArgumentSpecTest)
OptionParser.java,joptsimple.OptionParser,false,optionsHasAnyOf,494,KILLED,joptsimple.RequiredIfAnyTest.rejectsCommandLineMissingConditionallyRequiredOption(joptsimple.RequiredIfAnyTest)
OptionParser.java,joptsimple.OptionParser,true,optionsHasAnyOf,494,KILLED,joptsimple.AvailableUnlessAnyTest.rejectsCommandLineOnlyForbiddenOption(joptsimple.AvailableUnlessAnyTest)
OptionParser.java,joptsimple.OptionParser,null,parse,400,KILLED,joptsimple.OptionParserTest.abbreviationsCanBeDisallowed(joptsimple.OptionParserTest)
OptionParser.java,joptsimple.OptionParser,null,parseLongOptionWithArgument,650,KILLED,joptsimple.OptionParserTest.abbreviationsCanBeDisallowed(joptsimple.OptionParserTest)
OptionParser.java,joptsimple.OptionParser,null,parseShortOptionWithArgument,654,KILLED,joptsimple.OptionParserTest.longOptionLeadsWithSingleDashAmbiguous(joptsimple.OptionParserTest)
OptionParser.java,joptsimple.OptionParser,void,posixlyCorrect,296,KILLED,joptsimple.OptionParserTest.disallowsMixingOfOptionsAndNonOptionsUnderPosixlyCorrect(joptsimple.OptionParserTest)
OptionParser.java,joptsimple.OptionParser,void,printHelpOn,337,KILLED,joptsimple.DefaultSettingsOptionParserHelpTest.outputStreamFlushedButNotClosedWhenPrintingHelp(joptsimple.DefaultSettingsOptionParserHelpTest)
OptionParser.java,joptsimple.OptionParser,void,printHelpOn,351,KILLED,joptsimple.OptionParserAlternateHelpFormatterTest.asksAlternateFormatterForHelpString(joptsimple.OptionParserAlternateHelpFormatterTest)
OptionParser.java,joptsimple.OptionParser,void,putDependentOption,603,KILLED,joptsimple.RequiredIfAnyTest.rejectsCommandLineMissingConditionallyRequiredOption(joptsimple.RequiredIfAnyTest)
OptionParser.java,joptsimple.OptionParser,void,recognize,322,KILLED,joptsimple.OptionParserTest.abbreviationsCanBeDisallowed(joptsimple.OptionParserTest)
OptionParser.java,joptsimple.OptionParser,void,recognizeAlternativeLongOptions,315,KILLED,joptsimple.WAsAbbreviationForLongOptionTest.recognizeLongOptionsTrumpsLongOptionAbbreviation(joptsimple.WAsAbbreviationForLongOptionTest)
OptionParser.java,joptsimple.OptionParser,null,recognizedOptions,379,KILLED,joptsimple.OptionParserRecognizedOptionsTest.parserPreservesTrainingOrder(joptsimple.OptionParserRecognizedOptionsTest)
OptionParser.java,joptsimple.OptionParser,void,requiredIf,569,KILLED,joptsimple.RequiredIfAnyTest.rejectsCommandLineMissingConditionallyRequiredOption(joptsimple.RequiredIfAnyTest)
OptionParser.java,joptsimple.OptionParser,void,requiredIf,573,KILLED,joptsimple.RequiredIfAnyTest.rejectsCommandLineMissingConditionallyRequiredOption(joptsimple.RequiredIfAnyTest)
OptionParser.java,joptsimple.OptionParser,void,requiredUnless,577,KILLED,joptsimple.RequiredUnlessAnyTest.commandLineMissingConditionallyRequiredOption(joptsimple.RequiredUnlessAnyTest)
OptionParser.java,joptsimple.OptionParser,void,requiredUnless,581,KILLED,joptsimple.RequiredUnlessTest.rejectsCommandLineMissingConditionallyRequiredOption(joptsimple.RequiredUnlessTest)
OptionParser.java,joptsimple.OptionParser,void,reset,627,KILLED,joptsimple.OptionParserTest.resetHappensAfterParsing(joptsimple.OptionParserTest)
OptionParser.java,joptsimple.OptionParser,null,specFor,619,KILLED,joptsimple.OptionParserTest.longOptionLeadsWithSingleDashAmbiguousButShortsAreLegal(joptsimple.OptionParserTest)
OptionParser.java,joptsimple.OptionParser,null,specFor,623,KILLED,joptsimple.OptionParserTest.longOptionLeadsWithSingleDashAmbiguousButAShortIsIllegal(joptsimple.OptionParserTest)
OptionParser.java,joptsimple.OptionParser,null,unavailableOptions,472,KILLED,joptsimple.OptionParserTest.parsesLongOptionAsAbbreviatedLongOption(joptsimple.OptionParserTest)
OptionParser.java,joptsimple.OptionParser,void,validateOptionCharacters,638,KILLED,joptsimple.OptionParserTest.longOptionLeadsWithSingleDashAmbiguous(joptsimple.OptionParserTest)
BuiltinHelpFormatter.java,joptsimple.BuiltinHelpFormatter,void,addHeaders,313,KILLED,joptsimple.BuiltinHelpFormatterTest.testFormatHelpWithDateOptionAndPatternThatContainsDots(joptsimple.BuiltinHelpFormatterTest)
BuiltinHelpFormatter.java,joptsimple.BuiltinHelpFormatter,void,addNonOptionRow,132,KILLED,joptsimple.DefaultSettingsOptionParserHelpTest.showsNonOptionArgumentDescription(joptsimple.DefaultSettingsOptionParserHelpTest)
BuiltinHelpFormatter.java,joptsimple.BuiltinHelpFormatter,void,addNonOptionsDescription,228,KILLED,joptsimple.ConfigurableOptionParserHelpTest.unconfiguredParser(joptsimple.ConfigurableOptionParserHelpTest)
BuiltinHelpFormatter.java,joptsimple.BuiltinHelpFormatter,void,addOptionRow,113,KILLED,joptsimple.ConfigurableOptionParserHelpTest.unconfiguredParser(joptsimple.ConfigurableOptionParserHelpTest)
BuiltinHelpFormatter.java,joptsimple.BuiltinHelpFormatter,void,addOptions,347,KILLED,joptsimple.BuiltinHelpFormatterTest.testFormatHelpWithDateOptionAndPatternThatContainsDots(joptsimple.BuiltinHelpFormatterTest)
BuiltinHelpFormatter.java,joptsimple.BuiltinHelpFormatter,void,addRows,199,KILLED,joptsimple.BuiltinHelpFormatterTest.testFormatHelpWithDateOptionAndPatternThatContainsDots(joptsimple.BuiltinHelpFormatterTest)
BuiltinHelpFormatter.java,joptsimple.BuiltinHelpFormatter,void,appendOptionHelp,488,KILLED,joptsimple.BuiltinHelpFormatterTest.testFormatHelpWithDateOptionAndPatternThatContainsDots(joptsimple.BuiltinHelpFormatterTest)
BuiltinHelpFormatter.java,joptsimple.BuiltinHelpFormatter,void,appendTypeIndicator,515,KILLED,joptsimple.BuiltinHelpFormatterTest.testFormatHelpWithDateOptionAndPatternThatContainsDots(joptsimple.BuiltinHelpFormatterTest)
BuiltinHelpFormatter.java,joptsimple.BuiltinHelpFormatter,"",createDefaultValuesDisplay,577,KILLED,joptsimple.ConfigurableOptionParserHelpTest.includesDefaultValueForRequiredOptionArgument(joptsimple.ConfigurableOptionParserHelpTest)
BuiltinHelpFormatter.java,joptsimple.BuiltinHelpFormatter,"A",createDefaultValuesDisplay,577,KILLED,joptsimple.ConfigurableOptionParserHelpTest.includesDefaultValueForRequiredOptionArgument(joptsimple.ConfigurableOptionParserHelpTest)
BuiltinHelpFormatter.java,joptsimple.BuiltinHelpFormatter,null,createDefaultValuesDisplay,577,KILLED,joptsimple.ConfigurableOptionParserHelpTest.includesDefaultValueForRequiredOptionArgument(joptsimple.ConfigurableOptionParserHelpTest)
BuiltinHelpFormatter.java,joptsimple.BuiltinHelpFormatter,"",createDescriptionDisplay,550,KILLED,joptsimple.ConfigurableOptionParserHelpTest.leavesEmbeddedNewlinesInDescriptionsAlone(joptsimple.ConfigurableOptionParserHelpTest)
BuiltinHelpFormatter.java,joptsimple.BuiltinHelpFormatter,"A",createDescriptionDisplay,550,KILLED,joptsimple.BuiltinHelpFormatterTest.testFormatHelpWithDateOptionAndPatternThatContainsDots(joptsimple.BuiltinHelpFormatterTest)
BuiltinHelpFormatter.java,joptsimple.BuiltinHelpFormatter,null,createDescriptionDisplay,550,KILLED,joptsimple.BuiltinHelpFormatterTest.testFormatHelpWithDateOptionAndPatternThatContainsDots(joptsimple.BuiltinHelpFormatterTest)
BuiltinHelpFormatter.java,joptsimple.BuiltinHelpFormatter,"",createNonOptionArgumentsDisplay,263,KILLED,joptsimple.DefaultSettingsOptionParserHelpTest.showsNonOptionArgumentDescription(joptsimple.DefaultSettingsOptionParserHelpTest)
BuiltinHelpFormatter.java,joptsimple.BuiltinHelpFormatter,"A",createNonOptionArgumentsDisplay,263,KILLED,joptsimple.DefaultSettingsOptionParserHelpTest.showsNonOptionArgumentDescription(joptsimple.DefaultSettingsOptionParserHelpTest)
BuiltinHelpFormatter.java,joptsimple.BuiltinHelpFormatter,null,createNonOptionArgumentsDisplay,263,KILLED,joptsimple.DefaultSettingsOptionParserHelpTest.showsNonOptionArgumentDescription(joptsimple.DefaultSettingsOptionParserHelpTest)
BuiltinHelpFormatter.java,joptsimple.BuiltinHelpFormatter,"",createOptionDisplay,372,KILLED,joptsimple.BuiltinHelpFormatterTest.testFormatHelpWithDateOptionAndPatternThatContainsDots(joptsimple.BuiltinHelpFormatterTest)
BuiltinHelpFormatter.java,joptsimple.BuiltinHelpFormatter,"A",createOptionDisplay,372,KILLED,joptsimple.BuiltinHelpFormatterTest.testFormatHelpWithDateOptionAndPatternThatContainsDots(joptsimple.BuiltinHelpFormatterTest)
BuiltinHelpFormatter.java,joptsimple.BuiltinHelpFormatter,null,createOptionDisplay,372,KILLED,joptsimple.BuiltinHelpFormatterTest.testFormatHelpWithDateOptionAndPatternThatContainsDots(joptsimple.BuiltinHelpFormatterTest)
BuiltinHelpFormatter.java,joptsimple.BuiltinHelpFormatter,"",extractTypeIndicator,441,KILLED,joptsimple.BuiltinHelpFormatterTest.testFormatHelpWithDateOptionAndPatternThatContainsDots(joptsimple.BuiltinHelpFormatterTest)
BuiltinHelpFormatter.java,joptsimple.BuiltinHelpFormatter,"A",extractTypeIndicator,441,KILLED,joptsimple.BuiltinHelpFormatterTest.testFormatHelpWithDateOptionAndPatternThatContainsDots(joptsimple.BuiltinHelpFormatterTest)
BuiltinHelpFormatter.java,joptsimple.BuiltinHelpFormatter,null,extractTypeIndicator,441,KILLED,joptsimple.BuiltinHelpFormatterTest.testFormatHelpWithDateOptionAndPatternThatContainsDots(joptsimple.BuiltinHelpFormatterTest)
BuiltinHelpFormatter.java,joptsimple.BuiltinHelpFormatter,null,findAndRemoveNonOptionsSpec,292,KILLED,joptsimple.BuiltinHelpFormatterTest.testFormatHelpWithDateOptionAndPatternThatContainsDots(joptsimple.BuiltinHelpFormatterTest)
BuiltinHelpFormatter.java,joptsimple.BuiltinHelpFormatter,void,fitRowsToWidth,139,KILLED,joptsimple.DefaultSettingsOptionParserHelpTest.showsNonOptionArgumentDescription(joptsimple.DefaultSettingsOptionParserHelpTest)
BuiltinHelpFormatter.java,joptsimple.BuiltinHelpFormatter,"",format,92,KILLED,joptsimple.BuiltinHelpFormatterTest.testFormatHelpWithDateOptionAndPatternThatContainsDots(joptsimple.BuiltinHelpFormatterTest)
BuiltinHelpFormatter.java,joptsimple.BuiltinHelpFormatter,"A",format,92,KILLED,joptsimple.BuiltinHelpFormatterTest.testFormatHelpWithDateOptionAndPatternThatContainsDots(joptsimple.BuiltinHelpFormatterTest)
BuiltinHelpFormatter.java,joptsimple.BuiltinHelpFormatter,null,format,92,KILLED,joptsimple.BuiltinHelpFormatterTest.testFormatHelpWithDateOptionAndPatternThatContainsDots(joptsimple.BuiltinHelpFormatterTest)
BuiltinHelpFormatter.java,joptsimple.BuiltinHelpFormatter,"",formattedHelpOutput,174,KILLED,joptsimple.BuiltinHelpFormatterTest.testFormatHelpWithDateOptionAndPatternThatContainsDots(joptsimple.BuiltinHelpFormatterTest)
BuiltinHelpFormatter.java,joptsimple.BuiltinHelpFormatter,"A",formattedHelpOutput,174,KILLED,joptsimple.BuiltinHelpFormatterTest.testFormatHelpWithDateOptionAndPatternThatContainsDots(joptsimple.BuiltinHelpFormatterTest)
BuiltinHelpFormatter.java,joptsimple.BuiltinHelpFormatter,null,formattedHelpOutput,174,KILLED,joptsimple.BuiltinHelpFormatterTest.testFormatHelpWithDateOptionAndPatternThatContainsDots(joptsimple.BuiltinHelpFormatterTest)
BuiltinHelpFormatter.java,joptsimple.BuiltinHelpFormatter,false,hasRequiredOption,329,KILLED,joptsimple.ConfigurableOptionParserHelpTest.marksRequiredOptionsSpecially(joptsimple.ConfigurableOptionParserHelpTest)
BuiltinHelpFormatter.java,joptsimple.BuiltinHelpFormatter,true,hasRequiredOption,329,KILLED,joptsimple.BuiltinHelpFormatterTest.testFormatHelpWithDateOptionAndPatternThatContainsDots(joptsimple.BuiltinHelpFormatterTest)
BuiltinHelpFormatter.java,joptsimple.BuiltinHelpFormatter,false,isDateOption,461,KILLED,joptsimple.BuiltinHelpFormatterTest.testFormatHelpWithDateOptionAndPatternThatContainsDots(joptsimple.BuiltinHelpFormatterTest)
BuiltinHelpFormatter.java,joptsimple.BuiltinHelpFormatter,true,isDateOption,461,KILLED,joptsimple.DefaultSettingsOptionParserHelpTest.showsNonOptionArgumentType(joptsimple.DefaultSettingsOptionParserHelpTest)
BuiltinHelpFormatter.java,joptsimple.BuiltinHelpFormatter,void,maybeAppendNonOptionsDescription,281,KILLED,joptsimple.DefaultSettingsOptionParserHelpTest.showsNonOptionArgumentDescription(joptsimple.DefaultSettingsOptionParserHelpTest)
BuiltinHelpFormatter.java,joptsimple.BuiltinHelpFormatter,void,maybeAppendOptionInfo,416,KILLED,joptsimple.BuiltinHelpFormatterTest.testFormatHelpWithDateOptionAndPatternThatContainsDots(joptsimple.BuiltinHelpFormatterTest)
BuiltinHelpFormatter.java,joptsimple.BuiltinHelpFormatter,"",message,593,KILLED,joptsimple.BuiltinHelpFormatterTest.testFormatHelpWithDateOptionAndPatternThatContainsDots(joptsimple.BuiltinHelpFormatterTest)
BuiltinHelpFormatter.java,joptsimple.BuiltinHelpFormatter,"A",message,593,KILLED,joptsimple.BuiltinHelpFormatterTest.testFormatHelpWithDateOptionAndPatternThatContainsDots(joptsimple.BuiltinHelpFormatterTest)
BuiltinHelpFormatter.java,joptsimple.BuiltinHelpFormatter,null,message,593,KILLED,joptsimple.BuiltinHelpFormatterTest.testFormatHelpWithDateOptionAndPatternThatContainsDots(joptsimple.BuiltinHelpFormatterTest)
BuiltinHelpFormatter.java,joptsimple.BuiltinHelpFormatter,"",optionLeader,398,KILLED,joptsimple.BuiltinHelpFormatterTest.testFormatHelpWithDateOptionAndPatternThatContainsDots(joptsimple.BuiltinHelpFormatterTest)
BuiltinHelpFormatter.java,joptsimple.BuiltinHelpFormatter,"A",optionLeader,398,KILLED,joptsimple.BuiltinHelpFormatterTest.testFormatHelpWithDateOptionAndPatternThatContainsDots(joptsimple.BuiltinHelpFormatterTest)
BuiltinHelpFormatter.java,joptsimple.BuiltinHelpFormatter,null,optionLeader,398,KILLED,joptsimple.BuiltinHelpFormatterTest.testFormatHelpWithDateOptionAndPatternThatContainsDots(joptsimple.BuiltinHelpFormatterTest)
BuiltinHelpFormatter.java,joptsimple.BuiltinHelpFormatter,false,shouldShowNonOptionArgumentDisplay,246,KILLED,joptsimple.DefaultSettingsOptionParserHelpTest.showsNonOptionArgumentDescription(joptsimple.DefaultSettingsOptionParserHelpTest)
BuiltinHelpFormatter.java,joptsimple.BuiltinHelpFormatter,true,shouldShowNonOptionArgumentDisplay,246,KILLED,joptsimple.BuiltinHelpFormatterTest.testFormatHelpWithDateOptionAndPatternThatContainsDots(joptsimple.BuiltinHelpFormatterTest)
OptionSet.java,joptsimple.OptionSet,void,add,316,KILLED,joptsimple.EmptyOptionSetTest.hasOptions(joptsimple.EmptyOptionSetTest)
OptionSet.java,joptsimple.OptionSet,void,addWithArgument,320,KILLED,joptsimple.EmptyOptionSetTest.hasOptions(joptsimple.EmptyOptionSetTest)
OptionSet.java,joptsimple.OptionSet,null,asMap,297,KILLED,joptsimple.OptionSetAsMapTest.gives(joptsimple.OptionSetAsMapTest)
OptionSet.java,joptsimple.OptionSet,null,defaultValueFor,366,KILLED,joptsimple.PopulatedOptionSetTest.valueOf(joptsimple.PopulatedOptionSetTest)
OptionSet.java,joptsimple.OptionSet,null,defaultValues,370,KILLED,joptsimple.EmptyOptionSetTest.valueOf(joptsimple.EmptyOptionSetTest)
OptionSet.java,joptsimple.OptionSet,null,defaultValuesFor,359,KILLED,joptsimple.EmptyOptionSetTest.valueOf(joptsimple.EmptyOptionSetTest)
OptionSet.java,joptsimple.OptionSet,false,equals,338,KILLED,joptsimple.OptionSetEqualsHashCodeTest.equalsShouldBeReflexive(joptsimple.OptionSetEqualsHashCodeTest)
OptionSet.java,joptsimple.OptionSet,true,equals,338,KILLED,joptsimple.OptionSetEqualsHashCodeTest.shouldNotBeEqualToJavaLangObject(joptsimple.OptionSetEqualsHashCodeTest)
OptionSet.java,joptsimple.OptionSet,false,hasArgument,106,KILLED,joptsimple.PopulatedOptionSetTest.hasArgument(joptsimple.PopulatedOptionSetTest)
OptionSet.java,joptsimple.OptionSet,true,hasArgument,106,KILLED,joptsimple.EmptyOptionSetTest.hasArgument(joptsimple.EmptyOptionSetTest)
OptionSet.java,joptsimple.OptionSet,false,hasArgument,125,KILLED,joptsimple.PopulatedOptionSetTest.hasArgument(joptsimple.PopulatedOptionSetTest)
OptionSet.java,joptsimple.OptionSet,true,hasArgument,125,KILLED,joptsimple.PopulatedOptionSetTest.hasArgument(joptsimple.PopulatedOptionSetTest)
OptionSet.java,joptsimple.OptionSet,false,hasOptions,67,KILLED,joptsimple.PopulatedOptionSetTest.hasOptions(joptsimple.PopulatedOptionSetTest)
OptionSet.java,joptsimple.OptionSet,true,hasOptions,67,KILLED,joptsimple.EmptyOptionSetTest.hasOptions(joptsimple.EmptyOptionSetTest)
OptionSet.java,joptsimple.OptionSet,null,nonOptionArguments,311,KILLED,joptsimple.OptionSetNonOptionArgumentsImmutabilityTest.shouldPreventAdd(joptsimple.OptionSetNonOptionArgumentsImmutabilityTest)
OptionSet.java,joptsimple.OptionSet,null,specs,271,KILLED,joptsimple.OptionSetSpecsImmutabilityTest.shouldPreventAdd(joptsimple.OptionSetSpecsImmutabilityTest)
OptionSet.java,joptsimple.OptionSet,null,specsWithNonOptions,285,KILLED,joptsimple.NonOptionArgumentSpecTest.specsCorrespondingToNonOptions(joptsimple.NonOptionArgumentSpecTest)
OptionSet.java,joptsimple.OptionSet,null,valueOf,146,KILLED,joptsimple.EmptyOptionSetTest.valueOfWithNullString(joptsimple.EmptyOptionSetTest)
OptionSet.java,joptsimple.OptionSet,null,valueOf,189,KILLED,joptsimple.EmptyOptionSetTest.valueOfOptionalWithNullOptionSpec(joptsimple.EmptyOptionSetTest)
OptionSet.java,joptsimple.OptionSet,null,valueOfOptional,172,KILLED,joptsimple.EmptyOptionSetTest.valueOfOptional(joptsimple.EmptyOptionSetTest)
OptionSet.java,joptsimple.OptionSet,null,valueOfOptional,215,KILLED,joptsimple.EmptyOptionSetTest.valueOfOptionalWithNullOptionSpec(joptsimple.EmptyOptionSetTest)
OptionSet.java,joptsimple.OptionSet,null,valuesOf,228,KILLED,joptsimple.EmptyOptionSetTest.valuesOf(joptsimple.EmptyOptionSetTest)
OptionSet.java,joptsimple.OptionSet,null,valuesOf,249,KILLED,joptsimple.EmptyOptionSetTest.valuesOfWithNullOptionSpec(joptsimple.EmptyOptionSetTest)
ArgumentAcceptingOptionSpec.java,joptsimple.ArgumentAcceptingOptionSpec,void,addArguments,265,KILLED,joptsimple.LongOptionOptionalArgumentTest.argumentTogether(joptsimple.LongOptionOptionalArgumentTest)
ArgumentAcceptingOptionSpec.java,joptsimple.ArgumentAcceptingOptionSpec,void,addDefaultValue,250,KILLED,joptsimple.ArgumentAcceptingOptionSpecTest.rejectsNullInDefaultValueRemainder(joptsimple.ArgumentAcceptingOptionSpecTest)
ArgumentAcceptingOptionSpec.java,joptsimple.ArgumentAcceptingOptionSpec,null,argumentConverter,325,KILLED,joptsimple.BuiltinHelpFormatterTest.testFormatHelpWithDateOptionAndPatternThatContainsDots(joptsimple.BuiltinHelpFormatterTest)
ArgumentAcceptingOptionSpec.java,joptsimple.ArgumentAcceptingOptionSpec,"",argumentTypeIndicator,315,KILLED,joptsimple.BuiltinHelpFormatterTest.testFormatHelpWithDateOptionAndPatternThatContainsDots(joptsimple.BuiltinHelpFormatterTest)
ArgumentAcceptingOptionSpec.java,joptsimple.ArgumentAcceptingOptionSpec,"A",argumentTypeIndicator,315,KILLED,joptsimple.BuiltinHelpFormatterTest.testFormatHelpWithDateOptionAndPatternThatContainsDots(joptsimple.BuiltinHelpFormatterTest)
ArgumentAcceptingOptionSpec.java,joptsimple.ArgumentAcceptingOptionSpec,null,argumentTypeIndicator,315,KILLED,joptsimple.BuiltinHelpFormatterTest.testFormatHelpWithDateOptionAndPatternThatContainsDots(joptsimple.BuiltinHelpFormatterTest)
ArgumentAcceptingOptionSpec.java,joptsimple.ArgumentAcceptingOptionSpec,false,canConvertArgument,283,KILLED,joptsimple.LongOptionOptionalArgumentTest.argumentSeparate(joptsimple.LongOptionOptionalArgumentTest)
ArgumentAcceptingOptionSpec.java,joptsimple.ArgumentAcceptingOptionSpec,true,canConvertArgument,283,KILLED,joptsimple.Issue76Test.suppliedExample(joptsimple.Issue76Test)
ArgumentAcceptingOptionSpec.java,joptsimple.ArgumentAcceptingOptionSpec,null,convert,279,KILLED,joptsimple.ArgumentAcceptingOptionSpecTest.optionalArgOfValueTypeBasedOnCtor(joptsimple.ArgumentAcceptingOptionSpecTest)
ArgumentAcceptingOptionSpec.java,joptsimple.ArgumentAcceptingOptionSpec,null,defaultValues,320,KILLED,joptsimple.ArgumentAcceptingOptionSpecDefaultValuesImmutabilityTest.shouldPreventAddAll(joptsimple.ArgumentAcceptingOptionSpecDefaultValuesImmutabilityTest)
ArgumentAcceptingOptionSpec.java,joptsimple.ArgumentAcceptingOptionSpec,null,defaultsTo,212,KILLED,joptsimple.ArgumentAcceptingOptionSpecTest.rejectsNullDefaultValueRemainder(joptsimple.ArgumentAcceptingOptionSpecTest)
ArgumentAcceptingOptionSpec.java,joptsimple.ArgumentAcceptingOptionSpec,null,defaultsTo,226,KILLED,joptsimple.ArgumentAcceptingOptionSpecTest.rejectsNullDefaultValue(joptsimple.ArgumentAcceptingOptionSpecTest)
ArgumentAcceptingOptionSpec.java,joptsimple.ArgumentAcceptingOptionSpec,false,equals,330,KILLED,joptsimple.OptionalArgumentOptionSpecTest.equalsShouldBeReflexive(joptsimple.OptionalArgumentOptionSpecTest)
ArgumentAcceptingOptionSpec.java,joptsimple.ArgumentAcceptingOptionSpec,true,equals,330,KILLED,joptsimple.OptionalArgumentOptionSpecTest.shouldNotBeEqualToNull(joptsimple.OptionalArgumentOptionSpecTest)
ArgumentAcceptingOptionSpec.java,joptsimple.ArgumentAcceptingOptionSpec,void,handleOption,258,KILLED,joptsimple.ShortOptionsRequiredArgumentTest.argumentNotPresent(joptsimple.ShortOptionsRequiredArgumentTest)
ArgumentAcceptingOptionSpec.java,joptsimple.ArgumentAcceptingOptionSpec,false,isArgumentOfNumberType,295,KILLED,joptsimple.OptionParserNewDeclarationTest.byteArgumentType(joptsimple.OptionParserNewDeclarationTest)
ArgumentAcceptingOptionSpec.java,joptsimple.ArgumentAcceptingOptionSpec,true,isArgumentOfNumberType,295,KILLED,joptsimple.ShortOptionsOptionalArgumentTest.optionWithOptionalArgumentThatLooksLikeAnInvalidOption(joptsimple.ShortOptionsOptionalArgumentTest)
ArgumentAcceptingOptionSpec.java,joptsimple.ArgumentAcceptingOptionSpec,null,ofType,107,KILLED,joptsimple.ArgumentAcceptingOptionSpecTest.requiredArgOfNullType(joptsimple.ArgumentAcceptingOptionSpecTest)
ArgumentAcceptingOptionSpec.java,joptsimple.ArgumentAcceptingOptionSpec,null,required,240,KILLED,joptsimple.OptionParserTest.requiredOptionWithArgMissing(joptsimple.OptionParserTest)
ArgumentAcceptingOptionSpec.java,joptsimple.ArgumentAcceptingOptionSpec,null,withValuesConvertedBy,124,KILLED,joptsimple.ArgumentAcceptingOptionSpecTest.rejectsNullConverter(joptsimple.ArgumentAcceptingOptionSpecTest)
ArgumentAcceptingOptionSpec.java,joptsimple.ArgumentAcceptingOptionSpec,null,withValuesSeparatedBy,165,KILLED,joptsimple.ArgumentAcceptingOptionSpecTest.rejectsUnicodeZeroAsCharValueSeparatorForOptionalArgument(joptsimple.ArgumentAcceptingOptionSpecTest)
ArgumentAcceptingOptionSpec.java,joptsimple.ArgumentAcceptingOptionSpec,null,withValuesSeparatedBy,194,KILLED,joptsimple.ArgumentAcceptingOptionSpecTest.rejectsUnicodeZeroInStringValueSeparatorForRequiredArgument(joptsimple.ArgumentAcceptingOptionSpecTest)
OptionException.java,joptsimple.OptionException,"",formattedMessage,126,KILLED,joptsimple.OptionExceptionLocalizedMessageTest.givesCorrectExceptionMessage[1](joptsimple.OptionExceptionLocalizedMessageTest)
OptionException.java,joptsimple.OptionException,"A",formattedMessage,126,KILLED,joptsimple.OptionExceptionLocalizedMessageTest.givesCorrectExceptionMessage[1](joptsimple.OptionExceptionLocalizedMessageTest)
OptionException.java,joptsimple.OptionException,null,formattedMessage,126,KILLED,joptsimple.OptionExceptionLocalizedMessageTest.givesCorrectExceptionMessage[1](joptsimple.OptionExceptionLocalizedMessageTest)
OptionException.java,joptsimple.OptionException,"",getLocalizedMessage,118,KILLED,joptsimple.OptionExceptionMessageTest.givesCorrectExceptionMessage[4](joptsimple.OptionExceptionMessageTest)
OptionException.java,joptsimple.OptionException,"A",getLocalizedMessage,118,KILLED,joptsimple.OptionExceptionMessageTest.givesCorrectExceptionMessage[4](joptsimple.OptionExceptionMessageTest)
OptionException.java,joptsimple.OptionException,null,getLocalizedMessage,118,KILLED,joptsimple.OptionExceptionMessageTest.givesCorrectExceptionMessage[4](joptsimple.OptionExceptionMessageTest)
OptionException.java,joptsimple.OptionException,"",getMessage,113,KILLED,joptsimple.OptionExceptionMessageTest.givesCorrectExceptionMessage[4](joptsimple.OptionExceptionMessageTest)
OptionException.java,joptsimple.OptionException,"A",getMessage,113,KILLED,joptsimple.OptionExceptionMessageTest.givesCorrectExceptionMessage[4](joptsimple.OptionExceptionMessageTest)
OptionException.java,joptsimple.OptionException,null,getMessage,113,KILLED,joptsimple.OptionExceptionMessageTest.givesCorrectExceptionMessage[4](joptsimple.OptionExceptionMessageTest)
OptionException.java,joptsimple.OptionException,"",multipleOptionString,93,KILLED,joptsimple.OptionExceptionMessageTest.givesEnglishMessageWhenLocaleIsNotEnglish[5](joptsimple.OptionExceptionMessageTest)
OptionException.java,joptsimple.OptionException,"A",multipleOptionString,93,KILLED,joptsimple.OptionExceptionMessageTest.givesEnglishMessageWhenLocaleIsNotEnglish[5](joptsimple.OptionExceptionMessageTest)
OptionException.java,joptsimple.OptionException,null,multipleOptionString,93,KILLED,joptsimple.OptionExceptionMessageTest.givesEnglishMessageWhenLocaleIsNotEnglish[5](joptsimple.OptionExceptionMessageTest)
OptionException.java,joptsimple.OptionException,null,options,81,KILLED,joptsimple.OptionExceptionOptionsImmutabilityTest.shouldPreventAdd(joptsimple.OptionExceptionOptionsImmutabilityTest)
OptionException.java,joptsimple.OptionException,"",singleOptionString,85,KILLED,joptsimple.OptionExceptionMessageTest.givesCorrectExceptionMessage[4](joptsimple.OptionExceptionMessageTest)
OptionException.java,joptsimple.OptionException,"A",singleOptionString,85,KILLED,joptsimple.OptionExceptionMessageTest.givesCorrectExceptionMessage[4](joptsimple.OptionExceptionMessageTest)
OptionException.java,joptsimple.OptionException,null,singleOptionString,85,KILLED,joptsimple.OptionExceptionMessageTest.givesCorrectExceptionMessage[4](joptsimple.OptionExceptionMessageTest)
OptionException.java,joptsimple.OptionException,"",specToString,72,KILLED,joptsimple.OptionExceptionMessageTest.givesEnglishMessageWhenLocaleIsNotEnglish[5](joptsimple.OptionExceptionMessageTest)
OptionException.java,joptsimple.OptionException,"A",specToString,72,KILLED,joptsimple.OptionExceptionMessageTest.givesEnglishMessageWhenLocaleIsNotEnglish[5](joptsimple.OptionExceptionMessageTest)
OptionException.java,joptsimple.OptionException,null,specToString,72,KILLED,joptsimple.OptionExceptionMessageTest.givesEnglishMessageWhenLocaleIsNotEnglish[5](joptsimple.OptionExceptionMessageTest)
OptionException.java,joptsimple.OptionException,null,specsToStrings,65,KILLED,joptsimple.ToStringTest.givesUsefulStringRepresentations[2](joptsimple.ToStringTest)
OptionException.java,joptsimple.OptionException,null,unrecognizedOption,108,KILLED,joptsimple.OptionParserOptionExceptionTest.tooManyHyphens(joptsimple.OptionParserOptionExceptionTest)
AbbreviationMap.java,joptsimple.internal.AbbreviationMap,false,add,139,KILLED,joptsimple.internal.AbbreviationMapTest.addKeysWithCommonPrefixThenRemoveNonExistentKeyWithCommonPrefix(joptsimple.internal.AbbreviationMapTest)
AbbreviationMap.java,joptsimple.internal.AbbreviationMap,true,add,139,KILLED,joptsimple.internal.AbbreviationMapTest.addKeysWithCommonPrefixThenRemoveNonExistentKeyWithCommonPrefix(joptsimple.internal.AbbreviationMapTest)
AbbreviationMap.java,joptsimple.internal.AbbreviationMap,void,addToMappings,230,KILLED,joptsimple.internal.AbbreviationMapToJavaUtilMapTest.addKeysWithCommonPrefixesStairstepStyle(joptsimple.internal.AbbreviationMapToJavaUtilMapTest)
AbbreviationMap.java,joptsimple.internal.AbbreviationMap,empty,charsOf,238,KILLED,joptsimple.internal.AbbreviationMapTest.nullKeysAreIllegalToCheckForContains(joptsimple.internal.AbbreviationMapTest)
AbbreviationMap.java,joptsimple.internal.AbbreviationMap,null,charsOf,238,KILLED,joptsimple.internal.AbbreviationMapTest.empty(joptsimple.internal.AbbreviationMapTest)
AbbreviationMap.java,joptsimple.internal.AbbreviationMap,false,contains,77,KILLED,joptsimple.internal.AbbreviationMapTest.nullKeysAreIllegalToCheckForContains(joptsimple.internal.AbbreviationMapTest)
AbbreviationMap.java,joptsimple.internal.AbbreviationMap,true,contains,77,KILLED,joptsimple.internal.AbbreviationMapTest.nullKeysAreIllegalToCheckForContains(joptsimple.internal.AbbreviationMapTest)
AbbreviationMap.java,joptsimple.internal.AbbreviationMap,null,get,91,KILLED,joptsimple.internal.AbbreviationMapTest.nullKeysAreIllegalToCheckForContains(joptsimple.internal.AbbreviationMapTest)
AbbreviationMap.java,joptsimple.internal.AbbreviationMap,void,put,114,KILLED,joptsimple.internal.AbbreviationMapTest.nullKeysAreIllegalToAdd(joptsimple.internal.AbbreviationMapTest)
AbbreviationMap.java,joptsimple.internal.AbbreviationMap,void,putAll,134,KILLED,joptsimple.OptionParserOptionExceptionTest.tooManyHyphens(joptsimple.OptionParserOptionExceptionTest)
AbbreviationMap.java,joptsimple.internal.AbbreviationMap,void,remove,173,KILLED,joptsimple.internal.AbbreviationMapTest.nullKeysAreIllegalToRemove(joptsimple.internal.AbbreviationMapTest)
AbbreviationMap.java,joptsimple.internal.AbbreviationMap,false,remove,181,KILLED,joptsimple.internal.AbbreviationMapTest.multipleKeysWithCommonPrefix(joptsimple.internal.AbbreviationMapTest)
AbbreviationMap.java,joptsimple.internal.AbbreviationMap,true,remove,181,KILLED,joptsimple.internal.AbbreviationMapTest.multipleKeysWithCommonPrefix(joptsimple.internal.AbbreviationMapTest)
AbbreviationMap.java,joptsimple.internal.AbbreviationMap,false,removeAtEndOfKey,205,KILLED,joptsimple.internal.AbbreviationMapTest.multipleKeysWithCommonPrefix(joptsimple.internal.AbbreviationMapTest)
AbbreviationMap.java,joptsimple.internal.AbbreviationMap,true,removeAtEndOfKey,205,KILLED,joptsimple.internal.AbbreviationMapTest.cannotRemoveByUniqueAbbreviation(joptsimple.internal.AbbreviationMapTest)
AbbreviationMap.java,joptsimple.internal.AbbreviationMap,void,setValueToThatOfOnlyChild,199,KILLED,joptsimple.internal.AbbreviationMapTest.multipleKeysWithCommonPrefix(joptsimple.internal.AbbreviationMapTest)
AbbreviationMap.java,joptsimple.internal.AbbreviationMap,null,toJavaUtilMap,224,KILLED,joptsimple.internal.AbbreviationMapToJavaUtilMapTest.empty(joptsimple.internal.AbbreviationMapToJavaUtilMapTest)
Rows.java,joptsimple.internal.Rows,void,add,52,KILLED,joptsimple.internal.RowsTest.someDescriptionsExceedOverallWidth(joptsimple.internal.RowsTest)
Rows.java,joptsimple.internal.Rows,void,add,56,KILLED,joptsimple.internal.RowsTest.someDescriptionsExceedOverallWidth(joptsimple.internal.RowsTest)
Rows.java,joptsimple.internal.Rows,0,descriptionWidth,96,KILLED,joptsimple.internal.RowsTest.someDescriptionsExceedOverallWidth(joptsimple.internal.RowsTest)
Rows.java,joptsimple.internal.Rows,1,descriptionWidth,96,KILLED,joptsimple.internal.RowsTest.someDescriptionsExceedOverallWidth(joptsimple.internal.RowsTest)
Rows.java,joptsimple.internal.Rows,void,fitToWidth,68,KILLED,joptsimple.internal.RowsTest.someDescriptionsExceedOverallWidth(joptsimple.internal.RowsTest)
Rows.java,joptsimple.internal.Rows,0,optionWidth,92,KILLED,joptsimple.internal.RowsTest.someDescriptionsExceedOverallWidth(joptsimple.internal.RowsTest)
Rows.java,joptsimple.internal.Rows,1,optionWidth,92,KILLED,joptsimple.internal.RowsTest.someDescriptionsExceedOverallWidth(joptsimple.internal.RowsTest)
Rows.java,joptsimple.internal.Rows,null,pad,100,KILLED,joptsimple.internal.RowsTest.someDescriptionsExceedOverallWidth(joptsimple.internal.RowsTest)
Rows.java,joptsimple.internal.Rows,"",render,81,KILLED,joptsimple.internal.RowsTest.someDescriptionsExceedOverallWidth(joptsimple.internal.RowsTest)
Rows.java,joptsimple.internal.Rows,"A",render,81,KILLED,joptsimple.internal.RowsTest.someDescriptionsExceedOverallWidth(joptsimple.internal.RowsTest)
Rows.java,joptsimple.internal.Rows,null,render,81,KILLED,joptsimple.internal.RowsTest.someDescriptionsExceedOverallWidth(joptsimple.internal.RowsTest)
Rows.java,joptsimple.internal.Rows,void,reset,62,KILLED,joptsimple.internal.RowsTest.someDescriptionsExceedOverallWidth(joptsimple.internal.RowsTest)
DateConverter.java,joptsimple.util.DateConverter,null,convert,77,KILLED,joptsimple.util.DateConverterTest.shouldConvertValuesToDatesUsingADateFormat(joptsimple.util.DateConverterTest)
DateConverter.java,joptsimple.util.DateConverter,null,datePattern,69,KILLED,joptsimple.util.DateConverterTest.rejectsNullDatePattern(joptsimple.util.DateConverterTest)
DateConverter.java,joptsimple.util.DateConverter,"",message,107,KILLED,joptsimple.util.DateConverterTest.shouldRaiseExceptionThatContainsDatePatternAndValue(joptsimple.util.DateConverterTest)
DateConverter.java,joptsimple.util.DateConverter,"A",message,107,KILLED,joptsimple.util.DateConverterTest.shouldRaiseExceptionThatContainsDatePatternAndValue(joptsimple.util.DateConverterTest)
DateConverter.java,joptsimple.util.DateConverter,null,message,107,KILLED,joptsimple.util.DateConverterTest.shouldRaiseExceptionThatContainsDatePatternAndValue(joptsimple.util.DateConverterTest)
DateConverter.java,joptsimple.util.DateConverter,"",revert,88,NO_COVERAGE,none
DateConverter.java,joptsimple.util.DateConverter,"A",revert,88,NO_COVERAGE,none
DateConverter.java,joptsimple.util.DateConverter,null,revert,88,NO_COVERAGE,none
DateConverter.java,joptsimple.util.DateConverter,"",valuePattern,98,KILLED,joptsimple.util.DateConverterTest.shouldGiveValuePatternIfFormatterIsASimpleDateFormat(joptsimple.util.DateConverterTest)
DateConverter.java,joptsimple.util.DateConverter,"A",valuePattern,98,KILLED,joptsimple.util.DateConverterTest.shouldGiveNoValuePatternIfFormatterNotASimpleDateFormat(joptsimple.util.DateConverterTest)
DateConverter.java,joptsimple.util.DateConverter,null,valuePattern,98,KILLED,joptsimple.util.DateConverterTest.shouldGiveNoValuePatternIfFormatterNotASimpleDateFormat(joptsimple.util.DateConverterTest)
OptionSpecBuilder.java,joptsimple.OptionSpecBuilder,null,availableIf,193,KILLED,joptsimple.AvailableIfUnlessTest.rejectsEmptyMutualExclusiveness(joptsimple.AvailableIfUnlessTest)
OptionSpecBuilder.java,joptsimple.OptionSpecBuilder,null,availableIf,214,KILLED,joptsimple.AvailableIfAnyTest.rejectsCommandLineExistingOtherForbiddenOption(joptsimple.AvailableIfAnyTest)
OptionSpecBuilder.java,joptsimple.OptionSpecBuilder,null,availableUnless,235,KILLED,joptsimple.AvailableUnlessAnyTest.rejectsCommandLineOnlyForbiddenOption(joptsimple.AvailableUnlessAnyTest)
OptionSpecBuilder.java,joptsimple.OptionSpecBuilder,null,availableUnless,256,KILLED,joptsimple.AvailableUnlessAnyTest.rejectsCommandLineExistingOtherForbiddenOption(joptsimple.AvailableUnlessAnyTest)
OptionSpecBuilder.java,joptsimple.OptionSpecBuilder,null,requiredIf,111,KILLED,joptsimple.RequiredIfTest.rejectsOptionNotAlreadyConfigured(joptsimple.RequiredIfTest)
OptionSpecBuilder.java,joptsimple.OptionSpecBuilder,null,requiredIf,132,KILLED,joptsimple.RequiredIfTest.rejectsOptionNotAlreadyConfigured(joptsimple.RequiredIfTest)
OptionSpecBuilder.java,joptsimple.OptionSpecBuilder,null,requiredUnless,152,KILLED,joptsimple.RequiredUnlessTest.rejectsOptionNotAlreadyConfigured(joptsimple.RequiredUnlessTest)
OptionSpecBuilder.java,joptsimple.OptionSpecBuilder,null,requiredUnless,173,KILLED,joptsimple.RequiredUnlessTest.rejectsOptionNotAlreadyConfigured(joptsimple.RequiredUnlessTest)
OptionSpecBuilder.java,joptsimple.OptionSpecBuilder,null,validatedDependents,264,KILLED,joptsimple.RequiredIfTest.rejectsOptionNotAlreadyConfigured(joptsimple.RequiredIfTest)
OptionSpecBuilder.java,joptsimple.OptionSpecBuilder,null,withOptionalArg,91,KILLED,joptsimple.OptionParserTest.requiredOptionWithArgMissing(joptsimple.OptionParserTest)
OptionSpecBuilder.java,joptsimple.OptionSpecBuilder,null,withRequiredArg,79,KILLED,joptsimple.OptionParserRecognizedOptionsTest.basicOptionsRecognized(joptsimple.OptionParserRecognizedOptionsTest)
ParserRules.java,joptsimple.ParserRules,void,ensureLegalOption,63,KILLED,joptsimple.OptionParserOptionExceptionTest.asteriskIsIllegalOptionCharacter(joptsimple.OptionParserOptionExceptionTest)
ParserRules.java,joptsimple.ParserRules,void,ensureLegalOptionCharacter,76,KILLED,joptsimple.OptionParserOptionExceptionTest.asteriskIsIllegalOptionCharacter(joptsimple.OptionParserOptionExceptionTest)
ParserRules.java,joptsimple.ParserRules,void,ensureLegalOptions,71,KILLED,joptsimple.OptionParserOptionExceptionTest.asteriskIsIllegalOptionCharacter(joptsimple.OptionParserOptionExceptionTest)
ParserRules.java,joptsimple.ParserRules,false,isAllowedPunctuation,81,KILLED,joptsimple.RequiredIfTest.rejectsOptionNotAlreadyConfigured(joptsimple.RequiredIfTest)
ParserRules.java,joptsimple.ParserRules,true,isAllowedPunctuation,81,KILLED,joptsimple.OptionParserOptionExceptionTest.asteriskIsIllegalOptionCharacter(joptsimple.OptionParserOptionExceptionTest)
ParserRules.java,joptsimple.ParserRules,false,isLongOptionToken,55,KILLED,joptsimple.OptionParserOptionExceptionTest.tooManyHyphens(joptsimple.OptionParserOptionExceptionTest)
ParserRules.java,joptsimple.ParserRules,true,isLongOptionToken,55,KILLED,joptsimple.OptionParserOptionExceptionTest.unrecognizedOption(joptsimple.OptionParserOptionExceptionTest)
ParserRules.java,joptsimple.ParserRules,false,isOptionTerminator,59,KILLED,joptsimple.ShortOptionsNoArgumentTest.optionsTerminator(joptsimple.ShortOptionsNoArgumentTest)
ParserRules.java,joptsimple.ParserRules,true,isOptionTerminator,59,KILLED,joptsimple.OptionParserOptionExceptionTest.tooManyHyphens(joptsimple.OptionParserOptionExceptionTest)
ParserRules.java,joptsimple.ParserRules,false,isShortOptionToken,49,KILLED,joptsimple.OptionParserOptionExceptionTest.unrecognizedOption(joptsimple.OptionParserOptionExceptionTest)
ParserRules.java,joptsimple.ParserRules,true,isShortOptionToken,49,KILLED,joptsimple.NonOptionArgumentSpecTest.allowsDescriptionOfNonOptionArguments(joptsimple.NonOptionArgumentSpecTest)
AbstractOptionSpec.java,joptsimple.AbstractOptionSpec,"",argumentTypeIndicatorFrom,109,KILLED,joptsimple.DefaultSettingsOptionParserHelpTest.showsNonOptionArgumentType(joptsimple.DefaultSettingsOptionParserHelpTest)
AbstractOptionSpec.java,joptsimple.AbstractOptionSpec,"A",argumentTypeIndicatorFrom,109,KILLED,joptsimple.ConfigurableOptionParserHelpTest.unconfiguredParser(joptsimple.ConfigurableOptionParserHelpTest)
AbstractOptionSpec.java,joptsimple.AbstractOptionSpec,null,argumentTypeIndicatorFrom,109,KILLED,joptsimple.DefaultSettingsOptionParserHelpTest.showsNonOptionArgumentType(joptsimple.DefaultSettingsOptionParserHelpTest)
AbstractOptionSpec.java,joptsimple.AbstractOptionSpec,void,arrangeOptions,120,KILLED,joptsimple.AlternativeLongOptionSpecOptionsImmutabilityTest.shouldPreventAddAll(joptsimple.AlternativeLongOptionSpecOptionsImmutabilityTest)
AbstractOptionSpec.java,joptsimple.AbstractOptionSpec,null,convertWith,102,KILLED,joptsimple.AlternativeLongOptionSpecValuesImmutabilityTest.shouldPreventRemove(joptsimple.AlternativeLongOptionSpecValuesImmutabilityTest)
AbstractOptionSpec.java,joptsimple.AbstractOptionSpec,false,equals,144,KILLED,joptsimple.NoArgumentOptionSpecTest.equalsShouldBeConsistentAcrossInvocations(joptsimple.NoArgumentOptionSpecTest)
AbstractOptionSpec.java,joptsimple.AbstractOptionSpec,true,equals,144,KILLED,joptsimple.NoArgumentOptionSpecTest.equalsShouldBeConsistentAcrossInvocations(joptsimple.NoArgumentOptionSpecTest)
AbstractOptionSpec.java,joptsimple.AbstractOptionSpec,null,forHelp,84,KILLED,joptsimple.OptionSpecTokenizerTest.alternativeLongOptionsMarkerWithHelpMarker(joptsimple.OptionSpecTokenizerTest)
AbstractOptionSpec.java,joptsimple.AbstractOptionSpec,null,options,60,KILLED,joptsimple.AlternativeLongOptionSpecOptionsImmutabilityTest.shouldPreventAddAll(joptsimple.AlternativeLongOptionSpecOptionsImmutabilityTest)
AbstractOptionSpec.java,joptsimple.AbstractOptionSpec,null,valueOptional,75,KILLED,joptsimple.NoArgumentOptionSpecTest.valueOptionalWithNullOptionSet(joptsimple.NoArgumentOptionSpecTest)
EnumConverter.java,joptsimple.util.EnumConverter,null,convert,57,KILLED,joptsimple.util.EnumConverterTest.ignoresCase(joptsimple.util.EnumConverterTest)
EnumConverter.java,joptsimple.util.EnumConverter,"",message,104,SURVIVED,none
EnumConverter.java,joptsimple.util.EnumConverter,"A",message,104,SURVIVED,none
EnumConverter.java,joptsimple.util.EnumConverter,null,message,104,SURVIVED,none
EnumConverter.java,joptsimple.util.EnumConverter,"",revert,68,NO_COVERAGE,none
EnumConverter.java,joptsimple.util.EnumConverter,"A",revert,68,NO_COVERAGE,none
EnumConverter.java,joptsimple.util.EnumConverter,null,revert,68,NO_COVERAGE,none
EnumConverter.java,joptsimple.util.EnumConverter,"",valuePattern,89,KILLED,joptsimple.util.EnumConverterTest.givesCustomValuePattern(joptsimple.util.EnumConverterTest)
EnumConverter.java,joptsimple.util.EnumConverter,"A",valuePattern,89,KILLED,joptsimple.util.EnumConverterTest.givesCustomValuePattern(joptsimple.util.EnumConverterTest)
EnumConverter.java,joptsimple.util.EnumConverter,null,valuePattern,89,KILLED,joptsimple.util.EnumConverterTest.givesCustomValuePattern(joptsimple.util.EnumConverterTest)
Reflection.java,joptsimple.internal.Reflection,null,constructorConverter,83,KILLED,joptsimple.ArgumentAcceptingOptionSpecTest.requiredArgOfValueTypeBasedOnCtor(joptsimple.ArgumentAcceptingOptionSpecTest)
Reflection.java,joptsimple.internal.Reflection,null,convertWith,124,KILLED,joptsimple.AlternativeLongOptionSpecValuesImmutabilityTest.shouldPreventRemove(joptsimple.AlternativeLongOptionSpecValuesImmutabilityTest)
Reflection.java,joptsimple.internal.Reflection,null,findConverter,56,KILLED,joptsimple.ArgumentAcceptingOptionSpecTest.optionalArgOfNonValueType(joptsimple.ArgumentAcceptingOptionSpecTest)
Reflection.java,joptsimple.internal.Reflection,null,instantiate,100,KILLED,joptsimple.internal.ReflectionTest.invokingConstructorQuietlyWrapsCauseOfInvocationTargetException(joptsimple.internal.ReflectionTest)
Reflection.java,joptsimple.internal.Reflection,null,invoke,116,KILLED,joptsimple.internal.ReflectionTest.invokingStaticMethodQuietlyWrapsIllegalAccessException(joptsimple.internal.ReflectionTest)
Reflection.java,joptsimple.internal.Reflection,false,meetsConverterRequirements,128,KILLED,joptsimple.ArgumentAcceptingOptionSpecTest.optionalArgOfValueTypeBasedOnValueOf(joptsimple.ArgumentAcceptingOptionSpecTest)
Reflection.java,joptsimple.internal.Reflection,true,meetsConverterRequirements,128,SURVIVED,none
Reflection.java,joptsimple.internal.Reflection,null,reflectionException,133,KILLED,joptsimple.internal.ReflectionTest.invokingConstructorQuietlyWrapsCauseOfInvocationTargetException(joptsimple.internal.ReflectionTest)
Reflection.java,joptsimple.internal.Reflection,null,valueOfConverter,71,KILLED,joptsimple.ArgumentAcceptingOptionSpecTest.optionalArgOfValueTypeBasedOnValueOf(joptsimple.ArgumentAcceptingOptionSpecTest)
ArgumentList.java,joptsimple.ArgumentList,false,hasMore,44,KILLED,joptsimple.ArgumentListTest.treatNextAsLongOption(joptsimple.ArgumentListTest)
ArgumentList.java,joptsimple.ArgumentList,true,hasMore,44,KILLED,joptsimple.ArgumentListTest.treatNextAsLongOption(joptsimple.ArgumentListTest)
ArgumentList.java,joptsimple.ArgumentList,"",next,48,KILLED,joptsimple.ArgumentListTest.treatNextAsLongOption(joptsimple.ArgumentListTest)
ArgumentList.java,joptsimple.ArgumentList,"A",next,48,KILLED,joptsimple.ArgumentListTest.treatNextAsLongOption(joptsimple.ArgumentListTest)
ArgumentList.java,joptsimple.ArgumentList,null,next,48,KILLED,joptsimple.ArgumentListTest.treatNextAsLongOption(joptsimple.ArgumentListTest)
ArgumentList.java,joptsimple.ArgumentList,"",peek,52,KILLED,joptsimple.ArgumentListTest.treatNextAsLongOption(joptsimple.ArgumentListTest)
ArgumentList.java,joptsimple.ArgumentList,"A",peek,52,KILLED,joptsimple.ArgumentListTest.treatNextAsLongOption(joptsimple.ArgumentListTest)
ArgumentList.java,joptsimple.ArgumentList,null,peek,52,KILLED,joptsimple.ArgumentListTest.treatNextAsLongOption(joptsimple.ArgumentListTest)
ArgumentList.java,joptsimple.ArgumentList,void,treatNextAsLongOption,56,KILLED,joptsimple.ArgumentListTest.treatNextAsLongOption(joptsimple.ArgumentListTest)
Strings.java,joptsimple.internal.Strings,false,isNullOrEmpty,64,KILLED,joptsimple.DefaultSettingsOptionParserHelpTest.outputStreamFlushedButNotClosedWhenPrintingHelp(joptsimple.DefaultSettingsOptionParserHelpTest)
Strings.java,joptsimple.internal.Strings,true,isNullOrEmpty,64,KILLED,joptsimple.DefaultSettingsOptionParserHelpTest.showsNonOptionArgumentDescription(joptsimple.DefaultSettingsOptionParserHelpTest)
Strings.java,joptsimple.internal.Strings,"",repeat,49,KILLED,joptsimple.internal.RowsTest.someDescriptionsExceedOverallWidth(joptsimple.internal.RowsTest)
Strings.java,joptsimple.internal.Strings,"A",repeat,49,KILLED,joptsimple.internal.RowsTest.someDescriptionsExceedOverallWidth(joptsimple.internal.RowsTest)
Strings.java,joptsimple.internal.Strings,null,repeat,49,KILLED,joptsimple.internal.RowsTest.someDescriptionsExceedOverallWidth(joptsimple.internal.RowsTest)
Strings.java,joptsimple.internal.Strings,"",surround,77,KILLED,joptsimple.ConfigurableOptionParserHelpTest.includesDefaultValueForRequiredOptionArgument(joptsimple.ConfigurableOptionParserHelpTest)
Strings.java,joptsimple.internal.Strings,"A",surround,77,KILLED,joptsimple.ConfigurableOptionParserHelpTest.includesDefaultValueForRequiredOptionArgument(joptsimple.ConfigurableOptionParserHelpTest)
Strings.java,joptsimple.internal.Strings,null,surround,77,KILLED,joptsimple.ConfigurableOptionParserHelpTest.includesDefaultValueForRequiredOptionArgument(joptsimple.ConfigurableOptionParserHelpTest)
Columns.java,joptsimple.internal.Columns,null,fit,51,KILLED,joptsimple.internal.RowsTest.someDescriptionsExceedOverallWidth(joptsimple.internal.RowsTest)
Columns.java,joptsimple.internal.Columns,"",itemOrEmpty,62,KILLED,joptsimple.internal.RowsTest.someDescriptionsExceedOverallWidth(joptsimple.internal.RowsTest)
Columns.java,joptsimple.internal.Columns,"A",itemOrEmpty,62,KILLED,joptsimple.internal.RowsTest.someDescriptionsExceedOverallWidth(joptsimple.internal.RowsTest)
Columns.java,joptsimple.internal.Columns,null,itemOrEmpty,62,KILLED,joptsimple.internal.RowsTest.someDescriptionsExceedOverallWidth(joptsimple.internal.RowsTest)
Columns.java,joptsimple.internal.Columns,null,piecesOf,66,KILLED,joptsimple.internal.RowsTest.someDescriptionsExceedOverallWidth(joptsimple.internal.RowsTest)
Columns.java,joptsimple.internal.Columns,null,piecesOfEmbeddedLine,75,KILLED,joptsimple.internal.RowsTest.someDescriptionsExceedOverallWidth(joptsimple.internal.RowsTest)
Columns.java,joptsimple.internal.Columns,null,processNextWord,94,KILLED,joptsimple.internal.RowsTest.someDescriptionsExceedOverallWidth(joptsimple.internal.RowsTest)
OptionSpecTokenizer.java,joptsimple.OptionSpecTokenizer,void,adjustForPosixlyCorrect,98,KILLED,joptsimple.InterleavedArgumentsTest.leadingNonOptionCausesPosixlyCorrectToIgnoreRemainder(joptsimple.InterleavedArgumentsTest)
OptionSpecTokenizer.java,joptsimple.OptionSpecTokenizer,void,configure,91,KILLED,joptsimple.PunctuationInShortOptionTest.disallowsHyphenAsShortOption(joptsimple.PunctuationInShortOptionTest)
OptionSpecTokenizer.java,joptsimple.OptionSpecTokenizer,null,handleArgumentAcceptingOption,117,KILLED,joptsimple.OptionSpecTokenizerTest.tokenizeOptionsWithOptionalArgumentsAndHelpMarker(joptsimple.OptionSpecTokenizerTest)
OptionSpecTokenizer.java,joptsimple.OptionSpecTokenizer,null,handleReservedForExtensionsToken,105,KILLED,joptsimple.OptionSpecTokenizerTest.alternativeLongOptionsMarker(joptsimple.OptionSpecTokenizerTest)
OptionSpecTokenizer.java,joptsimple.OptionSpecTokenizer,false,hasMore,52,KILLED,joptsimple.OptionSpecTokenizerTest.wByItself(joptsimple.OptionSpecTokenizerTest)
OptionSpecTokenizer.java,joptsimple.OptionSpecTokenizer,true,hasMore,52,KILLED,joptsimple.OptionSpecTokenizerTest.tokenizeEmpty(joptsimple.OptionSpecTokenizerTest)
OptionSpecTokenizer.java,joptsimple.OptionSpecTokenizer,null,next,56,KILLED,joptsimple.OptionSpecTokenizerTest.tokenizeEmpty(joptsimple.OptionSpecTokenizerTest)
InetAddressConverter.java,joptsimple.util.InetAddressConverter,null,convert,45,KILLED,joptsimple.util.InetAddressConverterTest.localhost(joptsimple.util.InetAddressConverterTest)
InetAddressConverter.java,joptsimple.util.InetAddressConverter,"",message,68,SURVIVED,none
InetAddressConverter.java,joptsimple.util.InetAddressConverter,"A",message,68,SURVIVED,none
InetAddressConverter.java,joptsimple.util.InetAddressConverter,null,message,68,SURVIVED,none
InetAddressConverter.java,joptsimple.util.InetAddressConverter,"",revert,54,NO_COVERAGE,none
InetAddressConverter.java,joptsimple.util.InetAddressConverter,"A",revert,54,NO_COVERAGE,none
InetAddressConverter.java,joptsimple.util.InetAddressConverter,null,revert,54,NO_COVERAGE,none
NonOptionArgumentSpec.java,joptsimple.NonOptionArgumentSpec,"",argumentTypeIndicator,172,KILLED,joptsimple.DefaultSettingsOptionParserHelpTest.showsNonOptionArgumentType(joptsimple.DefaultSettingsOptionParserHelpTest)
NonOptionArgumentSpec.java,joptsimple.NonOptionArgumentSpec,"A",argumentTypeIndicator,172,KILLED,joptsimple.ConfigurableOptionParserHelpTest.unconfiguredParser(joptsimple.ConfigurableOptionParserHelpTest)
NonOptionArgumentSpec.java,joptsimple.NonOptionArgumentSpec,null,argumentTypeIndicator,172,KILLED,joptsimple.DefaultSettingsOptionParserHelpTest.showsNonOptionArgumentType(joptsimple.DefaultSettingsOptionParserHelpTest)
NonOptionArgumentSpec.java,joptsimple.NonOptionArgumentSpec,null,convert,135,KILLED,joptsimple.NonOptionArgumentSpecTest.allowsDescriptionOfNonOptionArguments(joptsimple.NonOptionArgumentSpecTest)
NonOptionArgumentSpec.java,joptsimple.NonOptionArgumentSpec,null,ofType,96,KILLED,joptsimple.NonOptionArgumentSpecTest.allowsTypeAndDescriptionOfNonOptionArguments(joptsimple.NonOptionArgumentSpecTest)
NonOptionArgumentSpec.java,joptsimple.NonOptionArgumentSpec,null,withValuesConvertedBy,114,KILLED,joptsimple.NonOptionArgumentSpecTest.convertingUsingNullConverter(joptsimple.NonOptionArgumentSpecTest)
RegexMatcher.java,joptsimple.util.RegexMatcher,"",convert,71,KILLED,joptsimple.util.RegexMatcherTest.shouldAttemptToMatchValueAgainstARegex(joptsimple.util.RegexMatcherTest)
RegexMatcher.java,joptsimple.util.RegexMatcher,"A",convert,71,KILLED,joptsimple.util.RegexMatcherTest.shouldAttemptToMatchValueAgainstARegex(joptsimple.util.RegexMatcherTest)
RegexMatcher.java,joptsimple.util.RegexMatcher,null,convert,71,KILLED,joptsimple.util.RegexMatcherTest.shouldAttemptToMatchValueAgainstARegex(joptsimple.util.RegexMatcherTest)
RegexMatcher.java,joptsimple.util.RegexMatcher,void,raiseValueConversionFailure,89,KILLED,joptsimple.util.RegexMatcherTest.rejectsValueThatDoesNotMatchRegex(joptsimple.util.RegexMatcherTest)
RegexMatcher.java,joptsimple.util.RegexMatcher,null,regex,66,KILLED,joptsimple.util.RegexMatcherTest.shouldOfferConvenienceMethodForCreatingMatcherWithNoFlags(joptsimple.util.RegexMatcherTest)
Classes.java,joptsimple.internal.Classes,"",shortNameOf,60,KILLED,joptsimple.DefaultSettingsOptionParserHelpTest.showsNonOptionArgumentType(joptsimple.DefaultSettingsOptionParserHelpTest)
Classes.java,joptsimple.internal.Classes,"A",shortNameOf,60,KILLED,joptsimple.DefaultSettingsOptionParserHelpTest.showsNonOptionArgumentType(joptsimple.DefaultSettingsOptionParserHelpTest)
Classes.java,joptsimple.internal.Classes,null,shortNameOf,60,KILLED,joptsimple.DefaultSettingsOptionParserHelpTest.showsNonOptionArgumentType(joptsimple.DefaultSettingsOptionParserHelpTest)
Classes.java,joptsimple.internal.Classes,null,wrapperOf,73,KILLED,joptsimple.ArgumentAcceptingOptionSpecTest.optionalArgOfNonValueType(joptsimple.ArgumentAcceptingOptionSpecTest)
PathConverter.java,joptsimple.util.PathConverter,null,convert,23,KILLED,joptsimple.util.PathConverterTest.testDirectoryNotOverwritable(joptsimple.util.PathConverterTest)
PathConverter.java,joptsimple.util.PathConverter,"",message,46,KILLED,joptsimple.util.PathConverterTest.testDirectoryNotOverwritable(joptsimple.util.PathConverterTest)
PathConverter.java,joptsimple.util.PathConverter,"A",message,46,KILLED,joptsimple.util.PathConverterTest.testDirectoryNotOverwritable(joptsimple.util.PathConverterTest)
PathConverter.java,joptsimple.util.PathConverter,null,message,46,KILLED,joptsimple.util.PathConverterTest.testDirectoryNotOverwritable(joptsimple.util.PathConverterTest)
SimpleOptionNameMap.java,joptsimple.internal.SimpleOptionNameMap,void,put,49,KILLED,joptsimple.internal.SimpleOptionNameMapTest.get(joptsimple.internal.SimpleOptionNameMapTest)
SimpleOptionNameMap.java,joptsimple.internal.SimpleOptionNameMap,void,putAll,54,KILLED,joptsimple.internal.SimpleOptionNameMapTest.putAll(joptsimple.internal.SimpleOptionNameMapTest)
SimpleOptionNameMap.java,joptsimple.internal.SimpleOptionNameMap,void,remove,60,KILLED,joptsimple.internal.SimpleOptionNameMapTest.remove(joptsimple.internal.SimpleOptionNameMapTest)
SimpleOptionNameMap.java,joptsimple.internal.SimpleOptionNameMap,null,toJavaUtilMap,65,KILLED,joptsimple.internal.SimpleOptionNameMapTest.toJavaUtilMap(joptsimple.internal.SimpleOptionNameMapTest)
Messages.java,joptsimple.internal.Messages,"",message,41,KILLED,joptsimple.util.DateConverterTest.shouldRaiseExceptionThatContainsDatePatternAndValue(joptsimple.util.DateConverterTest)
Messages.java,joptsimple.internal.Messages,"A",message,41,KILLED,joptsimple.util.DateConverterTest.shouldRaiseExceptionThatContainsDatePatternAndValue(joptsimple.util.DateConverterTest)
Messages.java,joptsimple.internal.Messages,null,message,41,KILLED,joptsimple.util.DateConverterTest.shouldRaiseExceptionThatContainsDatePatternAndValue(joptsimple.util.DateConverterTest)
KeyValuePair.java,joptsimple.util.KeyValuePair,false,equals,67,KILLED,joptsimple.util.KeyValuePairUnequalKeysTest.equalsShouldBeReflexive(joptsimple.util.KeyValuePairUnequalKeysTest)
KeyValuePair.java,joptsimple.util.KeyValuePair,true,equals,67,KILLED,joptsimple.util.KeyValuePairUnequalKeysTest.shouldNotBeEqualToJavaLangObject(joptsimple.util.KeyValuePairUnequalKeysTest)
KeyValuePair.java,joptsimple.util.KeyValuePair,null,valueOf,55,KILLED,joptsimple.util.KeyValuePairTest.empty(joptsimple.util.KeyValuePairTest)
MultipleArgumentsForOptionException.java,joptsimple.MultipleArgumentsForOptionException,empty,messageArguments,44,KILLED,joptsimple.OptionExceptionMessageTest.givesCorrectExceptionMessage[1](joptsimple.OptionExceptionMessageTest)
MultipleArgumentsForOptionException.java,joptsimple.MultipleArgumentsForOptionException,null,messageArguments,44,KILLED,joptsimple.OptionExceptionMessageTest.givesCorrectExceptionMessage[1](joptsimple.OptionExceptionMessageTest)
Row.java,joptsimple.internal.Row,false,equals,42,KILLED,joptsimple.internal.RowEqualsHashCodeTest.equalsShouldBeReflexive(joptsimple.internal.RowEqualsHashCodeTest)
Row.java,joptsimple.internal.Row,true,equals,42,KILLED,joptsimple.internal.RowEqualsHashCodeTest.shouldNotBeEqualToNull(joptsimple.internal.RowEqualsHashCodeTest)
UnavailableOptionException.java,joptsimple.UnavailableOptionException,empty,messageArguments,43,KILLED,joptsimple.OptionExceptionMessageTest.givesLocalizedMessageWhenLocaleIsNotEnglish[8](joptsimple.OptionExceptionMessageTest)
UnavailableOptionException.java,joptsimple.UnavailableOptionException,null,messageArguments,43,KILLED,joptsimple.OptionExceptionMessageTest.givesLocalizedMessageWhenLocaleIsNotEnglish[8](joptsimple.OptionExceptionMessageTest)
UnrecognizedOptionException.java,joptsimple.UnrecognizedOptionException,empty,messageArguments,44,KILLED,joptsimple.OptionExceptionMessageTest.givesCorrectExceptionMessage[4](joptsimple.OptionExceptionMessageTest)
UnrecognizedOptionException.java,joptsimple.UnrecognizedOptionException,null,messageArguments,44,KILLED,joptsimple.OptionExceptionMessageTest.givesCorrectExceptionMessage[4](joptsimple.OptionExceptionMessageTest)
PathProperties.java,joptsimple.util.PathProperties$4,false,accept,33,KILLED,joptsimple.util.PathPropertiesTest.readableFile(joptsimple.util.PathPropertiesTest)
PathProperties.java,joptsimple.util.PathProperties$4,true,accept,33,KILLED,joptsimple.util.PathPropertiesTest.directory(joptsimple.util.PathPropertiesTest)
OptionParserState.java,joptsimple.OptionParserState,null,moreOptions,47,KILLED,joptsimple.OptionParserOptionExceptionTest.tooManyHyphens(joptsimple.OptionParserOptionExceptionTest)
OptionParserState.java,joptsimple.OptionParserState,null,noMoreOptions,38,KILLED,joptsimple.ShortOptionsNoArgumentTest.optionsTerminator(joptsimple.ShortOptionsNoArgumentTest)
MissingRequiredOptionsException.java,joptsimple.MissingRequiredOptionsException,empty,messageArguments,44,KILLED,joptsimple.OptionExceptionMessageTest.givesEnglishMessageWhenLocaleIsNotEnglish[5](joptsimple.OptionExceptionMessageTest)
MissingRequiredOptionsException.java,joptsimple.MissingRequiredOptionsException,null,messageArguments,44,KILLED,joptsimple.OptionExceptionMessageTest.givesEnglishMessageWhenLocaleIsNotEnglish[5](joptsimple.OptionExceptionMessageTest)
OptionArgumentConversionException.java,joptsimple.OptionArgumentConversionException,empty,messageArguments,48,KILLED,joptsimple.OptionExceptionMessageTest.givesCorrectExceptionMessage[2](joptsimple.OptionExceptionMessageTest)
OptionArgumentConversionException.java,joptsimple.OptionArgumentConversionException,null,messageArguments,48,KILLED,joptsimple.OptionExceptionMessageTest.givesCorrectExceptionMessage[2](joptsimple.OptionExceptionMessageTest)
OptionalArgumentOptionSpec.java,joptsimple.OptionalArgumentOptionSpec,void,detectOptionArgument,47,KILLED,joptsimple.ShortOptionsOptionalArgumentTest.optionWithOptionalArgumentNotPresent(joptsimple.ShortOptionsOptionalArgumentTest)
OptionalArgumentOptionSpec.java,joptsimple.OptionalArgumentOptionSpec,void,handleOptionArgument,62,KILLED,joptsimple.LongOptionOptionalArgumentTest.argumentSeparate(joptsimple.LongOptionOptionalArgumentTest)
OptionMissingRequiredArgumentException.java,joptsimple.OptionMissingRequiredArgumentException,empty,messageArguments,44,KILLED,joptsimple.OptionExceptionMessageTest.givesCorrectExceptionMessage[3](joptsimple.OptionExceptionMessageTest)
OptionMissingRequiredArgumentException.java,joptsimple.OptionMissingRequiredArgumentException,null,messageArguments,44,KILLED,joptsimple.OptionExceptionMessageTest.givesCorrectExceptionMessage[3](joptsimple.OptionExceptionMessageTest)
PathProperties.java,joptsimple.util.PathProperties$2,false,accept,21,KILLED,joptsimple.util.PathPropertiesTest.directory(joptsimple.util.PathPropertiesTest)
PathProperties.java,joptsimple.util.PathProperties$2,true,accept,21,KILLED,joptsimple.util.PathPropertiesTest.readableFile(joptsimple.util.PathPropertiesTest)
PathProperties.java,joptsimple.util.PathProperties$3,false,accept,27,KILLED,joptsimple.util.PathPropertiesTest.nonExisting(joptsimple.util.PathPropertiesTest)
PathProperties.java,joptsimple.util.PathProperties$3,true,accept,27,KILLED,joptsimple.util.PathPropertiesTest.directory(joptsimple.util.PathPropertiesTest)
IllegalOptionSpecificationException.java,joptsimple.IllegalOptionSpecificationException,empty,messageArguments,44,KILLED,joptsimple.OptionExceptionMessageTest.givesCorrectExceptionMessage[0](joptsimple.OptionExceptionMessageTest)
IllegalOptionSpecificationException.java,joptsimple.IllegalOptionSpecificationException,null,messageArguments,44,KILLED,joptsimple.OptionExceptionMessageTest.givesCorrectExceptionMessage[0](joptsimple.OptionExceptionMessageTest)
PathProperties.java,joptsimple.util.PathProperties$1,false,accept,15,KILLED,joptsimple.util.PathPropertiesTest.readableFile(joptsimple.util.PathPropertiesTest)
PathProperties.java,joptsimple.util.PathProperties$1,true,accept,15,KILLED,joptsimple.util.PathPropertiesTest.directory(joptsimple.util.PathPropertiesTest)
UnconfiguredOptionException.java,joptsimple.UnconfiguredOptionException,empty,messageArguments,50,KILLED,joptsimple.OptionExceptionMessageTest.givesCorrectExceptionMessage[7](joptsimple.OptionExceptionMessageTest)
UnconfiguredOptionException.java,joptsimple.UnconfiguredOptionException,null,messageArguments,50,KILLED,joptsimple.OptionExceptionMessageTest.givesCorrectExceptionMessage[7](joptsimple.OptionExceptionMessageTest)
AlternativeLongOptionSpec.java,joptsimple.AlternativeLongOptionSpec,void,detectOptionArgument,60,KILLED,joptsimple.WAsAbbreviationForLongOptionTest.recognizeLongOptionsTrumpsLongOptionAbbreviation(joptsimple.WAsAbbreviationForLongOptionTest)
OptionParserState.java,joptsimple.OptionParserState$1,void,handleArgument,41,TIMED_OUT,none
ConstructorInvokingValueConverter.java,joptsimple.internal.ConstructorInvokingValueConverter,null,convert,47,KILLED,joptsimple.ArgumentAcceptingOptionSpecTest.optionalArgOfValueTypeBasedOnCtor(joptsimple.ArgumentAcceptingOptionSpecTest)
MethodInvokingValueConverter.java,joptsimple.internal.MethodInvokingValueConverter,null,convert,49,KILLED,joptsimple.OptionalArgumentOptionSpecValuesImmutabilityTest.shouldPreventAddAtIndex(joptsimple.OptionalArgumentOptionSpecValuesImmutabilityTest)
OptionParserState.java,joptsimple.OptionParserState$2,void,handleArgument,50,TIMED_OUT,none
RequiredArgumentOptionSpec.java,joptsimple.RequiredArgumentOptionSpec,void,detectOptionArgument,47,KILLED,joptsimple.ShortOptionsRequiredArgumentTest.argumentNotPresent(joptsimple.ShortOptionsRequiredArgumentTest)
OptionSpec.java,joptsimple.OptionSpec,null,valueOptional,102,NO_COVERAGE,none
