Tag.java,net.tridentsdk.meta.nbt.Tag$Compound,void,add,1280,NO_COVERAGE,none
Tag.java,net.tridentsdk.meta.nbt.Tag$Compound,void,computeByte,962,NO_COVERAGE,none
Tag.java,net.tridentsdk.meta.nbt.Tag$Compound,void,computeByteArray,1130,NO_COVERAGE,none
Tag.java,net.tridentsdk.meta.nbt.Tag$Compound,void,computeCompound,1214,NO_COVERAGE,none
Tag.java,net.tridentsdk.meta.nbt.Tag$Compound,void,computeDouble,1102,NO_COVERAGE,none
Tag.java,net.tridentsdk.meta.nbt.Tag$Compound,void,computeFloat,1074,NO_COVERAGE,none
Tag.java,net.tridentsdk.meta.nbt.Tag$Compound,void,computeIntArray,1242,NO_COVERAGE,none
Tag.java,net.tridentsdk.meta.nbt.Tag$Compound,void,computeList,1186,NO_COVERAGE,none
Tag.java,net.tridentsdk.meta.nbt.Tag$Compound,void,computeLong,1046,NO_COVERAGE,none
Tag.java,net.tridentsdk.meta.nbt.Tag$Compound,void,computeShort,990,NO_COVERAGE,none
Tag.java,net.tridentsdk.meta.nbt.Tag$Compound,void,computeString,1158,NO_COVERAGE,none
Tag.java,net.tridentsdk.meta.nbt.Tag$Compound,void,computerInt,1018,NO_COVERAGE,none
Tag.java,net.tridentsdk.meta.nbt.Tag$Compound,null,get,475,NO_COVERAGE,none
Tag.java,net.tridentsdk.meta.nbt.Tag$Compound,(byte)0,getByte,496,NO_COVERAGE,none
Tag.java,net.tridentsdk.meta.nbt.Tag$Compound,(byte)1,getByte,496,NO_COVERAGE,none
Tag.java,net.tridentsdk.meta.nbt.Tag$Compound,empty,getByteArray,621,NO_COVERAGE,none
Tag.java,net.tridentsdk.meta.nbt.Tag$Compound,null,getByteArray,621,NO_COVERAGE,none
Tag.java,net.tridentsdk.meta.nbt.Tag$Compound,null,getCompound,685,NO_COVERAGE,none
Tag.java,net.tridentsdk.meta.nbt.Tag$Compound,0.0,getDouble,600,NO_COVERAGE,none
Tag.java,net.tridentsdk.meta.nbt.Tag$Compound,1.0,getDouble,600,NO_COVERAGE,none
Tag.java,net.tridentsdk.meta.nbt.Tag$Compound,0.0f,getFloat,580,NO_COVERAGE,none
Tag.java,net.tridentsdk.meta.nbt.Tag$Compound,1.0f,getFloat,580,NO_COVERAGE,none
Tag.java,net.tridentsdk.meta.nbt.Tag$Compound,0,getInt,538,NO_COVERAGE,none
Tag.java,net.tridentsdk.meta.nbt.Tag$Compound,1,getInt,538,NO_COVERAGE,none
Tag.java,net.tridentsdk.meta.nbt.Tag$Compound,empty,getIntArray,706,NO_COVERAGE,none
Tag.java,net.tridentsdk.meta.nbt.Tag$Compound,null,getIntArray,706,NO_COVERAGE,none
Tag.java,net.tridentsdk.meta.nbt.Tag$Compound,null,getList,664,NO_COVERAGE,none
Tag.java,net.tridentsdk.meta.nbt.Tag$Compound,0L,getLong,559,NO_COVERAGE,none
Tag.java,net.tridentsdk.meta.nbt.Tag$Compound,1L,getLong,559,NO_COVERAGE,none
Tag.java,net.tridentsdk.meta.nbt.Tag$Compound,(short)0,getShort,517,NO_COVERAGE,none
Tag.java,net.tridentsdk.meta.nbt.Tag$Compound,(short)1,getShort,517,NO_COVERAGE,none
Tag.java,net.tridentsdk.meta.nbt.Tag$Compound,"",getString,642,NO_COVERAGE,none
Tag.java,net.tridentsdk.meta.nbt.Tag$Compound,"A",getString,642,NO_COVERAGE,none
Tag.java,net.tridentsdk.meta.nbt.Tag$Compound,null,getString,642,NO_COVERAGE,none
Tag.java,net.tridentsdk.meta.nbt.Tag$Compound,void,putByte,725,NO_COVERAGE,none
Tag.java,net.tridentsdk.meta.nbt.Tag$Compound,void,putByteArray,851,NO_COVERAGE,none
Tag.java,net.tridentsdk.meta.nbt.Tag$Compound,void,putCompound,913,NO_COVERAGE,none
Tag.java,net.tridentsdk.meta.nbt.Tag$Compound,void,putDouble,830,NO_COVERAGE,none
Tag.java,net.tridentsdk.meta.nbt.Tag$Compound,void,putFloat,809,NO_COVERAGE,none
Tag.java,net.tridentsdk.meta.nbt.Tag$Compound,void,putInt,767,NO_COVERAGE,none
Tag.java,net.tridentsdk.meta.nbt.Tag$Compound,void,putIntArray,934,NO_COVERAGE,none
Tag.java,net.tridentsdk.meta.nbt.Tag$Compound,void,putList,893,NO_COVERAGE,none
Tag.java,net.tridentsdk.meta.nbt.Tag$Compound,void,putLong,788,NO_COVERAGE,none
Tag.java,net.tridentsdk.meta.nbt.Tag$Compound,void,putShort,746,NO_COVERAGE,none
Tag.java,net.tridentsdk.meta.nbt.Tag$Compound,void,putString,872,NO_COVERAGE,none
Tag.java,net.tridentsdk.meta.nbt.Tag$Compound,false,remove,1261,NO_COVERAGE,none
Tag.java,net.tridentsdk.meta.nbt.Tag$Compound,true,remove,1261,NO_COVERAGE,none
Tag.java,net.tridentsdk.meta.nbt.Tag$Compound,void,write,1271,NO_COVERAGE,none
ChatComponent.java,net.tridentsdk.ui.chat.ChatComponent,null,addExtra,216,SURVIVED,none
ChatComponent.java,net.tridentsdk.ui.chat.ChatComponent,null,addExtra,203,KILLED,net.tridentsdk.ui.chat.ChatComponentTest.testFromFormatString(net.tridentsdk.ui.chat.ChatComponentTest)
ChatComponent.java,net.tridentsdk.ui.chat.ChatComponent,null,addWith,156,KILLED,net.tridentsdk.ui.chat.ChatComponentTest.testTranslateWith(net.tridentsdk.ui.chat.ChatComponentTest)
ChatComponent.java,net.tridentsdk.ui.chat.ChatComponent,null,addWith,143,KILLED,net.tridentsdk.ui.chat.ChatComponentTest.testTranslateWith(net.tridentsdk.ui.chat.ChatComponentTest)
ChatComponent.java,net.tridentsdk.ui.chat.ChatComponent,null,asJson,416,KILLED,net.tridentsdk.ui.chat.ChatComponentTest.testEmpty(net.tridentsdk.ui.chat.ChatComponentTest)
ChatComponent.java,net.tridentsdk.ui.chat.ChatComponent,null,create,514,KILLED,net.tridentsdk.ui.chat.ChatComponentTest.testEmpty(net.tridentsdk.ui.chat.ChatComponentTest)
ChatComponent.java,net.tridentsdk.ui.chat.ChatComponent,null,empty,523,KILLED,net.tridentsdk.ui.chat.ChatComponentTest.testEmpty(net.tridentsdk.ui.chat.ChatComponentTest)
ChatComponent.java,net.tridentsdk.ui.chat.ChatComponent,false,equals,722,KILLED,net.tridentsdk.ui.chat.ChatComponentTest.testFromFormatString2(net.tridentsdk.ui.chat.ChatComponentTest)
ChatComponent.java,net.tridentsdk.ui.chat.ChatComponent,true,equals,722,KILLED,net.tridentsdk.ui.chat.ChatComponentTest.testGettersAndSetters(net.tridentsdk.ui.chat.ChatComponentTest)
ChatComponent.java,net.tridentsdk.ui.chat.ChatComponent,null,fromFormat,630,KILLED,net.tridentsdk.ui.chat.ChatComponentTest.testFromFormatString(net.tridentsdk.ui.chat.ChatComponentTest)
ChatComponent.java,net.tridentsdk.ui.chat.ChatComponent,null,fromJson,543,KILLED,net.tridentsdk.ui.chat.ChatComponentTest.testGettersAndSetters(net.tridentsdk.ui.chat.ChatComponentTest)
ChatComponent.java,net.tridentsdk.ui.chat.ChatComponent,false,hasExtra,230,KILLED,net.tridentsdk.ui.chat.ChatComponentTest.testGettersAndSetters(net.tridentsdk.ui.chat.ChatComponentTest)
ChatComponent.java,net.tridentsdk.ui.chat.ChatComponent,true,hasExtra,230,KILLED,net.tridentsdk.ui.chat.ChatComponentTest.testFromFormatString(net.tridentsdk.ui.chat.ChatComponentTest)
ChatComponent.java,net.tridentsdk.ui.chat.ChatComponent,false,hasWith,169,KILLED,net.tridentsdk.ui.chat.ChatComponentTest.testGettersAndSetters(net.tridentsdk.ui.chat.ChatComponentTest)
ChatComponent.java,net.tridentsdk.ui.chat.ChatComponent,true,hasWith,169,KILLED,net.tridentsdk.ui.chat.ChatComponentTest.testTranslateWith(net.tridentsdk.ui.chat.ChatComponentTest)
ChatComponent.java,net.tridentsdk.ui.chat.ChatComponent,false,isBold,251,KILLED,net.tridentsdk.ui.chat.ChatComponentTest.testGettersAndSetters(net.tridentsdk.ui.chat.ChatComponentTest)
ChatComponent.java,net.tridentsdk.ui.chat.ChatComponent,true,isBold,251,KILLED,net.tridentsdk.ui.chat.ChatComponentTest.testGettersAndSetters(net.tridentsdk.ui.chat.ChatComponentTest)
ChatComponent.java,net.tridentsdk.ui.chat.ChatComponent,false,isItalic,272,KILLED,net.tridentsdk.ui.chat.ChatComponentTest.testGettersAndSetters(net.tridentsdk.ui.chat.ChatComponentTest)
ChatComponent.java,net.tridentsdk.ui.chat.ChatComponent,true,isItalic,272,KILLED,net.tridentsdk.ui.chat.ChatComponentTest.testGettersAndSetters(net.tridentsdk.ui.chat.ChatComponentTest)
ChatComponent.java,net.tridentsdk.ui.chat.ChatComponent,false,isObfuscated,335,KILLED,net.tridentsdk.ui.chat.ChatComponentTest.testGettersAndSetters(net.tridentsdk.ui.chat.ChatComponentTest)
ChatComponent.java,net.tridentsdk.ui.chat.ChatComponent,true,isObfuscated,335,KILLED,net.tridentsdk.ui.chat.ChatComponentTest.testGettersAndSetters(net.tridentsdk.ui.chat.ChatComponentTest)
ChatComponent.java,net.tridentsdk.ui.chat.ChatComponent,false,isStrikethrough,314,KILLED,net.tridentsdk.ui.chat.ChatComponentTest.testGettersAndSetters(net.tridentsdk.ui.chat.ChatComponentTest)
ChatComponent.java,net.tridentsdk.ui.chat.ChatComponent,true,isStrikethrough,314,KILLED,net.tridentsdk.ui.chat.ChatComponentTest.testGettersAndSetters(net.tridentsdk.ui.chat.ChatComponentTest)
ChatComponent.java,net.tridentsdk.ui.chat.ChatComponent,false,isUnderlined,293,KILLED,net.tridentsdk.ui.chat.ChatComponentTest.testGettersAndSetters(net.tridentsdk.ui.chat.ChatComponentTest)
ChatComponent.java,net.tridentsdk.ui.chat.ChatComponent,true,isUnderlined,293,KILLED,net.tridentsdk.ui.chat.ChatComponentTest.testGettersAndSetters(net.tridentsdk.ui.chat.ChatComponentTest)
ChatComponent.java,net.tridentsdk.ui.chat.ChatComponent,null,setBold,262,KILLED,net.tridentsdk.ui.chat.ChatComponentTest.testColors(net.tridentsdk.ui.chat.ChatComponentTest)
ChatComponent.java,net.tridentsdk.ui.chat.ChatComponent,null,setItalic,283,KILLED,net.tridentsdk.ui.chat.ChatComponentTest.testColors(net.tridentsdk.ui.chat.ChatComponentTest)
ChatComponent.java,net.tridentsdk.ui.chat.ChatComponent,null,setObfuscated,346,KILLED,net.tridentsdk.ui.chat.ChatComponentTest.testFromFormatString(net.tridentsdk.ui.chat.ChatComponentTest)
ChatComponent.java,net.tridentsdk.ui.chat.ChatComponent,null,setStrikethrough,325,KILLED,net.tridentsdk.ui.chat.ChatComponentTest.testFromFormatString2(net.tridentsdk.ui.chat.ChatComponentTest)
ChatComponent.java,net.tridentsdk.ui.chat.ChatComponent,null,setUnderlined,304,KILLED,net.tridentsdk.ui.chat.ChatComponentTest.testColors(net.tridentsdk.ui.chat.ChatComponentTest)
ChatComponent.java,net.tridentsdk.ui.chat.ChatComponent,null,stripColor,357,NO_COVERAGE,none
ChatComponent.java,net.tridentsdk.ui.chat.ChatComponent,null,text,533,KILLED,net.tridentsdk.ui.chat.ChatComponentTest.testPlain(net.tridentsdk.ui.chat.ChatComponentTest)
AbstractVector.java,net.tridentsdk.base.AbstractVector,null,add,294,SURVIVED,none
AbstractVector.java,net.tridentsdk.base.AbstractVector,null,add,280,SURVIVED,none
AbstractVector.java,net.tridentsdk.base.AbstractVector,null,add,266,SURVIVED,none
AbstractVector.java,net.tridentsdk.base.AbstractVector,null,divide,438,KILLED,net.tridentsdk.base.generated.VectorsTest_jmhType_B1.testNormalize(net.tridentsdk.base.generated.VectorsTest_jmhType_B1)
AbstractVector.java,net.tridentsdk.base.AbstractVector,null,divide,421,SURVIVED,none
AbstractVector.java,net.tridentsdk.base.AbstractVector,null,divide,404,SURVIVED,none
AbstractVector.java,net.tridentsdk.base.AbstractVector,false,eq,62,KILLED,net.tridentsdk.base.VectorsTest.testIntConstructor(net.tridentsdk.base.VectorsTest)
AbstractVector.java,net.tridentsdk.base.AbstractVector,true,eq,62,SURVIVED,none
AbstractVector.java,net.tridentsdk.base.AbstractVector,false,equals,454,KILLED,net.tridentsdk.base.VectorsTest.testIntConstructor(net.tridentsdk.base.VectorsTest)
AbstractVector.java,net.tridentsdk.base.AbstractVector,true,equals,454,KILLED,net.tridentsdk.base.VectorsTest.testSetsEqualsHash(net.tridentsdk.base.VectorsTest)
AbstractVector.java,net.tridentsdk.base.AbstractVector,0,getIntX,132,KILLED,net.tridentsdk.base.VectorsTest.testSGInt(net.tridentsdk.base.VectorsTest)
AbstractVector.java,net.tridentsdk.base.AbstractVector,1,getIntX,132,KILLED,net.tridentsdk.base.VectorsTest.testSGInt(net.tridentsdk.base.VectorsTest)
AbstractVector.java,net.tridentsdk.base.AbstractVector,0,getIntY,142,KILLED,net.tridentsdk.base.VectorsTest.testSGInt(net.tridentsdk.base.VectorsTest)
AbstractVector.java,net.tridentsdk.base.AbstractVector,1,getIntY,142,KILLED,net.tridentsdk.base.VectorsTest.testSGInt(net.tridentsdk.base.VectorsTest)
AbstractVector.java,net.tridentsdk.base.AbstractVector,0,getIntZ,152,KILLED,net.tridentsdk.base.VectorsTest.testSGInt(net.tridentsdk.base.VectorsTest)
AbstractVector.java,net.tridentsdk.base.AbstractVector,1,getIntZ,152,KILLED,net.tridentsdk.base.VectorsTest.testSGInt(net.tridentsdk.base.VectorsTest)
AbstractVector.java,net.tridentsdk.base.AbstractVector,null,multiply,390,SURVIVED,none
AbstractVector.java,net.tridentsdk.base.AbstractVector,null,multiply,373,SURVIVED,none
AbstractVector.java,net.tridentsdk.base.AbstractVector,null,multiply,356,SURVIVED,none
AbstractVector.java,net.tridentsdk.base.AbstractVector,null,set,239,KILLED,net.tridentsdk.base.PositionTest.testSettersAndGetters(net.tridentsdk.base.PositionTest)
AbstractVector.java,net.tridentsdk.base.AbstractVector,null,setX,165,KILLED,net.tridentsdk.base.VectorsTest.testSGInt(net.tridentsdk.base.VectorsTest)
AbstractVector.java,net.tridentsdk.base.AbstractVector,null,setY,189,KILLED,net.tridentsdk.base.VectorsTest.testSGInt(net.tridentsdk.base.VectorsTest)
AbstractVector.java,net.tridentsdk.base.AbstractVector,null,setZ,213,KILLED,net.tridentsdk.base.VectorsTest.testSGInt(net.tridentsdk.base.VectorsTest)
AbstractVector.java,net.tridentsdk.base.AbstractVector,0.0,square,78,KILLED,net.tridentsdk.base.generated.VectorsTest_jmhType_B1.testNormalize(net.tridentsdk.base.generated.VectorsTest_jmhType_B1)
AbstractVector.java,net.tridentsdk.base.AbstractVector,1.0,square,78,KILLED,net.tridentsdk.base.generated.VectorsTest_jmhType_B1.testNormalize(net.tridentsdk.base.generated.VectorsTest_jmhType_B1)
AbstractVector.java,net.tridentsdk.base.AbstractVector,null,subtract,342,SURVIVED,none
AbstractVector.java,net.tridentsdk.base.AbstractVector,null,subtract,325,SURVIVED,none
AbstractVector.java,net.tridentsdk.base.AbstractVector,null,subtract,308,SURVIVED,none
AbstractVector.java,net.tridentsdk.base.AbstractVector,null,toPosition,449,KILLED,net.tridentsdk.base.VectorsTest.testToPosition(net.tridentsdk.base.VectorsTest)
Int2ReferenceOpenHashMap.java,net.tridentsdk.util.Int2ReferenceOpenHashMap,0,arraySize,103,TIMED_OUT,none
Int2ReferenceOpenHashMap.java,net.tridentsdk.util.Int2ReferenceOpenHashMap,1,arraySize,103,TIMED_OUT,none
Int2ReferenceOpenHashMap.java,net.tridentsdk.util.Int2ReferenceOpenHashMap,null,get,302,KILLED,net.tridentsdk.base.SubstanceTest.testOf(net.tridentsdk.base.SubstanceTest)
Int2ReferenceOpenHashMap.java,net.tridentsdk.util.Int2ReferenceOpenHashMap,0,insert,212,SURVIVED,none
Int2ReferenceOpenHashMap.java,net.tridentsdk.util.Int2ReferenceOpenHashMap,1,insert,212,SURVIVED,none
Int2ReferenceOpenHashMap.java,net.tridentsdk.util.Int2ReferenceOpenHashMap,0,maxFill,86,SURVIVED,none
Int2ReferenceOpenHashMap.java,net.tridentsdk.util.Int2ReferenceOpenHashMap,1,maxFill,86,SURVIVED,none
Int2ReferenceOpenHashMap.java,net.tridentsdk.util.Int2ReferenceOpenHashMap,0,mix,46,KILLED,net.tridentsdk.base.SubstanceTest.testOf(net.tridentsdk.base.SubstanceTest)
Int2ReferenceOpenHashMap.java,net.tridentsdk.util.Int2ReferenceOpenHashMap,1,mix,46,KILLED,net.tridentsdk.base.SubstanceTest.testOf(net.tridentsdk.base.SubstanceTest)
Int2ReferenceOpenHashMap.java,net.tridentsdk.util.Int2ReferenceOpenHashMap,0L,nextPowerOfTwo,63,TIMED_OUT,none
Int2ReferenceOpenHashMap.java,net.tridentsdk.util.Int2ReferenceOpenHashMap,1L,nextPowerOfTwo,63,TIMED_OUT,none
Int2ReferenceOpenHashMap.java,net.tridentsdk.util.Int2ReferenceOpenHashMap,null,put,238,SURVIVED,none
Int2ReferenceOpenHashMap.java,net.tridentsdk.util.Int2ReferenceOpenHashMap,0,realSize,187,SURVIVED,none
Int2ReferenceOpenHashMap.java,net.tridentsdk.util.Int2ReferenceOpenHashMap,1,realSize,187,SURVIVED,none
Int2ReferenceOpenHashMap.java,net.tridentsdk.util.Int2ReferenceOpenHashMap,void,TIMED_OUT,351,SURVIVED,none
Int2ReferenceOpenHashMap.java,net.tridentsdk.util.Int2ReferenceOpenHashMap,null,remove,279,NO_COVERAGE,none
Int2ReferenceOpenHashMap.java,net.tridentsdk.util.Int2ReferenceOpenHashMap,null,removeEntry,191,NO_COVERAGE,none
Int2ReferenceOpenHashMap.java,net.tridentsdk.util.Int2ReferenceOpenHashMap,null,removeNullEntry,201,NO_COVERAGE,none
Int2ReferenceOpenHashMap.java,net.tridentsdk.util.Int2ReferenceOpenHashMap,void,shiftKeys,258,NO_COVERAGE,none
Int2ReferenceOpenHashMap.java,net.tridentsdk.util.Int2ReferenceOpenHashMap,false,trim,323,SURVIVED,none
Int2ReferenceOpenHashMap.java,net.tridentsdk.util.Int2ReferenceOpenHashMap,true,trim,323,SURVIVED,none
Position.java,net.tridentsdk.base.Position,0.0,distance,195,KILLED,net.tridentsdk.base.PositionTest.distance(net.tridentsdk.base.PositionTest)
Position.java,net.tridentsdk.base.Position,1.0,distance,195,KILLED,net.tridentsdk.base.PositionTest.distance(net.tridentsdk.base.PositionTest)
Position.java,net.tridentsdk.base.Position,0.0,distanceSquared,174,KILLED,net.tridentsdk.base.PositionTest.distance(net.tridentsdk.base.PositionTest)
Position.java,net.tridentsdk.base.Position,1.0,distanceSquared,174,KILLED,net.tridentsdk.base.PositionTest.distance(net.tridentsdk.base.PositionTest)
Position.java,net.tridentsdk.base.Position,false,eq,208,KILLED,net.tridentsdk.base.PositionTest.testTheOtherConstructor(net.tridentsdk.base.PositionTest)
Position.java,net.tridentsdk.base.Position,true,eq,208,SURVIVED,none
Position.java,net.tridentsdk.base.Position,false,equals,253,KILLED,net.tridentsdk.base.PositionTest.testTheOtherConstructor(net.tridentsdk.base.PositionTest)
Position.java,net.tridentsdk.base.Position,true,equals,253,KILLED,net.tridentsdk.base.PositionTest.testEqualsHashString(net.tridentsdk.base.PositionTest)
Position.java,net.tridentsdk.base.Position,0,getChunkX,218,SURVIVED,none
Position.java,net.tridentsdk.base.Position,1,getChunkX,218,KILLED,net.tridentsdk.base.PositionTest.testSettersAndGetters(net.tridentsdk.base.PositionTest)
Position.java,net.tridentsdk.base.Position,0,getChunkZ,228,SURVIVED,none
Position.java,net.tridentsdk.base.Position,1,getChunkZ,228,KILLED,net.tridentsdk.base.PositionTest.testSettersAndGetters(net.tridentsdk.base.PositionTest)
Position.java,net.tridentsdk.base.Position,null,set,248,KILLED,net.tridentsdk.base.PositionTest.testSettersAndGetters(net.tridentsdk.base.PositionTest)
Position.java,net.tridentsdk.base.Position,null,setPitch,142,KILLED,net.tridentsdk.base.PositionTest.testSettersAndGetters(net.tridentsdk.base.PositionTest)
Position.java,net.tridentsdk.base.Position,null,setWorld,118,NO_COVERAGE,none
Position.java,net.tridentsdk.base.Position,null,setX,233,NO_COVERAGE,none
Position.java,net.tridentsdk.base.Position,null,setY,238,NO_COVERAGE,none
Position.java,net.tridentsdk.base.Position,null,setYaw,130,KILLED,net.tridentsdk.base.PositionTest.testSettersAndGetters(net.tridentsdk.base.PositionTest)
Position.java,net.tridentsdk.base.Position,null,setZ,243,NO_COVERAGE,none
CommandHandler.java,net.tridentsdk.command.CommandHandler,void,addDispatcherProvider,295,NO_COVERAGE,none
CommandHandler.java,net.tridentsdk.command.CommandHandler,false,dispatch,241,NO_COVERAGE,none
CommandHandler.java,net.tridentsdk.command.CommandHandler,true,dispatch,241,NO_COVERAGE,none
CommandHandler.java,net.tridentsdk.command.CommandHandler,"",getClassName,200,NO_COVERAGE,none
CommandHandler.java,net.tridentsdk.command.CommandHandler,"A",getClassName,200,NO_COVERAGE,none
CommandHandler.java,net.tridentsdk.command.CommandHandler,null,getClassName,200,NO_COVERAGE,none
CommandHandler.java,net.tridentsdk.command.CommandHandler,null,getDispatchers,276,NO_COVERAGE,none
CommandHandler.java,net.tridentsdk.command.CommandHandler,"",getMethodSignature,187,NO_COVERAGE,none
CommandHandler.java,net.tridentsdk.command.CommandHandler,"A",getMethodSignature,187,NO_COVERAGE,none
CommandHandler.java,net.tridentsdk.command.CommandHandler,null,getMethodSignature,187,NO_COVERAGE,none
CommandHandler.java,net.tridentsdk.command.CommandHandler,null,getPluginDispatchers,285,NO_COVERAGE,none
CommandHandler.java,net.tridentsdk.command.CommandHandler,false,isValidCommandName,206,NO_COVERAGE,none
CommandHandler.java,net.tridentsdk.command.CommandHandler,true,isValidCommandName,206,NO_COVERAGE,none
CommandHandler.java,net.tridentsdk.command.CommandHandler,void,register,107,NO_COVERAGE,none
CommandHandler.java,net.tridentsdk.command.CommandHandler,void,unregister,222,NO_COVERAGE,none
HoverEvent.java,net.tridentsdk.ui.chat.HoverEvent,null,achievement,85,KILLED,net.tridentsdk.ui.chat.HoverEventTest.testAchievementJson(net.tridentsdk.ui.chat.HoverEventTest)
HoverEvent.java,net.tridentsdk.ui.chat.HoverEvent,null,asJson,140,KILLED,net.tridentsdk.ui.chat.HoverEventTest.testAchievementJson(net.tridentsdk.ui.chat.HoverEventTest)
HoverEvent.java,net.tridentsdk.ui.chat.HoverEvent,false,canEqual,32,SURVIVED,none
HoverEvent.java,net.tridentsdk.ui.chat.HoverEvent,true,canEqual,32,SURVIVED,none
HoverEvent.java,net.tridentsdk.ui.chat.HoverEvent,false,equals,32,KILLED,net.tridentsdk.ui.chat.ChatComponentTest.testGettersAndSetters(net.tridentsdk.ui.chat.ChatComponentTest)
HoverEvent.java,net.tridentsdk.ui.chat.HoverEvent,true,equals,32,SURVIVED,none
HoverEvent.java,net.tridentsdk.ui.chat.HoverEvent,null,fromJson,112,KILLED,net.tridentsdk.ui.chat.HoverEventTest.testItem(net.tridentsdk.ui.chat.HoverEventTest)
HoverEvent.java,net.tridentsdk.ui.chat.HoverEvent,null,item,95,KILLED,net.tridentsdk.ui.chat.HoverEventTest.testItem(net.tridentsdk.ui.chat.HoverEventTest)
HoverEvent.java,net.tridentsdk.ui.chat.HoverEvent,null,text,63,KILLED,net.tridentsdk.ui.chat.HoverEventTest.testTextJson(net.tridentsdk.ui.chat.HoverEventTest)
HoverEvent.java,net.tridentsdk.ui.chat.HoverEvent,null,text,74,KILLED,net.tridentsdk.ui.chat.HoverEventTest.testTextJson(net.tridentsdk.ui.chat.HoverEventTest)
PluginLoader.java,net.tridentsdk.plugin.PluginLoader,null,load,148,NO_COVERAGE,none
PluginLoader.java,net.tridentsdk.plugin.PluginLoader,null,load,170,NO_COVERAGE,none
PluginLoader.java,net.tridentsdk.plugin.PluginLoader,void,loadAll,98,NO_COVERAGE,none
PluginLoader.java,net.tridentsdk.plugin.PluginLoader,void,loadAll,116,NO_COVERAGE,none
PluginLoader.java,net.tridentsdk.plugin.PluginLoader,void,reload,347,NO_COVERAGE,none
PluginLoader.java,net.tridentsdk.plugin.PluginLoader,false,unload,287,NO_COVERAGE,none
PluginLoader.java,net.tridentsdk.plugin.PluginLoader,true,unload,287,NO_COVERAGE,none
PluginLoader.java,net.tridentsdk.plugin.PluginLoader,false,unloadAll,320,NO_COVERAGE,none
PluginLoader.java,net.tridentsdk.plugin.PluginLoader,true,unloadAll,320,NO_COVERAGE,none
Vector.java,net.tridentsdk.base.Vector,0.0,getMagnitude,112,KILLED,net.tridentsdk.base.generated.VectorsTest_jmhType_B1.testNormalize(net.tridentsdk.base.generated.VectorsTest_jmhType_B1)
Vector.java,net.tridentsdk.base.Vector,1.0,getMagnitude,112,SURVIVED,none
Vector.java,net.tridentsdk.base.Vector,0.0,getMagnitudeSquared,94,KILLED,net.tridentsdk.base.generated.VectorsTest_jmhType_B1.testNormalize(net.tridentsdk.base.generated.VectorsTest_jmhType_B1)
Vector.java,net.tridentsdk.base.Vector,1.0,getMagnitudeSquared,94,SURVIVED,none
Vector.java,net.tridentsdk.base.Vector,null,normalize,127,KILLED,net.tridentsdk.base.generated.VectorsTest_jmhType_B1.testNormalize(net.tridentsdk.base.generated.VectorsTest_jmhType_B1)
Vector.java,net.tridentsdk.base.Vector,null,set,82,KILLED,net.tridentsdk.base.generated.VectorsTest_jmhType_B1.testNormalize(net.tridentsdk.base.generated.VectorsTest_jmhType_B1)
Vector.java,net.tridentsdk.base.Vector,null,setX,67,KILLED,net.tridentsdk.base.VectorsTest.testSGInt(net.tridentsdk.base.VectorsTest)
Vector.java,net.tridentsdk.base.Vector,null,setY,72,KILLED,net.tridentsdk.base.VectorsTest.testSGInt(net.tridentsdk.base.VectorsTest)
Vector.java,net.tridentsdk.base.Vector,null,setZ,77,KILLED,net.tridentsdk.base.VectorsTest.testSGInt(net.tridentsdk.base.VectorsTest)
BlockDirection.java,net.tridentsdk.base.BlockDirection,null,anticlockwise,88,KILLED,net.tridentsdk.base.BlockDirectionTest.testAnticlockwise(net.tridentsdk.base.BlockDirectionTest)
BlockDirection.java,net.tridentsdk.base.BlockDirection,null,anticlockwise,98,KILLED,net.tridentsdk.base.BlockDirectionTest.testAnticlockwise(net.tridentsdk.base.BlockDirectionTest)
BlockDirection.java,net.tridentsdk.base.BlockDirection,null,clockwise,109,KILLED,net.tridentsdk.base.BlockDirectionTest.testClockwise(net.tridentsdk.base.BlockDirectionTest)
BlockDirection.java,net.tridentsdk.base.BlockDirection,null,clockwise,119,KILLED,net.tridentsdk.base.BlockDirectionTest.testClockwise(net.tridentsdk.base.BlockDirectionTest)
BlockDirection.java,net.tridentsdk.base.BlockDirection,null,fromMinecraftDirection,143,KILLED,net.tridentsdk.base.BlockDirectionTest.testMinecraftDirections(net.tridentsdk.base.BlockDirectionTest)
BlockDirection.java,net.tridentsdk.base.BlockDirection,null,getOpposite,130,KILLED,net.tridentsdk.base.BlockDirectionTest.testOpposites(net.tridentsdk.base.BlockDirectionTest)
BlockDirection.java,net.tridentsdk.base.BlockDirection,false,hasMinecraftDirection,79,KILLED,net.tridentsdk.base.BlockDirectionTest.testDirectionalDifferences(net.tridentsdk.base.BlockDirectionTest)
BlockDirection.java,net.tridentsdk.base.BlockDirection,true,hasMinecraftDirection,79,KILLED,net.tridentsdk.base.BlockDirectionTest.testMinecraftDirections(net.tridentsdk.base.BlockDirectionTest)
ServerPingEvent.java,net.tridentsdk.event.server.ServerPingEvent$ServerPingResponse,null,asJson,57,NO_COVERAGE,none
ServerPingEvent.java,net.tridentsdk.event.server.ServerPingEvent$ServerPingResponse,false,canEqual,41,NO_COVERAGE,none
ServerPingEvent.java,net.tridentsdk.event.server.ServerPingEvent$ServerPingResponse,true,canEqual,41,NO_COVERAGE,none
ServerPingEvent.java,net.tridentsdk.event.server.ServerPingEvent$ServerPingResponse,false,equals,41,NO_COVERAGE,none
ServerPingEvent.java,net.tridentsdk.event.server.ServerPingEvent$ServerPingResponse,true,equals,41,NO_COVERAGE,none
ServerPingEvent.java,net.tridentsdk.event.server.ServerPingEvent$ServerPingResponse,null,setDescription,41,NO_COVERAGE,none
ServerPingEvent.java,net.tridentsdk.event.server.ServerPingEvent$ServerPingResponse,null,setPlayers,41,NO_COVERAGE,none
ServerPingEvent.java,net.tridentsdk.event.server.ServerPingEvent$ServerPingResponse,null,setVersion,41,NO_COVERAGE,none
ServerPingEvent.java,net.tridentsdk.event.server.ServerPingEvent$ServerPingResponsePlayers,null,asJson,113,NO_COVERAGE,none
ServerPingEvent.java,net.tridentsdk.event.server.ServerPingEvent$ServerPingResponsePlayers,false,canEqual,87,NO_COVERAGE,none
ServerPingEvent.java,net.tridentsdk.event.server.ServerPingEvent$ServerPingResponsePlayers,true,canEqual,87,NO_COVERAGE,none
ServerPingEvent.java,net.tridentsdk.event.server.ServerPingEvent$ServerPingResponsePlayers,false,equals,87,NO_COVERAGE,none
ServerPingEvent.java,net.tridentsdk.event.server.ServerPingEvent$ServerPingResponsePlayers,true,equals,87,NO_COVERAGE,none
ServerPingEvent.java,net.tridentsdk.event.server.ServerPingEvent$ServerPingResponsePlayers,null,setMaxPlayers,106,NO_COVERAGE,none
ServerPingEvent.java,net.tridentsdk.event.server.ServerPingEvent$ServerPingResponsePlayers,null,setOnlinePlayers,99,NO_COVERAGE,none
ServerPingEvent.java,net.tridentsdk.event.server.ServerPingEvent$ServerPingResponsePlayers,null,setSamples,87,NO_COVERAGE,none
Substance.java,net.tridentsdk.base.Substance,null,fromName,713,NO_COVERAGE,none
Substance.java,net.tridentsdk.base.Substance,null,fromNumericId,684,KILLED,net.tridentsdk.base.SubstanceTest.testOobOf(net.tridentsdk.base.SubstanceTest)
Substance.java,net.tridentsdk.base.Substance,null,fromStringId,699,NO_COVERAGE,none
Substance.java,net.tridentsdk.base.Substance,false,isBlock,641,NO_COVERAGE,none
Substance.java,net.tridentsdk.base.Substance,true,isBlock,641,NO_COVERAGE,none
Substance.java,net.tridentsdk.base.Substance,false,isItem,650,NO_COVERAGE,none
Substance.java,net.tridentsdk.base.Substance,true,isItem,650,NO_COVERAGE,none
ClickEvent.java,net.tridentsdk.ui.chat.ClickEvent,null,asJson,99,KILLED,net.tridentsdk.ui.chat.ClickEventTest.testJsonValidity(net.tridentsdk.ui.chat.ClickEventTest)
ClickEvent.java,net.tridentsdk.ui.chat.ClickEvent,false,canEqual,30,SURVIVED,none
ClickEvent.java,net.tridentsdk.ui.chat.ClickEvent,true,canEqual,30,SURVIVED,none
ClickEvent.java,net.tridentsdk.ui.chat.ClickEvent,false,equals,30,KILLED,net.tridentsdk.ui.chat.ChatComponentTest.testGettersAndSetters(net.tridentsdk.ui.chat.ChatComponentTest)
ClickEvent.java,net.tridentsdk.ui.chat.ClickEvent,true,equals,30,SURVIVED,none
ClickEvent.java,net.tridentsdk.ui.chat.ClickEvent,null,fromJson,72,KILLED,net.tridentsdk.ui.chat.ClickEventTest.testJsonValidity(net.tridentsdk.ui.chat.ClickEventTest)
ClickEvent.java,net.tridentsdk.ui.chat.ClickEvent,null,of,62,KILLED,net.tridentsdk.ui.chat.ClickEventTest.testJsonValidity(net.tridentsdk.ui.chat.ClickEventTest)
ServerPingEvent.java,net.tridentsdk.event.server.ServerPingEvent$ServerPingResponseSample,null,asJson,140,NO_COVERAGE,none
ServerPingEvent.java,net.tridentsdk.event.server.ServerPingEvent$ServerPingResponseSample,false,canEqual,128,NO_COVERAGE,none
ServerPingEvent.java,net.tridentsdk.event.server.ServerPingEvent$ServerPingResponseSample,true,canEqual,128,NO_COVERAGE,none
ServerPingEvent.java,net.tridentsdk.event.server.ServerPingEvent$ServerPingResponseSample,false,equals,128,NO_COVERAGE,none
ServerPingEvent.java,net.tridentsdk.event.server.ServerPingEvent$ServerPingResponseSample,true,equals,128,NO_COVERAGE,none
ServerPingEvent.java,net.tridentsdk.event.server.ServerPingEvent$ServerPingResponseSample,null,setName,128,NO_COVERAGE,none
ServerPingEvent.java,net.tridentsdk.event.server.ServerPingEvent$ServerPingResponseSample,null,setUuid,128,NO_COVERAGE,none
WorldCreateSpec.java,net.tridentsdk.world.opt.WorldCreateSpec,null,builder,42,NO_COVERAGE,none
WorldCreateSpec.java,net.tridentsdk.world.opt.WorldCreateSpec,null,custom,103,KILLED,net.tridentsdk.world.opt.WorldCreateSpecTest.testCustom(net.tridentsdk.world.opt.WorldCreateSpecTest)
WorldCreateSpec.java,net.tridentsdk.world.opt.WorldCreateSpec,"",getOptionString,73,SURVIVED,none
WorldCreateSpec.java,net.tridentsdk.world.opt.WorldCreateSpec,"A",getOptionString,73,SURVIVED,none
WorldCreateSpec.java,net.tridentsdk.world.opt.WorldCreateSpec,null,getOptionString,73,SURVIVED,none
WorldCreateSpec.java,net.tridentsdk.world.opt.WorldCreateSpec,false,isAllowFeatures,71,SURVIVED,none
WorldCreateSpec.java,net.tridentsdk.world.opt.WorldCreateSpec,true,isAllowFeatures,71,SURVIVED,none
ServerPingEvent.java,net.tridentsdk.event.server.ServerPingEvent$ServerPingResponseVersion,null,asJson,79,NO_COVERAGE,none
ServerPingEvent.java,net.tridentsdk.event.server.ServerPingEvent$ServerPingResponseVersion,false,canEqual,69,NO_COVERAGE,none
ServerPingEvent.java,net.tridentsdk.event.server.ServerPingEvent$ServerPingResponseVersion,true,canEqual,69,NO_COVERAGE,none
ServerPingEvent.java,net.tridentsdk.event.server.ServerPingEvent$ServerPingResponseVersion,false,equals,69,NO_COVERAGE,none
ServerPingEvent.java,net.tridentsdk.event.server.ServerPingEvent$ServerPingResponseVersion,true,equals,69,NO_COVERAGE,none
ServerPingEvent.java,net.tridentsdk.event.server.ServerPingEvent$ServerPingResponseVersion,null,setName,69,NO_COVERAGE,none
ParamsCommandDispatcher.java,net.tridentsdk.command.ParamsCommandDispatcher,"",getUsage,122,NO_COVERAGE,none
ParamsCommandDispatcher.java,net.tridentsdk.command.ParamsCommandDispatcher,"A",getUsage,122,NO_COVERAGE,none
ParamsCommandDispatcher.java,net.tridentsdk.command.ParamsCommandDispatcher,null,getUsage,122,NO_COVERAGE,none
ParamsCommandDispatcher.java,net.tridentsdk.command.ParamsCommandDispatcher,false,isContainedBy,236,NO_COVERAGE,none
ParamsCommandDispatcher.java,net.tridentsdk.command.ParamsCommandDispatcher,true,isContainedBy,236,NO_COVERAGE,none
ParamsCommandDispatcher.java,net.tridentsdk.command.ParamsCommandDispatcher,void,run,140,NO_COVERAGE,none
Player.java,net.tridentsdk.entity.living.Player,null,byName,70,NO_COVERAGE,none
Player.java,net.tridentsdk.entity.living.Player,null,byUuid,83,NO_COVERAGE,none
Player.java,net.tridentsdk.entity.living.Player,null,fuzzySearch,115,NO_COVERAGE,none
Player.java,net.tridentsdk.entity.living.Player,null,search,98,NO_COVERAGE,none
Player.java,net.tridentsdk.entity.living.Player,void,sendMessage,182,KILLED,net.tridentsdk.entity.living.PlayerTest.testSendMessageDefault(net.tridentsdk.entity.living.PlayerTest)
Player.java,net.tridentsdk.entity.living.Player,void,sendMessage,170,KILLED,net.tridentsdk.entity.living.PlayerTest.testSendMessageDefault(net.tridentsdk.entity.living.PlayerTest)
ChatColor.java,net.tridentsdk.ui.chat.ChatColor,false,isColor,174,KILLED,net.tridentsdk.ui.chat.ChatComponentTest.testFromFormatString(net.tridentsdk.ui.chat.ChatComponentTest)
ChatColor.java,net.tridentsdk.ui.chat.ChatColor,true,isColor,174,KILLED,net.tridentsdk.ui.chat.ChatComponentTest.testFromFormatString(net.tridentsdk.ui.chat.ChatComponentTest)
ChatColor.java,net.tridentsdk.ui.chat.ChatColor,false,isFormat,165,KILLED,net.tridentsdk.ui.chat.ChatComponentTest.testFromFormatString(net.tridentsdk.ui.chat.ChatComponentTest)
ChatColor.java,net.tridentsdk.ui.chat.ChatColor,true,isFormat,165,KILLED,net.tridentsdk.ui.chat.HoverEventTest.testTextJson(net.tridentsdk.ui.chat.HoverEventTest)
ChatColor.java,net.tridentsdk.ui.chat.ChatColor,null,of,197,KILLED,net.tridentsdk.ui.chat.ChatColorTest.testError(net.tridentsdk.ui.chat.ChatColorTest)
PluginChannel.java,net.tridentsdk.plugin.channel.PluginChannel,null,get,144,NO_COVERAGE,none
PluginChannel.java,net.tridentsdk.plugin.channel.PluginChannel,null,open,96,NO_COVERAGE,none
PluginChannel.java,net.tridentsdk.plugin.channel.PluginChannel,null,open,73,NO_COVERAGE,none
PluginChannel.java,net.tridentsdk.plugin.channel.PluginChannel,null,openAll,113,NO_COVERAGE,none
PluginChannel.java,net.tridentsdk.plugin.channel.PluginChannel,null,tryOpen,131,NO_COVERAGE,none
GameRuleMap.java,net.tridentsdk.world.opt.GameRuleMap,void,copyTo,113,SURVIVED,none
GameRuleMap.java,net.tridentsdk.world.opt.GameRuleMap,null,get,54,KILLED,net.tridentsdk.world.opt.OptsTest.gameRuleValueTest(net.tridentsdk.world.opt.OptsTest)
GameRuleMap.java,net.tridentsdk.world.opt.GameRuleMap,void,reset,95,KILLED,net.tridentsdk.world.opt.OptsTest.gameRuleValueTest(net.tridentsdk.world.opt.OptsTest)
GameRuleMap.java,net.tridentsdk.world.opt.GameRuleMap,void,set,70,KILLED,net.tridentsdk.world.opt.OptsTest.gameRuleValueTest(net.tridentsdk.world.opt.OptsTest)
WorldBorder.java,net.tridentsdk.world.opt.WorldBorder$DoubleXZ,false,canEqual,62,SURVIVED,none
WorldBorder.java,net.tridentsdk.world.opt.WorldBorder$DoubleXZ,true,canEqual,62,SURVIVED,none
WorldBorder.java,net.tridentsdk.world.opt.WorldBorder$DoubleXZ,false,equals,62,SURVIVED,none
WorldBorder.java,net.tridentsdk.world.opt.WorldBorder$DoubleXZ,true,equals,62,SURVIVED,none
CommandDispatcher.java,net.tridentsdk.command.CommandDispatcher,false,isAlias,50,NO_COVERAGE,none
CommandDispatcher.java,net.tridentsdk.command.CommandDispatcher,true,isAlias,50,NO_COVERAGE,none
CommandDispatcher.java,net.tridentsdk.command.CommandDispatcher,false,isMainCommand,37,NO_COVERAGE,none
CommandDispatcher.java,net.tridentsdk.command.CommandDispatcher,true,isMainCommand,37,NO_COVERAGE,none
Item.java,net.tridentsdk.inventory.Item,null,newItem,42,KILLED,net.tridentsdk.inventory.ItemTest.newItem(net.tridentsdk.inventory.ItemTest)
Item.java,net.tridentsdk.inventory.Item,null,newItem,54,KILLED,net.tridentsdk.inventory.ItemTest.newItem1(net.tridentsdk.inventory.ItemTest)
Item.java,net.tridentsdk.inventory.Item,null,newItem,67,KILLED,net.tridentsdk.inventory.ItemTest.newItem1(net.tridentsdk.inventory.ItemTest)
Item.java,net.tridentsdk.inventory.Item,null,newItem,81,KILLED,net.tridentsdk.inventory.ItemTest.newItem1(net.tridentsdk.inventory.ItemTest)
LogHandler.java,net.tridentsdk.logger.LogHandler,void,intercept,42,SURVIVED,none
LogHandler.java,net.tridentsdk.logger.LogHandler,false,removeHandler,56,KILLED,net.tridentsdk.logger.LogHandlerTest.removeHandler(net.tridentsdk.logger.LogHandlerTest)
LogHandler.java,net.tridentsdk.logger.LogHandler,true,removeHandler,56,SURVIVED,none
Config.java,net.tridentsdk.config.Config,null,load,94,KILLED,net.tridentsdk.config.ConfigTest.testFile(net.tridentsdk.config.ConfigTest)
Config.java,net.tridentsdk.config.Config,null,load,60,KILLED,net.tridentsdk.config.ConfigTest.testPathString(net.tridentsdk.config.ConfigTest)
Config.java,net.tridentsdk.config.Config,null,load,77,KILLED,net.tridentsdk.config.ConfigTest.testPath(net.tridentsdk.config.ConfigTest)
IntPair.java,net.tridentsdk.world.IntPair,false,equals,83,KILLED,net.tridentsdk.world.IntPairTest.equalsHashString(net.tridentsdk.world.IntPairTest)
IntPair.java,net.tridentsdk.world.IntPair,true,equals,83,SURVIVED,none
IntPair.java,net.tridentsdk.world.IntPair,null,make,60,KILLED,net.tridentsdk.world.IntPairTest.testGets(net.tridentsdk.world.IntPairTest)
Tag.java,net.tridentsdk.meta.nbt.Tag$Type$11,null,newListOfType,329,NO_COVERAGE,none
Tag.java,net.tridentsdk.meta.nbt.Tag$Type$11,null,read,305,NO_COVERAGE,none
Tag.java,net.tridentsdk.meta.nbt.Tag$Type$11,void,write,320,NO_COVERAGE,none
Tag.java,net.tridentsdk.meta.nbt.Tag$Type$5,null,newListOfType,187,NO_COVERAGE,none
Tag.java,net.tridentsdk.meta.nbt.Tag$Type$5,null,read,177,NO_COVERAGE,none
Tag.java,net.tridentsdk.meta.nbt.Tag$Type$5,void,write,182,NO_COVERAGE,none
Tag.java,net.tridentsdk.meta.nbt.Tag$Type$10,null,newListOfType,299,NO_COVERAGE,none
Tag.java,net.tridentsdk.meta.nbt.Tag$Type$10,null,read,271,NO_COVERAGE,none
Tag.java,net.tridentsdk.meta.nbt.Tag$Type$10,void,write,288,NO_COVERAGE,none
Tag.java,net.tridentsdk.meta.nbt.Tag$Type$6,null,newListOfType,203,NO_COVERAGE,none
Tag.java,net.tridentsdk.meta.nbt.Tag$Type$6,null,read,193,NO_COVERAGE,none
Tag.java,net.tridentsdk.meta.nbt.Tag$Type$6,void,write,198,NO_COVERAGE,none
Tag.java,net.tridentsdk.meta.nbt.Tag$Type$7,null,newListOfType,219,NO_COVERAGE,none
Tag.java,net.tridentsdk.meta.nbt.Tag$Type$7,null,read,209,NO_COVERAGE,none
Tag.java,net.tridentsdk.meta.nbt.Tag$Type$7,void,write,214,NO_COVERAGE,none
Tag.java,net.tridentsdk.meta.nbt.Tag$Type$8,null,newListOfType,242,NO_COVERAGE,none
Tag.java,net.tridentsdk.meta.nbt.Tag$Type$8,null,read,225,NO_COVERAGE,none
Tag.java,net.tridentsdk.meta.nbt.Tag$Type$8,void,write,233,NO_COVERAGE,none
Tag.java,net.tridentsdk.meta.nbt.Tag$Type$9,null,newListOfType,265,NO_COVERAGE,none
Tag.java,net.tridentsdk.meta.nbt.Tag$Type$9,null,read,248,NO_COVERAGE,none
Tag.java,net.tridentsdk.meta.nbt.Tag$Type$9,void,write,256,NO_COVERAGE,none
Tag.java,net.tridentsdk.meta.nbt.Tag$Type$12,null,newListOfType,355,NO_COVERAGE,none
Tag.java,net.tridentsdk.meta.nbt.Tag$Type$12,null,read,335,NO_COVERAGE,none
Tag.java,net.tridentsdk.meta.nbt.Tag$Type$12,void,write,346,NO_COVERAGE,none
Tag.java,net.tridentsdk.meta.nbt.Tag$Type$2,null,newListOfType,139,NO_COVERAGE,none
Tag.java,net.tridentsdk.meta.nbt.Tag$Type$2,null,read,129,NO_COVERAGE,none
Tag.java,net.tridentsdk.meta.nbt.Tag$Type$2,void,write,134,NO_COVERAGE,none
Tag.java,net.tridentsdk.meta.nbt.Tag$Type$3,null,newListOfType,155,NO_COVERAGE,none
Tag.java,net.tridentsdk.meta.nbt.Tag$Type$3,null,read,145,NO_COVERAGE,none
Tag.java,net.tridentsdk.meta.nbt.Tag$Type$3,void,write,150,NO_COVERAGE,none
Tag.java,net.tridentsdk.meta.nbt.Tag$Type$4,null,newListOfType,171,NO_COVERAGE,none
Tag.java,net.tridentsdk.meta.nbt.Tag$Type$4,null,read,161,NO_COVERAGE,none
Tag.java,net.tridentsdk.meta.nbt.Tag$Type$4,void,write,166,NO_COVERAGE,none
SimpleChannelListener.java,net.tridentsdk.plugin.channel.SimpleChannelListener,void,register,42,NO_COVERAGE,none
SimpleChannelListener.java,net.tridentsdk.plugin.channel.SimpleChannelListener,false,unregister,56,NO_COVERAGE,none
SimpleChannelListener.java,net.tridentsdk.plugin.channel.SimpleChannelListener,true,unregister,56,NO_COVERAGE,none
TabList.java,net.tridentsdk.ui.tablist.TabList,null,getGlobalTabList,53,KILLED,net.tridentsdk.ui.tablist.TabListTest.getGlobal(net.tridentsdk.ui.tablist.TabListTest)
TabList.java,net.tridentsdk.ui.tablist.TabList,null,newTabList,62,KILLED,net.tridentsdk.ui.tablist.TabListTest.newTabList(net.tridentsdk.ui.tablist.TabListTest)
Tag.java,net.tridentsdk.meta.nbt.Tag,null,decode,68,NO_COVERAGE,none
Tag.java,net.tridentsdk.meta.nbt.Tag,null,readFully,80,NO_COVERAGE,none
Logger.java,net.tridentsdk.logger.Logger,null,get,55,KILLED,net.tridentsdk.logger.LoggerTest.get1(net.tridentsdk.logger.LoggerTest)
Logger.java,net.tridentsdk.logger.Logger,null,get,45,KILLED,net.tridentsdk.logger.LoggerTest.get(net.tridentsdk.logger.LoggerTest)
PluginClassLoader.java,net.tridentsdk.plugin.PluginClassLoader,void,close,87,NO_COVERAGE,none
PluginClassLoader.java,net.tridentsdk.plugin.PluginClassLoader,null,findClass,73,NO_COVERAGE,none
PlayerChatEvent.java,net.tridentsdk.event.player.PlayerChatEvent,void,setChatComponent,31,NO_COVERAGE,none
PlayerChatEvent.java,net.tridentsdk.event.player.PlayerChatEvent,void,setRecipients,31,NO_COVERAGE,none
CommandSourceType.java,net.tridentsdk.command.CommandSourceType$1,false,isTypeOf,37,NO_COVERAGE,none
CommandSourceType.java,net.tridentsdk.command.CommandSourceType$1,true,isTypeOf,37,NO_COVERAGE,none
CommandSourceType.java,net.tridentsdk.command.CommandSourceType$3,false,isTypeOf,47,NO_COVERAGE,none
CommandSourceType.java,net.tridentsdk.command.CommandSourceType$3,true,isTypeOf,47,NO_COVERAGE,none
CommandSourceType.java,net.tridentsdk.command.CommandSourceType$2,false,isTypeOf,42,NO_COVERAGE,none
CommandSourceType.java,net.tridentsdk.command.CommandSourceType$2,true,isTypeOf,42,NO_COVERAGE,none
Transformers.java,net.tridentsdk.command.Transformers,void,registerTransformer,122,NO_COVERAGE,none
Transformers.java,net.tridentsdk.command.Transformers,null,transform,135,NO_COVERAGE,none
Impl.java,net.tridentsdk.Impl,null,get,123,KILLED,net.tridentsdk.ImplTest.testSetGet(net.tridentsdk.ImplTest)
Impl.java,net.tridentsdk.Impl,void,setImpl,112,TIMED_OUT,none
GameRule.java,net.tridentsdk.world.opt.GameRule,null,from,322,KILLED,net.tridentsdk.world.opt.OptsTest.gameRuleTest(net.tridentsdk.world.opt.OptsTest)
GameRule.java,net.tridentsdk.world.opt.GameRule,null,getKeyStrings,337,NO_COVERAGE,none
Plugin.java,net.tridentsdk.plugin.Plugin,void,init,75,NO_COVERAGE,none
Plugin.java,net.tridentsdk.plugin.Plugin,void,release,91,NO_COVERAGE,none
ChatComponent.java,net.tridentsdk.ui.chat.ChatComponent$StringChatComponent,null,asJson,746,KILLED,net.tridentsdk.ui.chat.ChatComponentTest.testTranslateWith(net.tridentsdk.ui.chat.ChatComponentTest)
SkeletonType.java,net.tridentsdk.meta.entity.living.monster.SkeletonType,null,of,65,KILLED,net.tridentsdk.base.SkeletonTypeTest.testError(net.tridentsdk.base.SkeletonTypeTest)
BossBarColor.java,net.tridentsdk.ui.bossbar.BossBarColor,null,of,82,KILLED,net.tridentsdk.ui.bossbar.BossBarColorTest.testError(net.tridentsdk.ui.bossbar.BossBarColorTest)
ClientChatMode.java,net.tridentsdk.ui.chat.ClientChatMode,null,of,66,KILLED,net.tridentsdk.ui.chat.ClientChatModeTest.testModeRegistration(net.tridentsdk.ui.chat.ClientChatModeTest)
HorseColor.java,net.tridentsdk.meta.entity.living.animal.HorseColor,null,of,75,KILLED,net.tridentsdk.base.HorseColorTest.testData(net.tridentsdk.base.HorseColorTest)
Tag.java,net.tridentsdk.meta.nbt.Tag$Type,void,writeFully,398,NO_COVERAGE,none
BossBar.java,net.tridentsdk.ui.bossbar.BossBar,null,newBossBar,45,KILLED,net.tridentsdk.ui.bossbar.BossBarTest.newBossBar(net.tridentsdk.ui.bossbar.BossBarTest)
GameMode.java,net.tridentsdk.world.opt.GameMode,null,from,108,KILLED,net.tridentsdk.world.opt.OptsTest.gameModeTest(net.tridentsdk.world.opt.OptsTest)
DyeColor.java,net.tridentsdk.base.DyeColor,null,of,131,KILLED,net.tridentsdk.base.DyeColorTest.testData(net.tridentsdk.base.DyeColorTest)
Title.java,net.tridentsdk.ui.title.Title,null,newTitle,67,NO_COVERAGE,none
PluginLoader.java,net.tridentsdk.plugin.PluginLoader$1,null,visitFile,119,NO_COVERAGE,none
VillagerProfession.java,net.tridentsdk.meta.entity.living.VillagerProfession,null,of,75,KILLED,net.tridentsdk.base.VillagerProfessionTest.testError(net.tridentsdk.base.VillagerProfessionTest)
LevelType.java,net.tridentsdk.world.opt.LevelType,null,from,88,KILLED,net.tridentsdk.world.opt.OptsTest.levelTypeTest(net.tridentsdk.world.opt.OptsTest)
WorldCreateSpec.java,net.tridentsdk.world.opt.WorldCreateSpec$WorldSpecBuilder,null,build,42,NO_COVERAGE,none
HorseType.java,net.tridentsdk.meta.entity.living.animal.HorseType,null,of,75,KILLED,net.tridentsdk.base.HorseTypeTest.testError(net.tridentsdk.base.HorseTypeTest)
Difficulty.java,net.tridentsdk.world.opt.Difficulty,null,from,97,KILLED,net.tridentsdk.world.opt.OptsTest.difficultyTest(net.tridentsdk.world.opt.OptsTest)
OcelotType.java,net.tridentsdk.meta.entity.living.animal.OcelotType,null,of,70,KILLED,net.tridentsdk.base.OcelotTypeTest.testError(net.tridentsdk.base.OcelotTypeTest)
Dimension.java,net.tridentsdk.world.opt.Dimension,null,from,98,KILLED,net.tridentsdk.world.opt.OptsTest.dimensionTest(net.tridentsdk.world.opt.OptsTest)
RabbitType.java,net.tridentsdk.meta.entity.living.animal.RabbitType,null,of,85,KILLED,net.tridentsdk.base.RabbitTypeTest.testError(net.tridentsdk.base.RabbitTypeTest)
ZombieType.java,net.tridentsdk.meta.entity.living.monster.ZombieType,null,of,90,KILLED,net.tridentsdk.base.ZombieTypeTest.testData(net.tridentsdk.base.ZombieTypeTest)
Tag.java,net.tridentsdk.meta.nbt.Tag$Type$13,null,get,373,NO_COVERAGE,none
Tag.java,net.tridentsdk.meta.nbt.Tag$Type$1,null,newListOfType,123,NO_COVERAGE,none
HorseMarkings.java,net.tridentsdk.meta.entity.living.animal.HorseMarkings,null,of,85,KILLED,net.tridentsdk.base.HorseMarkingsTest.testData(net.tridentsdk.base.HorseMarkingsTest)
Inventory.java,net.tridentsdk.inventory.Inventory,null,newInventory,53,KILLED,net.tridentsdk.inventory.InventoryTest.newInventory(net.tridentsdk.inventory.InventoryTest)
BossBarDivision.java,net.tridentsdk.ui.bossbar.BossBarDivision,null,of,79,KILLED,net.tridentsdk.ui.bossbar.BossBarDivisionTest.testError(net.tridentsdk.ui.bossbar.BossBarDivisionTest)
Server.java,net.tridentsdk.Server,null,getInstance,56,KILLED,net.tridentsdk.ServerTest.testGetInstance(net.tridentsdk.ServerTest)
