TagCreator.java,j2html.TagCreator,null,a,335,KILLED,j2html.tags.ConvenienceMethodTest.testAllConvenienceMethods(j2html.tags.ConvenienceMethodTest)
TagCreator.java,j2html.TagCreator,null,a,347,NO_COVERAGE,none
TagCreator.java,j2html.TagCreator,null,a,351,NO_COVERAGE,none
TagCreator.java,j2html.TagCreator,null,a,355,NO_COVERAGE,none
TagCreator.java,j2html.TagCreator,null,a,339,KILLED,j2html.tags.TagCreatorTest.testIff(j2html.tags.TagCreatorTest)
TagCreator.java,j2html.TagCreator,null,a,343,NO_COVERAGE,none
TagCreator.java,j2html.TagCreator,null,abbr,359,KILLED,j2html.tags.TagCreatorTest.testAllTags(j2html.tags.TagCreatorTest)
TagCreator.java,j2html.TagCreator,null,abbr,371,NO_COVERAGE,none
TagCreator.java,j2html.TagCreator,null,abbr,375,NO_COVERAGE,none
TagCreator.java,j2html.TagCreator,null,abbr,379,NO_COVERAGE,none
TagCreator.java,j2html.TagCreator,null,abbr,363,NO_COVERAGE,none
TagCreator.java,j2html.TagCreator,null,abbr,367,NO_COVERAGE,none
TagCreator.java,j2html.TagCreator,null,address,383,KILLED,j2html.tags.TagCreatorTest.testAllTags(j2html.tags.TagCreatorTest)
TagCreator.java,j2html.TagCreator,null,address,395,NO_COVERAGE,none
TagCreator.java,j2html.TagCreator,null,address,399,NO_COVERAGE,none
TagCreator.java,j2html.TagCreator,null,address,403,NO_COVERAGE,none
TagCreator.java,j2html.TagCreator,null,address,387,NO_COVERAGE,none
TagCreator.java,j2html.TagCreator,null,address,391,NO_COVERAGE,none
TagCreator.java,j2html.TagCreator,null,area,214,KILLED,j2html.tags.TagCreatorTest.testAllTags(j2html.tags.TagCreatorTest)
TagCreator.java,j2html.TagCreator,null,area,218,NO_COVERAGE,none
TagCreator.java,j2html.TagCreator,null,article,407,KILLED,j2html.tags.TagCreatorTest.testAllTags(j2html.tags.TagCreatorTest)
TagCreator.java,j2html.TagCreator,null,article,419,NO_COVERAGE,none
TagCreator.java,j2html.TagCreator,null,article,423,NO_COVERAGE,none
TagCreator.java,j2html.TagCreator,null,article,427,NO_COVERAGE,none
TagCreator.java,j2html.TagCreator,null,article,411,NO_COVERAGE,none
TagCreator.java,j2html.TagCreator,null,article,415,NO_COVERAGE,none
TagCreator.java,j2html.TagCreator,null,aside,431,KILLED,j2html.tags.TagCreatorTest.testAllTags(j2html.tags.TagCreatorTest)
TagCreator.java,j2html.TagCreator,null,aside,443,NO_COVERAGE,none
TagCreator.java,j2html.TagCreator,null,aside,447,NO_COVERAGE,none
TagCreator.java,j2html.TagCreator,null,aside,451,NO_COVERAGE,none
TagCreator.java,j2html.TagCreator,null,aside,435,NO_COVERAGE,none
TagCreator.java,j2html.TagCreator,null,aside,439,NO_COVERAGE,none
TagCreator.java,j2html.TagCreator,null,audio,455,KILLED,j2html.tags.TagCreatorTest.testAllTags(j2html.tags.TagCreatorTest)
TagCreator.java,j2html.TagCreator,null,audio,467,NO_COVERAGE,none
TagCreator.java,j2html.TagCreator,null,audio,471,NO_COVERAGE,none
TagCreator.java,j2html.TagCreator,null,audio,475,NO_COVERAGE,none
TagCreator.java,j2html.TagCreator,null,audio,459,NO_COVERAGE,none
TagCreator.java,j2html.TagCreator,null,audio,463,NO_COVERAGE,none
TagCreator.java,j2html.TagCreator,null,b,479,KILLED,j2html.tags.TagCreatorTest.testAllTags(j2html.tags.TagCreatorTest)
TagCreator.java,j2html.TagCreator,null,b,491,NO_COVERAGE,none
TagCreator.java,j2html.TagCreator,null,b,495,NO_COVERAGE,none
TagCreator.java,j2html.TagCreator,null,b,499,NO_COVERAGE,none
TagCreator.java,j2html.TagCreator,null,b,483,KILLED,j2html.tags.TagCreatorTest.testAllTags(j2html.tags.TagCreatorTest)
TagCreator.java,j2html.TagCreator,null,b,487,NO_COVERAGE,none
TagCreator.java,j2html.TagCreator,null,base,222,KILLED,j2html.tags.TagCreatorTest.testAllTags(j2html.tags.TagCreatorTest)
TagCreator.java,j2html.TagCreator,null,base,226,NO_COVERAGE,none
TagCreator.java,j2html.TagCreator,null,bdi,503,KILLED,j2html.tags.TagCreatorTest.testAllTags(j2html.tags.TagCreatorTest)
TagCreator.java,j2html.TagCreator,null,bdi,515,NO_COVERAGE,none
TagCreator.java,j2html.TagCreator,null,bdi,519,NO_COVERAGE,none
TagCreator.java,j2html.TagCreator,null,bdi,523,NO_COVERAGE,none
TagCreator.java,j2html.TagCreator,null,bdi,507,KILLED,j2html.tags.TagCreatorTest.testAllTags(j2html.tags.TagCreatorTest)
TagCreator.java,j2html.TagCreator,null,bdi,511,NO_COVERAGE,none
TagCreator.java,j2html.TagCreator,null,bdo,527,KILLED,j2html.tags.TagCreatorTest.testAllTags(j2html.tags.TagCreatorTest)
TagCreator.java,j2html.TagCreator,null,bdo,539,NO_COVERAGE,none
TagCreator.java,j2html.TagCreator,null,bdo,543,NO_COVERAGE,none
TagCreator.java,j2html.TagCreator,null,bdo,547,NO_COVERAGE,none
TagCreator.java,j2html.TagCreator,null,bdo,531,KILLED,j2html.tags.TagCreatorTest.testAllTags(j2html.tags.TagCreatorTest)
TagCreator.java,j2html.TagCreator,null,bdo,535,NO_COVERAGE,none
TagCreator.java,j2html.TagCreator,null,blockquote,551,KILLED,j2html.tags.TagCreatorTest.testAllTags(j2html.tags.TagCreatorTest)
TagCreator.java,j2html.TagCreator,null,blockquote,563,NO_COVERAGE,none
TagCreator.java,j2html.TagCreator,null,blockquote,567,NO_COVERAGE,none
TagCreator.java,j2html.TagCreator,null,blockquote,571,NO_COVERAGE,none
TagCreator.java,j2html.TagCreator,null,blockquote,555,KILLED,j2html.tags.TagCreatorTest.testAllTags(j2html.tags.TagCreatorTest)
TagCreator.java,j2html.TagCreator,null,blockquote,559,NO_COVERAGE,none
TagCreator.java,j2html.TagCreator,null,body,575,KILLED,j2html.tags.TagTest.testRender(j2html.tags.TagTest)
TagCreator.java,j2html.TagCreator,null,body,587,NO_COVERAGE,none
TagCreator.java,j2html.TagCreator,null,body,591,NO_COVERAGE,none
TagCreator.java,j2html.TagCreator,null,body,595,NO_COVERAGE,none
TagCreator.java,j2html.TagCreator,null,body,579,NO_COVERAGE,none
TagCreator.java,j2html.TagCreator,null,body,583,KILLED,j2html.tags.ComplexRenderTest.testComplexRender_formatted(j2html.tags.ComplexRenderTest)
TagCreator.java,j2html.TagCreator,null,br,230,KILLED,j2html.tags.TagCreatorTest.testAllTags(j2html.tags.TagCreatorTest)
TagCreator.java,j2html.TagCreator,null,br,234,NO_COVERAGE,none
TagCreator.java,j2html.TagCreator,null,button,599,KILLED,j2html.tags.ComplexRenderTest.testComplexRender_formatted(j2html.tags.ComplexRenderTest)
TagCreator.java,j2html.TagCreator,null,button,611,NO_COVERAGE,none
TagCreator.java,j2html.TagCreator,null,button,615,NO_COVERAGE,none
TagCreator.java,j2html.TagCreator,null,button,619,NO_COVERAGE,none
TagCreator.java,j2html.TagCreator,null,button,603,KILLED,j2html.tags.TagCreatorTest.testAllTags(j2html.tags.TagCreatorTest)
TagCreator.java,j2html.TagCreator,null,button,607,NO_COVERAGE,none
TagCreator.java,j2html.TagCreator,null,canvas,623,KILLED,j2html.tags.TagCreatorTest.testAllTags(j2html.tags.TagCreatorTest)
TagCreator.java,j2html.TagCreator,null,canvas,635,NO_COVERAGE,none
TagCreator.java,j2html.TagCreator,null,canvas,639,NO_COVERAGE,none
TagCreator.java,j2html.TagCreator,null,canvas,643,NO_COVERAGE,none
TagCreator.java,j2html.TagCreator,null,canvas,627,NO_COVERAGE,none
TagCreator.java,j2html.TagCreator,null,canvas,631,NO_COVERAGE,none
TagCreator.java,j2html.TagCreator,null,caption,647,KILLED,j2html.tags.TagCreatorTest.testAllTags(j2html.tags.TagCreatorTest)
TagCreator.java,j2html.TagCreator,null,caption,659,NO_COVERAGE,none
TagCreator.java,j2html.TagCreator,null,caption,663,NO_COVERAGE,none
TagCreator.java,j2html.TagCreator,null,caption,667,NO_COVERAGE,none
TagCreator.java,j2html.TagCreator,null,caption,651,KILLED,j2html.tags.TagCreatorTest.testAllTags(j2html.tags.TagCreatorTest)
TagCreator.java,j2html.TagCreator,null,caption,655,NO_COVERAGE,none
TagCreator.java,j2html.TagCreator,null,cite,671,KILLED,j2html.tags.TagCreatorTest.testAllTags(j2html.tags.TagCreatorTest)
TagCreator.java,j2html.TagCreator,null,cite,683,NO_COVERAGE,none
TagCreator.java,j2html.TagCreator,null,cite,687,NO_COVERAGE,none
TagCreator.java,j2html.TagCreator,null,cite,691,NO_COVERAGE,none
TagCreator.java,j2html.TagCreator,null,cite,675,KILLED,j2html.tags.TagCreatorTest.testAllTags(j2html.tags.TagCreatorTest)
TagCreator.java,j2html.TagCreator,null,cite,679,NO_COVERAGE,none
TagCreator.java,j2html.TagCreator,null,code,695,KILLED,j2html.tags.TagCreatorTest.testAllTags(j2html.tags.TagCreatorTest)
TagCreator.java,j2html.TagCreator,null,code,707,NO_COVERAGE,none
TagCreator.java,j2html.TagCreator,null,code,711,NO_COVERAGE,none
TagCreator.java,j2html.TagCreator,null,code,715,NO_COVERAGE,none
TagCreator.java,j2html.TagCreator,null,code,699,KILLED,j2html.tags.TagCreatorTest.testJoin(j2html.tags.TagCreatorTest)
TagCreator.java,j2html.TagCreator,null,code,703,NO_COVERAGE,none
TagCreator.java,j2html.TagCreator,null,col,238,KILLED,j2html.tags.TagCreatorTest.testAllTags(j2html.tags.TagCreatorTest)
TagCreator.java,j2html.TagCreator,null,col,242,NO_COVERAGE,none
TagCreator.java,j2html.TagCreator,null,colgroup,719,KILLED,j2html.tags.TagCreatorTest.testAllTags(j2html.tags.TagCreatorTest)
TagCreator.java,j2html.TagCreator,null,colgroup,731,NO_COVERAGE,none
TagCreator.java,j2html.TagCreator,null,colgroup,735,NO_COVERAGE,none
TagCreator.java,j2html.TagCreator,null,colgroup,739,NO_COVERAGE,none
TagCreator.java,j2html.TagCreator,null,colgroup,723,NO_COVERAGE,none
TagCreator.java,j2html.TagCreator,null,colgroup,727,NO_COVERAGE,none
TagCreator.java,j2html.TagCreator,null,datalist,743,KILLED,j2html.tags.TagCreatorTest.testAllTags(j2html.tags.TagCreatorTest)
TagCreator.java,j2html.TagCreator,null,datalist,755,NO_COVERAGE,none
TagCreator.java,j2html.TagCreator,null,datalist,759,NO_COVERAGE,none
TagCreator.java,j2html.TagCreator,null,datalist,763,NO_COVERAGE,none
TagCreator.java,j2html.TagCreator,null,datalist,747,NO_COVERAGE,none
TagCreator.java,j2html.TagCreator,null,datalist,751,NO_COVERAGE,none
TagCreator.java,j2html.TagCreator,null,dd,767,KILLED,j2html.tags.TagCreatorTest.testAllTags(j2html.tags.TagCreatorTest)
TagCreator.java,j2html.TagCreator,null,dd,779,NO_COVERAGE,none
TagCreator.java,j2html.TagCreator,null,dd,783,NO_COVERAGE,none
TagCreator.java,j2html.TagCreator,null,dd,787,NO_COVERAGE,none
TagCreator.java,j2html.TagCreator,null,dd,771,KILLED,j2html.tags.TagCreatorTest.testAllTags(j2html.tags.TagCreatorTest)
TagCreator.java,j2html.TagCreator,null,dd,775,NO_COVERAGE,none
TagCreator.java,j2html.TagCreator,null,del,791,KILLED,j2html.tags.TagCreatorTest.testAllTags(j2html.tags.TagCreatorTest)
TagCreator.java,j2html.TagCreator,null,del,803,NO_COVERAGE,none
TagCreator.java,j2html.TagCreator,null,del,807,NO_COVERAGE,none
TagCreator.java,j2html.TagCreator,null,del,811,NO_COVERAGE,none
TagCreator.java,j2html.TagCreator,null,del,795,KILLED,j2html.tags.TagCreatorTest.testAllTags(j2html.tags.TagCreatorTest)
TagCreator.java,j2html.TagCreator,null,del,799,NO_COVERAGE,none
TagCreator.java,j2html.TagCreator,null,details,815,KILLED,j2html.tags.TagCreatorTest.testAllTags(j2html.tags.TagCreatorTest)
TagCreator.java,j2html.TagCreator,null,details,827,NO_COVERAGE,none
TagCreator.java,j2html.TagCreator,null,details,831,NO_COVERAGE,none
TagCreator.java,j2html.TagCreator,null,details,835,NO_COVERAGE,none
TagCreator.java,j2html.TagCreator,null,details,819,NO_COVERAGE,none
TagCreator.java,j2html.TagCreator,null,details,823,NO_COVERAGE,none
TagCreator.java,j2html.TagCreator,null,dfn,839,KILLED,j2html.tags.TagCreatorTest.testAllTags(j2html.tags.TagCreatorTest)
TagCreator.java,j2html.TagCreator,null,dfn,851,NO_COVERAGE,none
TagCreator.java,j2html.TagCreator,null,dfn,855,NO_COVERAGE,none
TagCreator.java,j2html.TagCreator,null,dfn,859,NO_COVERAGE,none
TagCreator.java,j2html.TagCreator,null,dfn,843,KILLED,j2html.tags.TagCreatorTest.testAllTags(j2html.tags.TagCreatorTest)
TagCreator.java,j2html.TagCreator,null,dfn,847,NO_COVERAGE,none
TagCreator.java,j2html.TagCreator,null,dialog,863,KILLED,j2html.tags.TagCreatorTest.testAllTags(j2html.tags.TagCreatorTest)
TagCreator.java,j2html.TagCreator,null,dialog,875,NO_COVERAGE,none
TagCreator.java,j2html.TagCreator,null,dialog,879,NO_COVERAGE,none
TagCreator.java,j2html.TagCreator,null,dialog,883,NO_COVERAGE,none
TagCreator.java,j2html.TagCreator,null,dialog,867,KILLED,j2html.tags.TagCreatorTest.testAllTags(j2html.tags.TagCreatorTest)
TagCreator.java,j2html.TagCreator,null,dialog,871,NO_COVERAGE,none
TagCreator.java,j2html.TagCreator,null,div,887,KILLED,j2html.tags.TagTest.testWithClasses(j2html.tags.TagTest)
TagCreator.java,j2html.TagCreator,null,div,899,KILLED,j2html.attributes.AttrShortFormTest.addTo_justClass(j2html.attributes.AttrShortFormTest)
TagCreator.java,j2html.TagCreator,null,div,903,NO_COVERAGE,none
TagCreator.java,j2html.TagCreator,null,div,907,NO_COVERAGE,none
TagCreator.java,j2html.TagCreator,null,div,891,NO_COVERAGE,none
TagCreator.java,j2html.TagCreator,null,div,895,KILLED,j2html.tags.TagCreatorTest.testIffElse(j2html.tags.TagCreatorTest)
TagCreator.java,j2html.TagCreator,null,dl,911,KILLED,j2html.tags.TagCreatorTest.testAllTags(j2html.tags.TagCreatorTest)
TagCreator.java,j2html.TagCreator,null,dl,923,NO_COVERAGE,none
TagCreator.java,j2html.TagCreator,null,dl,927,NO_COVERAGE,none
TagCreator.java,j2html.TagCreator,null,dl,931,NO_COVERAGE,none
TagCreator.java,j2html.TagCreator,null,dl,915,NO_COVERAGE,none
TagCreator.java,j2html.TagCreator,null,dl,919,NO_COVERAGE,none
TagCreator.java,j2html.TagCreator,null,document,209,KILLED,j2html.tags.TagCreatorTest.testDocument(j2html.tags.TagCreatorTest)
TagCreator.java,j2html.TagCreator,"",document,169,KILLED,j2html.tags.TagCreatorTest.testDocument(j2html.tags.TagCreatorTest)
TagCreator.java,j2html.TagCreator,"A",document,169,KILLED,j2html.tags.TagCreatorTest.testDocument(j2html.tags.TagCreatorTest)
TagCreator.java,j2html.TagCreator,null,document,169,KILLED,j2html.tags.TagCreatorTest.testDocument(j2html.tags.TagCreatorTest)
TagCreator.java,j2html.TagCreator,null,dt,935,KILLED,j2html.tags.TagCreatorTest.testAllTags(j2html.tags.TagCreatorTest)
TagCreator.java,j2html.TagCreator,null,dt,947,NO_COVERAGE,none
TagCreator.java,j2html.TagCreator,null,dt,951,NO_COVERAGE,none
TagCreator.java,j2html.TagCreator,null,dt,955,NO_COVERAGE,none
TagCreator.java,j2html.TagCreator,null,dt,939,KILLED,j2html.tags.TagCreatorTest.testAllTags(j2html.tags.TagCreatorTest)
TagCreator.java,j2html.TagCreator,null,dt,943,NO_COVERAGE,none
TagCreator.java,j2html.TagCreator,null,each,108,KILLED,j2html.tags.RenderFormattedTest.testFormattedTags_each(j2html.tags.RenderFormattedTest)
TagCreator.java,j2html.TagCreator,null,each,126,KILLED,j2html.tags.TagCreatorTest.testEachWithMapAndBiFunction(j2html.tags.TagCreatorTest)
TagCreator.java,j2html.TagCreator,null,each,112,KILLED,j2html.tags.TagCreatorTest.testEachWithMap(j2html.tags.TagCreatorTest)
TagCreator.java,j2html.TagCreator,null,each,95,KILLED,j2html.tags.TagCreatorTest.testEachWithStream(j2html.tags.TagCreatorTest)
TagCreator.java,j2html.TagCreator,null,em,959,KILLED,j2html.tags.TagCreatorTest.testAllTags(j2html.tags.TagCreatorTest)
TagCreator.java,j2html.TagCreator,null,em,971,NO_COVERAGE,none
TagCreator.java,j2html.TagCreator,null,em,975,NO_COVERAGE,none
TagCreator.java,j2html.TagCreator,null,em,979,NO_COVERAGE,none
TagCreator.java,j2html.TagCreator,null,em,963,KILLED,j2html.tags.TagCreatorTest.testAllTags(j2html.tags.TagCreatorTest)
TagCreator.java,j2html.TagCreator,null,em,967,NO_COVERAGE,none
TagCreator.java,j2html.TagCreator,null,embed,246,KILLED,j2html.tags.TagCreatorTest.testAllTags(j2html.tags.TagCreatorTest)
TagCreator.java,j2html.TagCreator,null,embed,250,NO_COVERAGE,none
TagCreator.java,j2html.TagCreator,null,emptyTag,181,KILLED,j2html.tags.TagCreatorTest.testAllTags(j2html.tags.TagCreatorTest)
TagCreator.java,j2html.TagCreator,null,fieldset,983,KILLED,j2html.tags.TagCreatorTest.testAllTags(j2html.tags.TagCreatorTest)
TagCreator.java,j2html.TagCreator,null,fieldset,995,NO_COVERAGE,none
TagCreator.java,j2html.TagCreator,null,fieldset,999,NO_COVERAGE,none
TagCreator.java,j2html.TagCreator,null,fieldset,1003,NO_COVERAGE,none
TagCreator.java,j2html.TagCreator,null,fieldset,987,NO_COVERAGE,none
TagCreator.java,j2html.TagCreator,null,fieldset,991,NO_COVERAGE,none
TagCreator.java,j2html.TagCreator,null,figcaption,1007,KILLED,j2html.tags.TagCreatorTest.testAllTags(j2html.tags.TagCreatorTest)
TagCreator.java,j2html.TagCreator,null,figcaption,1019,NO_COVERAGE,none
TagCreator.java,j2html.TagCreator,null,figcaption,1023,NO_COVERAGE,none
TagCreator.java,j2html.TagCreator,null,figcaption,1027,NO_COVERAGE,none
TagCreator.java,j2html.TagCreator,null,figcaption,1011,KILLED,j2html.tags.TagCreatorTest.testAllTags(j2html.tags.TagCreatorTest)
TagCreator.java,j2html.TagCreator,null,figcaption,1015,NO_COVERAGE,none
TagCreator.java,j2html.TagCreator,null,figure,1031,KILLED,j2html.tags.TagCreatorTest.testAllTags(j2html.tags.TagCreatorTest)
TagCreator.java,j2html.TagCreator,null,figure,1043,NO_COVERAGE,none
TagCreator.java,j2html.TagCreator,null,figure,1047,NO_COVERAGE,none
TagCreator.java,j2html.TagCreator,null,figure,1051,NO_COVERAGE,none
TagCreator.java,j2html.TagCreator,null,figure,1035,NO_COVERAGE,none
TagCreator.java,j2html.TagCreator,null,figure,1039,NO_COVERAGE,none
TagCreator.java,j2html.TagCreator,null,fileAsEscapedString,185,KILLED,j2html.tags.InlineStaticResourceTest.testAllTags(j2html.tags.InlineStaticResourceTest)
TagCreator.java,j2html.TagCreator,null,fileAsString,189,KILLED,j2html.tags.InlineStaticResourceTest.testAllTags(j2html.tags.InlineStaticResourceTest)
TagCreator.java,j2html.TagCreator,null,filter,139,KILLED,j2html.tags.TagCreatorTest.testFilter(j2html.tags.TagCreatorTest)
TagCreator.java,j2html.TagCreator,null,footer,1055,KILLED,j2html.tags.TagTest.testRender(j2html.tags.TagTest)
TagCreator.java,j2html.TagCreator,null,footer,1067,NO_COVERAGE,none
TagCreator.java,j2html.TagCreator,null,footer,1071,NO_COVERAGE,none
TagCreator.java,j2html.TagCreator,null,footer,1075,NO_COVERAGE,none
TagCreator.java,j2html.TagCreator,null,footer,1059,KILLED,j2html.tags.ComplexRenderTest.testComplexRender_formatted(j2html.tags.ComplexRenderTest)
TagCreator.java,j2html.TagCreator,null,footer,1063,NO_COVERAGE,none
TagCreator.java,j2html.TagCreator,null,form,1079,KILLED,j2html.tags.ConvenienceMethodTest.testAllConvenienceMethods(j2html.tags.ConvenienceMethodTest)
TagCreator.java,j2html.TagCreator,null,form,1091,NO_COVERAGE,none
TagCreator.java,j2html.TagCreator,null,form,1095,NO_COVERAGE,none
TagCreator.java,j2html.TagCreator,null,form,1099,NO_COVERAGE,none
TagCreator.java,j2html.TagCreator,null,form,1083,NO_COVERAGE,none
TagCreator.java,j2html.TagCreator,null,form,1087,NO_COVERAGE,none
TagCreator.java,j2html.TagCreator,null,h1,1103,KILLED,j2html.tags.ComplexRenderTest.testComplexRender(j2html.tags.ComplexRenderTest)
TagCreator.java,j2html.TagCreator,null,h1,1115,NO_COVERAGE,none
TagCreator.java,j2html.TagCreator,null,h1,1119,NO_COVERAGE,none
TagCreator.java,j2html.TagCreator,null,h1,1123,NO_COVERAGE,none
TagCreator.java,j2html.TagCreator,null,h1,1107,KILLED,j2html.tags.TagCreatorTest.testAllTags(j2html.tags.TagCreatorTest)
TagCreator.java,j2html.TagCreator,null,h1,1111,KILLED,j2html.tags.ComplexRenderTest.testComplexRender_formatted(j2html.tags.ComplexRenderTest)
TagCreator.java,j2html.TagCreator,null,h2,1127,KILLED,j2html.tags.TagCreatorTest.testAllTags(j2html.tags.TagCreatorTest)
TagCreator.java,j2html.TagCreator,null,h2,1139,NO_COVERAGE,none
TagCreator.java,j2html.TagCreator,null,h2,1143,KILLED,j2html.RenderPerformanceTest.staticPerfomanceTest(j2html.RenderPerformanceTest)
TagCreator.java,j2html.TagCreator,null,h2,1147,KILLED,j2html.RenderPerformanceTest.templatePerfomanceTest(j2html.RenderPerformanceTest)
TagCreator.java,j2html.TagCreator,null,h2,1131,KILLED,j2html.tags.TagCreatorTest.testFilter(j2html.tags.TagCreatorTest)
TagCreator.java,j2html.TagCreator,null,h2,1135,KILLED,j2html.RenderPerformanceTest.templatePerfomanceTest(j2html.RenderPerformanceTest)
TagCreator.java,j2html.TagCreator,null,h3,1151,KILLED,j2html.tags.TagCreatorTest.testAllTags(j2html.tags.TagCreatorTest)
TagCreator.java,j2html.TagCreator,null,h3,1163,NO_COVERAGE,none
TagCreator.java,j2html.TagCreator,null,h3,1167,NO_COVERAGE,none
TagCreator.java,j2html.TagCreator,null,h3,1171,NO_COVERAGE,none
TagCreator.java,j2html.TagCreator,null,h3,1155,KILLED,j2html.tags.TagCreatorTest.testAllTags(j2html.tags.TagCreatorTest)
TagCreator.java,j2html.TagCreator,null,h3,1159,NO_COVERAGE,none
TagCreator.java,j2html.TagCreator,null,h4,1175,KILLED,j2html.tags.TagCreatorTest.testAllTags(j2html.tags.TagCreatorTest)
TagCreator.java,j2html.TagCreator,null,h4,1187,NO_COVERAGE,none
TagCreator.java,j2html.TagCreator,null,h4,1191,NO_COVERAGE,none
TagCreator.java,j2html.TagCreator,null,h4,1195,NO_COVERAGE,none
TagCreator.java,j2html.TagCreator,null,h4,1179,KILLED,j2html.tags.TagCreatorTest.testAllTags(j2html.tags.TagCreatorTest)
TagCreator.java,j2html.TagCreator,null,h4,1183,NO_COVERAGE,none
TagCreator.java,j2html.TagCreator,null,h5,1199,KILLED,j2html.tags.TagCreatorTest.testAllTags(j2html.tags.TagCreatorTest)
TagCreator.java,j2html.TagCreator,null,h5,1211,NO_COVERAGE,none
TagCreator.java,j2html.TagCreator,null,h5,1215,NO_COVERAGE,none
TagCreator.java,j2html.TagCreator,null,h5,1219,NO_COVERAGE,none
TagCreator.java,j2html.TagCreator,null,h5,1203,KILLED,j2html.tags.TagCreatorTest.testAllTags(j2html.tags.TagCreatorTest)
TagCreator.java,j2html.TagCreator,null,h5,1207,NO_COVERAGE,none
TagCreator.java,j2html.TagCreator,null,h6,1223,KILLED,j2html.tags.TagCreatorTest.testAllTags(j2html.tags.TagCreatorTest)
TagCreator.java,j2html.TagCreator,null,h6,1235,NO_COVERAGE,none
TagCreator.java,j2html.TagCreator,null,h6,1239,NO_COVERAGE,none
TagCreator.java,j2html.TagCreator,null,h6,1243,NO_COVERAGE,none
TagCreator.java,j2html.TagCreator,null,h6,1227,KILLED,j2html.tags.TagCreatorTest.testAllTags(j2html.tags.TagCreatorTest)
TagCreator.java,j2html.TagCreator,null,h6,1231,NO_COVERAGE,none
TagCreator.java,j2html.TagCreator,null,head,1247,KILLED,j2html.tags.ComplexRenderTest.testComplexRender(j2html.tags.ComplexRenderTest)
TagCreator.java,j2html.TagCreator,null,head,1259,NO_COVERAGE,none
TagCreator.java,j2html.TagCreator,null,head,1263,NO_COVERAGE,none
TagCreator.java,j2html.TagCreator,null,head,1267,NO_COVERAGE,none
TagCreator.java,j2html.TagCreator,null,head,1251,NO_COVERAGE,none
TagCreator.java,j2html.TagCreator,null,head,1255,KILLED,j2html.tags.ComplexRenderTest.testComplexRender_formatted(j2html.tags.ComplexRenderTest)
TagCreator.java,j2html.TagCreator,null,header,1271,KILLED,j2html.tags.TagTest.testRender(j2html.tags.TagTest)
TagCreator.java,j2html.TagCreator,null,header,1283,NO_COVERAGE,none
TagCreator.java,j2html.TagCreator,null,header,1287,NO_COVERAGE,none
TagCreator.java,j2html.TagCreator,null,header,1291,NO_COVERAGE,none
TagCreator.java,j2html.TagCreator,null,header,1275,NO_COVERAGE,none
TagCreator.java,j2html.TagCreator,null,header,1279,KILLED,j2html.tags.ComplexRenderTest.testComplexRender_formatted(j2html.tags.ComplexRenderTest)
TagCreator.java,j2html.TagCreator,null,hr,254,KILLED,j2html.tags.TagCreatorTest.testAllTags(j2html.tags.TagCreatorTest)
TagCreator.java,j2html.TagCreator,null,hr,258,NO_COVERAGE,none
TagCreator.java,j2html.TagCreator,null,html,1295,KILLED,j2html.tags.TagCreatorTest.testDocument(j2html.tags.TagCreatorTest)
TagCreator.java,j2html.TagCreator,null,html,1307,NO_COVERAGE,none
TagCreator.java,j2html.TagCreator,null,html,1311,NO_COVERAGE,none
TagCreator.java,j2html.TagCreator,null,html,1315,NO_COVERAGE,none
TagCreator.java,j2html.TagCreator,null,html,1299,NO_COVERAGE,none
TagCreator.java,j2html.TagCreator,null,html,1303,KILLED,j2html.tags.ComplexRenderTest.testComplexRender_formatted(j2html.tags.ComplexRenderTest)
TagCreator.java,j2html.TagCreator,null,i,1319,KILLED,j2html.tags.TagCreatorTest.testAllTags(j2html.tags.TagCreatorTest)
TagCreator.java,j2html.TagCreator,null,i,1331,NO_COVERAGE,none
TagCreator.java,j2html.TagCreator,null,i,1335,NO_COVERAGE,none
TagCreator.java,j2html.TagCreator,null,i,1339,NO_COVERAGE,none
TagCreator.java,j2html.TagCreator,null,i,1323,KILLED,j2html.tags.TagCreatorTest.testAllTags(j2html.tags.TagCreatorTest)
TagCreator.java,j2html.TagCreator,null,i,1327,NO_COVERAGE,none
TagCreator.java,j2html.TagCreator,null,iff,51,KILLED,j2html.tags.TagCreatorTest.testIffOptional(j2html.tags.TagCreatorTest)
TagCreator.java,j2html.TagCreator,null,iff,37,KILLED,j2html.tags.TagTest.testWithClasses(j2html.tags.TagTest)
TagCreator.java,j2html.TagCreator,null,iffElse,61,KILLED,j2html.tags.TagCreatorTest.testIffElse(j2html.tags.TagCreatorTest)
TagCreator.java,j2html.TagCreator,null,iframe,1343,KILLED,j2html.tags.TagCreatorTest.testAllTags(j2html.tags.TagCreatorTest)
TagCreator.java,j2html.TagCreator,null,iframe,1355,NO_COVERAGE,none
TagCreator.java,j2html.TagCreator,null,iframe,1359,NO_COVERAGE,none
TagCreator.java,j2html.TagCreator,null,iframe,1363,NO_COVERAGE,none
TagCreator.java,j2html.TagCreator,null,iframe,1347,NO_COVERAGE,none
TagCreator.java,j2html.TagCreator,null,iframe,1351,NO_COVERAGE,none
TagCreator.java,j2html.TagCreator,null,img,262,KILLED,j2html.tags.TagTest.testSelfClosingTags(j2html.tags.TagTest)
TagCreator.java,j2html.TagCreator,null,img,266,NO_COVERAGE,none
TagCreator.java,j2html.TagCreator,null,input,270,KILLED,j2html.tags.TagTest.testSelfClosingTags(j2html.tags.TagTest)
TagCreator.java,j2html.TagCreator,null,input,274,KILLED,j2html.attributes.AttrShortFormTest.addTo_emptyTag(j2html.attributes.AttrShortFormTest)
TagCreator.java,j2html.TagCreator,null,ins,1367,KILLED,j2html.tags.TagCreatorTest.testAllTags(j2html.tags.TagCreatorTest)
TagCreator.java,j2html.TagCreator,null,ins,1379,NO_COVERAGE,none
TagCreator.java,j2html.TagCreator,null,ins,1383,NO_COVERAGE,none
TagCreator.java,j2html.TagCreator,null,ins,1387,NO_COVERAGE,none
TagCreator.java,j2html.TagCreator,null,ins,1371,KILLED,j2html.tags.TagCreatorTest.testAllTags(j2html.tags.TagCreatorTest)
TagCreator.java,j2html.TagCreator,null,ins,1375,NO_COVERAGE,none
TagCreator.java,j2html.TagCreator,null,join,84,KILLED,j2html.tags.TagCreatorTest.testJoinWithNulls(j2html.tags.TagCreatorTest)
TagCreator.java,j2html.TagCreator,null,kbd,1391,KILLED,j2html.tags.TagCreatorTest.testAllTags(j2html.tags.TagCreatorTest)
TagCreator.java,j2html.TagCreator,null,kbd,1403,NO_COVERAGE,none
TagCreator.java,j2html.TagCreator,null,kbd,1407,NO_COVERAGE,none
TagCreator.java,j2html.TagCreator,null,kbd,1411,NO_COVERAGE,none
TagCreator.java,j2html.TagCreator,null,kbd,1395,NO_COVERAGE,none
TagCreator.java,j2html.TagCreator,null,kbd,1399,NO_COVERAGE,none
TagCreator.java,j2html.TagCreator,null,keygen,278,KILLED,j2html.tags.TagCreatorTest.testAllTags(j2html.tags.TagCreatorTest)
TagCreator.java,j2html.TagCreator,null,keygen,282,NO_COVERAGE,none
TagCreator.java,j2html.TagCreator,null,label,1415,KILLED,j2html.tags.TagCreatorTest.testAllTags(j2html.tags.TagCreatorTest)
TagCreator.java,j2html.TagCreator,null,label,1427,NO_COVERAGE,none
TagCreator.java,j2html.TagCreator,null,label,1431,NO_COVERAGE,none
TagCreator.java,j2html.TagCreator,null,label,1435,NO_COVERAGE,none
TagCreator.java,j2html.TagCreator,null,label,1419,KILLED,j2html.tags.TagCreatorTest.testAllTags(j2html.tags.TagCreatorTest)
TagCreator.java,j2html.TagCreator,null,label,1423,NO_COVERAGE,none
TagCreator.java,j2html.TagCreator,null,legend,1439,KILLED,j2html.tags.TagCreatorTest.testAllTags(j2html.tags.TagCreatorTest)
TagCreator.java,j2html.TagCreator,null,legend,1451,NO_COVERAGE,none
TagCreator.java,j2html.TagCreator,null,legend,1455,NO_COVERAGE,none
TagCreator.java,j2html.TagCreator,null,legend,1459,NO_COVERAGE,none
TagCreator.java,j2html.TagCreator,null,legend,1443,KILLED,j2html.tags.TagCreatorTest.testAllTags(j2html.tags.TagCreatorTest)
TagCreator.java,j2html.TagCreator,null,legend,1447,NO_COVERAGE,none
TagCreator.java,j2html.TagCreator,null,li,1463,KILLED,j2html.tags.TagCreatorTest.testAllTags(j2html.tags.TagCreatorTest)
TagCreator.java,j2html.TagCreator,null,li,1475,NO_COVERAGE,none
TagCreator.java,j2html.TagCreator,null,li,1479,NO_COVERAGE,none
TagCreator.java,j2html.TagCreator,null,li,1483,NO_COVERAGE,none
TagCreator.java,j2html.TagCreator,null,li,1467,KILLED,j2html.tags.TagCreatorTest.testEachWithStream(j2html.tags.TagCreatorTest)
TagCreator.java,j2html.TagCreator,null,li,1471,KILLED,j2html.tags.TagCreatorTest.testFilter(j2html.tags.TagCreatorTest)
TagCreator.java,j2html.TagCreator,null,link,286,KILLED,j2html.tags.ConvenienceMethodTest.testAllConvenienceMethods(j2html.tags.ConvenienceMethodTest)
TagCreator.java,j2html.TagCreator,null,link,290,NO_COVERAGE,none
TagCreator.java,j2html.TagCreator,null,main,1487,KILLED,j2html.tags.TagTest.testRender(j2html.tags.TagTest)
TagCreator.java,j2html.TagCreator,null,main,1499,NO_COVERAGE,none
TagCreator.java,j2html.TagCreator,null,main,1503,NO_COVERAGE,none
TagCreator.java,j2html.TagCreator,null,main,1507,NO_COVERAGE,none
TagCreator.java,j2html.TagCreator,null,main,1491,NO_COVERAGE,none
TagCreator.java,j2html.TagCreator,null,main,1495,KILLED,j2html.tags.ComplexRenderTest.testComplexRender_formatted(j2html.tags.ComplexRenderTest)
TagCreator.java,j2html.TagCreator,null,map,1511,KILLED,j2html.tags.TagCreatorTest.testAllTags(j2html.tags.TagCreatorTest)
TagCreator.java,j2html.TagCreator,null,map,1523,NO_COVERAGE,none
TagCreator.java,j2html.TagCreator,null,map,1527,NO_COVERAGE,none
TagCreator.java,j2html.TagCreator,null,map,1531,NO_COVERAGE,none
TagCreator.java,j2html.TagCreator,null,map,1515,NO_COVERAGE,none
TagCreator.java,j2html.TagCreator,null,map,1519,NO_COVERAGE,none
TagCreator.java,j2html.TagCreator,null,mark,1535,KILLED,j2html.tags.TagCreatorTest.testAllTags(j2html.tags.TagCreatorTest)
TagCreator.java,j2html.TagCreator,null,mark,1547,NO_COVERAGE,none
TagCreator.java,j2html.TagCreator,null,mark,1551,NO_COVERAGE,none
TagCreator.java,j2html.TagCreator,null,mark,1555,NO_COVERAGE,none
TagCreator.java,j2html.TagCreator,null,mark,1539,NO_COVERAGE,none
TagCreator.java,j2html.TagCreator,null,mark,1543,NO_COVERAGE,none
TagCreator.java,j2html.TagCreator,null,menu,1559,KILLED,j2html.tags.TagCreatorTest.testAllTags(j2html.tags.TagCreatorTest)
TagCreator.java,j2html.TagCreator,null,menu,1571,NO_COVERAGE,none
TagCreator.java,j2html.TagCreator,null,menu,1575,NO_COVERAGE,none
TagCreator.java,j2html.TagCreator,null,menu,1579,NO_COVERAGE,none
TagCreator.java,j2html.TagCreator,null,menu,1563,NO_COVERAGE,none
TagCreator.java,j2html.TagCreator,null,menu,1567,NO_COVERAGE,none
TagCreator.java,j2html.TagCreator,null,menuitem,1583,KILLED,j2html.tags.TagCreatorTest.testAllTags(j2html.tags.TagCreatorTest)
TagCreator.java,j2html.TagCreator,null,menuitem,1595,NO_COVERAGE,none
TagCreator.java,j2html.TagCreator,null,menuitem,1599,NO_COVERAGE,none
TagCreator.java,j2html.TagCreator,null,menuitem,1603,NO_COVERAGE,none
TagCreator.java,j2html.TagCreator,null,menuitem,1587,NO_COVERAGE,none
TagCreator.java,j2html.TagCreator,null,menuitem,1591,NO_COVERAGE,none
TagCreator.java,j2html.TagCreator,null,meta,294,KILLED,j2html.tags.ConvenienceMethodTest.testAllConvenienceMethods(j2html.tags.ConvenienceMethodTest)
TagCreator.java,j2html.TagCreator,null,meta,298,NO_COVERAGE,none
TagCreator.java,j2html.TagCreator,null,meter,1607,KILLED,j2html.tags.TagCreatorTest.testAllTags(j2html.tags.TagCreatorTest)
TagCreator.java,j2html.TagCreator,null,meter,1619,NO_COVERAGE,none
TagCreator.java,j2html.TagCreator,null,meter,1623,NO_COVERAGE,none
TagCreator.java,j2html.TagCreator,null,meter,1627,NO_COVERAGE,none
TagCreator.java,j2html.TagCreator,null,meter,1611,NO_COVERAGE,none
TagCreator.java,j2html.TagCreator,null,meter,1615,NO_COVERAGE,none
TagCreator.java,j2html.TagCreator,null,nav,1631,KILLED,j2html.tags.TagCreatorTest.testAllTags(j2html.tags.TagCreatorTest)
TagCreator.java,j2html.TagCreator,null,nav,1643,NO_COVERAGE,none
TagCreator.java,j2html.TagCreator,null,nav,1647,NO_COVERAGE,none
TagCreator.java,j2html.TagCreator,null,nav,1651,NO_COVERAGE,none
TagCreator.java,j2html.TagCreator,null,nav,1635,NO_COVERAGE,none
TagCreator.java,j2html.TagCreator,null,nav,1639,NO_COVERAGE,none
TagCreator.java,j2html.TagCreator,null,noscript,1655,KILLED,j2html.tags.TagCreatorTest.testAllTags(j2html.tags.TagCreatorTest)
TagCreator.java,j2html.TagCreator,null,noscript,1667,NO_COVERAGE,none
TagCreator.java,j2html.TagCreator,null,noscript,1671,NO_COVERAGE,none
TagCreator.java,j2html.TagCreator,null,noscript,1675,NO_COVERAGE,none
TagCreator.java,j2html.TagCreator,null,noscript,1659,NO_COVERAGE,none
TagCreator.java,j2html.TagCreator,null,noscript,1663,NO_COVERAGE,none
TagCreator.java,j2html.TagCreator,null,object,1679,KILLED,j2html.tags.TagCreatorTest.testAllTags(j2html.tags.TagCreatorTest)
TagCreator.java,j2html.TagCreator,null,object,1691,NO_COVERAGE,none
TagCreator.java,j2html.TagCreator,null,object,1695,NO_COVERAGE,none
TagCreator.java,j2html.TagCreator,null,object,1699,NO_COVERAGE,none
TagCreator.java,j2html.TagCreator,null,object,1683,NO_COVERAGE,none
TagCreator.java,j2html.TagCreator,null,object,1687,NO_COVERAGE,none
TagCreator.java,j2html.TagCreator,null,ol,1703,KILLED,j2html.tags.TagCreatorTest.testAllTags(j2html.tags.TagCreatorTest)
TagCreator.java,j2html.TagCreator,null,ol,1715,NO_COVERAGE,none
TagCreator.java,j2html.TagCreator,null,ol,1719,NO_COVERAGE,none
TagCreator.java,j2html.TagCreator,null,ol,1723,NO_COVERAGE,none
TagCreator.java,j2html.TagCreator,null,ol,1707,NO_COVERAGE,none
TagCreator.java,j2html.TagCreator,null,ol,1711,NO_COVERAGE,none
TagCreator.java,j2html.TagCreator,null,optgroup,1727,KILLED,j2html.tags.TagCreatorTest.testAllTags(j2html.tags.TagCreatorTest)
TagCreator.java,j2html.TagCreator,null,optgroup,1739,NO_COVERAGE,none
TagCreator.java,j2html.TagCreator,null,optgroup,1743,NO_COVERAGE,none
TagCreator.java,j2html.TagCreator,null,optgroup,1747,NO_COVERAGE,none
TagCreator.java,j2html.TagCreator,null,optgroup,1731,NO_COVERAGE,none
TagCreator.java,j2html.TagCreator,null,optgroup,1735,NO_COVERAGE,none
TagCreator.java,j2html.TagCreator,null,option,1751,KILLED,j2html.tags.TagCreatorTest.testAllTags(j2html.tags.TagCreatorTest)
TagCreator.java,j2html.TagCreator,null,option,1763,NO_COVERAGE,none
TagCreator.java,j2html.TagCreator,null,option,1767,NO_COVERAGE,none
TagCreator.java,j2html.TagCreator,null,option,1771,NO_COVERAGE,none
TagCreator.java,j2html.TagCreator,null,option,1755,KILLED,j2html.tags.TagCreatorTest.testAllTags(j2html.tags.TagCreatorTest)
TagCreator.java,j2html.TagCreator,null,option,1759,NO_COVERAGE,none
TagCreator.java,j2html.TagCreator,null,output,1775,KILLED,j2html.tags.TagCreatorTest.testAllTags(j2html.tags.TagCreatorTest)
TagCreator.java,j2html.TagCreator,null,output,1787,NO_COVERAGE,none
TagCreator.java,j2html.TagCreator,null,output,1791,NO_COVERAGE,none
TagCreator.java,j2html.TagCreator,null,output,1795,NO_COVERAGE,none
TagCreator.java,j2html.TagCreator,null,output,1779,NO_COVERAGE,none
TagCreator.java,j2html.TagCreator,null,output,1783,NO_COVERAGE,none
TagCreator.java,j2html.TagCreator,null,p,1799,KILLED,j2html.tags.TagCreatorTest.testAllTags(j2html.tags.TagCreatorTest)
TagCreator.java,j2html.TagCreator,null,p,1811,NO_COVERAGE,none
TagCreator.java,j2html.TagCreator,null,p,1815,NO_COVERAGE,none
TagCreator.java,j2html.TagCreator,null,p,1819,NO_COVERAGE,none
TagCreator.java,j2html.TagCreator,null,p,1803,KILLED,j2html.tags.TagCreatorTest.testIffElse(j2html.tags.TagCreatorTest)
TagCreator.java,j2html.TagCreator,null,p,1807,KILLED,j2html.RenderPerformanceTest.templatePerfomanceTest(j2html.RenderPerformanceTest)
TagCreator.java,j2html.TagCreator,null,param,302,KILLED,j2html.tags.TagCreatorTest.testAllTags(j2html.tags.TagCreatorTest)
TagCreator.java,j2html.TagCreator,null,param,306,NO_COVERAGE,none
TagCreator.java,j2html.TagCreator,null,pre,1823,KILLED,j2html.tags.TagCreatorTest.testAllTags(j2html.tags.TagCreatorTest)
TagCreator.java,j2html.TagCreator,null,pre,1835,NO_COVERAGE,none
TagCreator.java,j2html.TagCreator,null,pre,1839,NO_COVERAGE,none
TagCreator.java,j2html.TagCreator,null,pre,1843,NO_COVERAGE,none
TagCreator.java,j2html.TagCreator,null,pre,1827,KILLED,j2html.tags.RenderFormattedTest.testFormattedTags_doesntFormatPre(j2html.tags.RenderFormattedTest)
TagCreator.java,j2html.TagCreator,null,pre,1831,NO_COVERAGE,none
TagCreator.java,j2html.TagCreator,null,progress,1847,KILLED,j2html.tags.TagCreatorTest.testAllTags(j2html.tags.TagCreatorTest)
TagCreator.java,j2html.TagCreator,null,progress,1859,NO_COVERAGE,none
TagCreator.java,j2html.TagCreator,null,progress,1863,NO_COVERAGE,none
TagCreator.java,j2html.TagCreator,null,progress,1867,NO_COVERAGE,none
TagCreator.java,j2html.TagCreator,null,progress,1851,NO_COVERAGE,none
TagCreator.java,j2html.TagCreator,null,progress,1855,NO_COVERAGE,none
TagCreator.java,j2html.TagCreator,null,q,1871,KILLED,j2html.tags.TagCreatorTest.testAllTags(j2html.tags.TagCreatorTest)
TagCreator.java,j2html.TagCreator,null,q,1883,NO_COVERAGE,none
TagCreator.java,j2html.TagCreator,null,q,1887,NO_COVERAGE,none
TagCreator.java,j2html.TagCreator,null,q,1891,NO_COVERAGE,none
TagCreator.java,j2html.TagCreator,null,q,1875,KILLED,j2html.tags.TagCreatorTest.testAllTags(j2html.tags.TagCreatorTest)
TagCreator.java,j2html.TagCreator,null,q,1879,NO_COVERAGE,none
TagCreator.java,j2html.TagCreator,null,rawHtml,149,KILLED,j2html.tags.TagCreatorTest.testDocument(j2html.tags.TagCreatorTest)
TagCreator.java,j2html.TagCreator,null,rp,1895,KILLED,j2html.tags.TagCreatorTest.testAllTags(j2html.tags.TagCreatorTest)
TagCreator.java,j2html.TagCreator,null,rp,1907,NO_COVERAGE,none
TagCreator.java,j2html.TagCreator,null,rp,1911,NO_COVERAGE,none
TagCreator.java,j2html.TagCreator,null,rp,1915,NO_COVERAGE,none
TagCreator.java,j2html.TagCreator,null,rp,1899,NO_COVERAGE,none
TagCreator.java,j2html.TagCreator,null,rp,1903,NO_COVERAGE,none
TagCreator.java,j2html.TagCreator,null,rt,1919,KILLED,j2html.tags.TagCreatorTest.testAllTags(j2html.tags.TagCreatorTest)
TagCreator.java,j2html.TagCreator,null,rt,1931,NO_COVERAGE,none
TagCreator.java,j2html.TagCreator,null,rt,1935,NO_COVERAGE,none
TagCreator.java,j2html.TagCreator,null,rt,1939,NO_COVERAGE,none
TagCreator.java,j2html.TagCreator,null,rt,1923,NO_COVERAGE,none
TagCreator.java,j2html.TagCreator,null,rt,1927,NO_COVERAGE,none
TagCreator.java,j2html.TagCreator,null,ruby,1943,KILLED,j2html.tags.TagCreatorTest.testAllTags(j2html.tags.TagCreatorTest)
TagCreator.java,j2html.TagCreator,null,ruby,1955,NO_COVERAGE,none
TagCreator.java,j2html.TagCreator,null,ruby,1959,NO_COVERAGE,none
TagCreator.java,j2html.TagCreator,null,ruby,1963,NO_COVERAGE,none
TagCreator.java,j2html.TagCreator,null,ruby,1947,NO_COVERAGE,none
TagCreator.java,j2html.TagCreator,null,ruby,1951,NO_COVERAGE,none
TagCreator.java,j2html.TagCreator,null,s,1967,KILLED,j2html.tags.TagCreatorTest.testAllTags(j2html.tags.TagCreatorTest)
TagCreator.java,j2html.TagCreator,null,s,1979,NO_COVERAGE,none
TagCreator.java,j2html.TagCreator,null,s,1983,NO_COVERAGE,none
TagCreator.java,j2html.TagCreator,null,s,1987,NO_COVERAGE,none
TagCreator.java,j2html.TagCreator,null,s,1971,KILLED,j2html.tags.TagCreatorTest.testAllTags(j2html.tags.TagCreatorTest)
TagCreator.java,j2html.TagCreator,null,s,1975,NO_COVERAGE,none
TagCreator.java,j2html.TagCreator,null,samp,1991,KILLED,j2html.tags.TagCreatorTest.testAllTags(j2html.tags.TagCreatorTest)
TagCreator.java,j2html.TagCreator,null,samp,2003,NO_COVERAGE,none
TagCreator.java,j2html.TagCreator,null,samp,2007,NO_COVERAGE,none
TagCreator.java,j2html.TagCreator,null,samp,2011,NO_COVERAGE,none
TagCreator.java,j2html.TagCreator,null,samp,1995,NO_COVERAGE,none
TagCreator.java,j2html.TagCreator,null,samp,1999,NO_COVERAGE,none
TagCreator.java,j2html.TagCreator,null,script,2015,KILLED,j2html.tags.ComplexRenderTest.testComplexRender_formatted(j2html.tags.ComplexRenderTest)
TagCreator.java,j2html.TagCreator,null,script,2027,NO_COVERAGE,none
TagCreator.java,j2html.TagCreator,null,script,2031,NO_COVERAGE,none
TagCreator.java,j2html.TagCreator,null,script,2035,NO_COVERAGE,none
TagCreator.java,j2html.TagCreator,null,script,2019,NO_COVERAGE,none
TagCreator.java,j2html.TagCreator,null,script,2023,NO_COVERAGE,none
TagCreator.java,j2html.TagCreator,null,scriptWithInlineFile,197,NO_COVERAGE,none
TagCreator.java,j2html.TagCreator,null,scriptWithInlineFile_min,205,KILLED,j2html.tags.InlineStaticResourceTest.testAllTags(j2html.tags.InlineStaticResourceTest)
TagCreator.java,j2html.TagCreator,null,section,2039,KILLED,j2html.tags.TagCreatorTest.testAllTags(j2html.tags.TagCreatorTest)
TagCreator.java,j2html.TagCreator,null,section,2051,NO_COVERAGE,none
TagCreator.java,j2html.TagCreator,null,section,2055,NO_COVERAGE,none
TagCreator.java,j2html.TagCreator,null,section,2059,NO_COVERAGE,none
TagCreator.java,j2html.TagCreator,null,section,2043,NO_COVERAGE,none
TagCreator.java,j2html.TagCreator,null,section,2047,NO_COVERAGE,none
TagCreator.java,j2html.TagCreator,null,select,2063,KILLED,j2html.tags.TagCreatorTest.testAllTags(j2html.tags.TagCreatorTest)
TagCreator.java,j2html.TagCreator,null,select,2075,NO_COVERAGE,none
TagCreator.java,j2html.TagCreator,null,select,2079,NO_COVERAGE,none
TagCreator.java,j2html.TagCreator,null,select,2083,NO_COVERAGE,none
TagCreator.java,j2html.TagCreator,null,select,2067,NO_COVERAGE,none
TagCreator.java,j2html.TagCreator,null,select,2071,NO_COVERAGE,none
TagCreator.java,j2html.TagCreator,null,small,2087,KILLED,j2html.tags.TagCreatorTest.testAllTags(j2html.tags.TagCreatorTest)
TagCreator.java,j2html.TagCreator,null,small,2099,NO_COVERAGE,none
TagCreator.java,j2html.TagCreator,null,small,2103,NO_COVERAGE,none
TagCreator.java,j2html.TagCreator,null,small,2107,NO_COVERAGE,none
TagCreator.java,j2html.TagCreator,null,small,2091,KILLED,j2html.tags.TagCreatorTest.testAllTags(j2html.tags.TagCreatorTest)
TagCreator.java,j2html.TagCreator,null,small,2095,NO_COVERAGE,none
TagCreator.java,j2html.TagCreator,null,source,310,KILLED,j2html.tags.TagCreatorTest.testAllTags(j2html.tags.TagCreatorTest)
TagCreator.java,j2html.TagCreator,null,source,314,NO_COVERAGE,none
TagCreator.java,j2html.TagCreator,null,span,2111,KILLED,j2html.tags.TagCreatorTest.testAllTags(j2html.tags.TagCreatorTest)
TagCreator.java,j2html.TagCreator,null,span,2123,NO_COVERAGE,none
TagCreator.java,j2html.TagCreator,null,span,2127,NO_COVERAGE,none
TagCreator.java,j2html.TagCreator,null,span,2131,NO_COVERAGE,none
TagCreator.java,j2html.TagCreator,null,span,2115,KILLED,j2html.tags.TagCreatorTest.testAllTags(j2html.tags.TagCreatorTest)
TagCreator.java,j2html.TagCreator,null,span,2119,NO_COVERAGE,none
TagCreator.java,j2html.TagCreator,null,strong,2135,KILLED,j2html.tags.TagCreatorTest.testAllTags(j2html.tags.TagCreatorTest)
TagCreator.java,j2html.TagCreator,null,strong,2147,NO_COVERAGE,none
TagCreator.java,j2html.TagCreator,null,strong,2151,NO_COVERAGE,none
TagCreator.java,j2html.TagCreator,null,strong,2155,NO_COVERAGE,none
TagCreator.java,j2html.TagCreator,null,strong,2139,KILLED,j2html.tags.TagCreatorTest.testAllTags(j2html.tags.TagCreatorTest)
TagCreator.java,j2html.TagCreator,null,strong,2143,NO_COVERAGE,none
TagCreator.java,j2html.TagCreator,null,style,2159,KILLED,j2html.tags.TagCreatorTest.testAllTags(j2html.tags.TagCreatorTest)
TagCreator.java,j2html.TagCreator,null,style,2171,NO_COVERAGE,none
TagCreator.java,j2html.TagCreator,null,style,2175,NO_COVERAGE,none
TagCreator.java,j2html.TagCreator,null,style,2179,NO_COVERAGE,none
TagCreator.java,j2html.TagCreator,null,style,2163,NO_COVERAGE,none
TagCreator.java,j2html.TagCreator,null,style,2167,NO_COVERAGE,none
TagCreator.java,j2html.TagCreator,null,styleWithInlineFile,193,NO_COVERAGE,none
TagCreator.java,j2html.TagCreator,null,styleWithInlineFile_min,201,KILLED,j2html.tags.InlineStaticResourceTest.testExceptionForBadPath(j2html.tags.InlineStaticResourceTest)
TagCreator.java,j2html.TagCreator,null,sub,2183,KILLED,j2html.tags.TagCreatorTest.testAllTags(j2html.tags.TagCreatorTest)
TagCreator.java,j2html.TagCreator,null,sub,2195,NO_COVERAGE,none
TagCreator.java,j2html.TagCreator,null,sub,2199,NO_COVERAGE,none
TagCreator.java,j2html.TagCreator,null,sub,2203,NO_COVERAGE,none
TagCreator.java,j2html.TagCreator,null,sub,2187,KILLED,j2html.tags.TagCreatorTest.testAllTags(j2html.tags.TagCreatorTest)
TagCreator.java,j2html.TagCreator,null,sub,2191,NO_COVERAGE,none
TagCreator.java,j2html.TagCreator,null,summary,2207,KILLED,j2html.tags.TagCreatorTest.testAllTags(j2html.tags.TagCreatorTest)
TagCreator.java,j2html.TagCreator,null,summary,2219,NO_COVERAGE,none
TagCreator.java,j2html.TagCreator,null,summary,2223,NO_COVERAGE,none
TagCreator.java,j2html.TagCreator,null,summary,2227,NO_COVERAGE,none
TagCreator.java,j2html.TagCreator,null,summary,2211,KILLED,j2html.tags.TagCreatorTest.testAllTags(j2html.tags.TagCreatorTest)
TagCreator.java,j2html.TagCreator,null,summary,2215,NO_COVERAGE,none
TagCreator.java,j2html.TagCreator,null,sup,2231,KILLED,j2html.tags.TagCreatorTest.testAllTags(j2html.tags.TagCreatorTest)
TagCreator.java,j2html.TagCreator,null,sup,2243,NO_COVERAGE,none
TagCreator.java,j2html.TagCreator,null,sup,2247,NO_COVERAGE,none
TagCreator.java,j2html.TagCreator,null,sup,2251,NO_COVERAGE,none
TagCreator.java,j2html.TagCreator,null,sup,2235,KILLED,j2html.tags.TagCreatorTest.testAllTags(j2html.tags.TagCreatorTest)
TagCreator.java,j2html.TagCreator,null,sup,2239,NO_COVERAGE,none
TagCreator.java,j2html.TagCreator,null,table,2255,KILLED,j2html.tags.TagCreatorTest.testAllTags(j2html.tags.TagCreatorTest)
TagCreator.java,j2html.TagCreator,null,table,2267,NO_COVERAGE,none
TagCreator.java,j2html.TagCreator,null,table,2271,NO_COVERAGE,none
TagCreator.java,j2html.TagCreator,null,table,2275,NO_COVERAGE,none
TagCreator.java,j2html.TagCreator,null,table,2259,NO_COVERAGE,none
TagCreator.java,j2html.TagCreator,null,table,2263,NO_COVERAGE,none
TagCreator.java,j2html.TagCreator,null,tag,177,KILLED,j2html.tags.TagTest.testEquals(j2html.tags.TagTest)
TagCreator.java,j2html.TagCreator,null,tbody,2279,KILLED,j2html.tags.TagCreatorTest.testAllTags(j2html.tags.TagCreatorTest)
TagCreator.java,j2html.TagCreator,null,tbody,2291,NO_COVERAGE,none
TagCreator.java,j2html.TagCreator,null,tbody,2295,NO_COVERAGE,none
TagCreator.java,j2html.TagCreator,null,tbody,2299,NO_COVERAGE,none
TagCreator.java,j2html.TagCreator,null,tbody,2283,NO_COVERAGE,none
TagCreator.java,j2html.TagCreator,null,tbody,2287,NO_COVERAGE,none
TagCreator.java,j2html.TagCreator,null,td,2303,KILLED,j2html.tags.TagCreatorTest.testAllTags(j2html.tags.TagCreatorTest)
TagCreator.java,j2html.TagCreator,null,td,2315,NO_COVERAGE,none
TagCreator.java,j2html.TagCreator,null,td,2319,NO_COVERAGE,none
TagCreator.java,j2html.TagCreator,null,td,2323,NO_COVERAGE,none
TagCreator.java,j2html.TagCreator,null,td,2307,KILLED,j2html.tags.TagCreatorTest.testAllTags(j2html.tags.TagCreatorTest)
TagCreator.java,j2html.TagCreator,null,td,2311,NO_COVERAGE,none
TagCreator.java,j2html.TagCreator,null,text,159,KILLED,j2html.tags.ComplexRenderTest.testComplexRender_formatted(j2html.tags.ComplexRenderTest)
TagCreator.java,j2html.TagCreator,null,textarea,2327,KILLED,j2html.tags.TagCreatorTest.testAllTags(j2html.tags.TagCreatorTest)
TagCreator.java,j2html.TagCreator,null,textarea,2339,NO_COVERAGE,none
TagCreator.java,j2html.TagCreator,null,textarea,2343,NO_COVERAGE,none
TagCreator.java,j2html.TagCreator,null,textarea,2347,NO_COVERAGE,none
TagCreator.java,j2html.TagCreator,null,textarea,2331,KILLED,j2html.tags.RenderFormattedTest.testFormattedTags_doesntFormatTextArea(j2html.tags.RenderFormattedTest)
TagCreator.java,j2html.TagCreator,null,textarea,2335,NO_COVERAGE,none
TagCreator.java,j2html.TagCreator,null,tfoot,2351,KILLED,j2html.tags.TagCreatorTest.testAllTags(j2html.tags.TagCreatorTest)
TagCreator.java,j2html.TagCreator,null,tfoot,2363,NO_COVERAGE,none
TagCreator.java,j2html.TagCreator,null,tfoot,2367,NO_COVERAGE,none
TagCreator.java,j2html.TagCreator,null,tfoot,2371,NO_COVERAGE,none
TagCreator.java,j2html.TagCreator,null,tfoot,2355,NO_COVERAGE,none
TagCreator.java,j2html.TagCreator,null,tfoot,2359,NO_COVERAGE,none
TagCreator.java,j2html.TagCreator,null,th,2375,KILLED,j2html.tags.TagCreatorTest.testAllTags(j2html.tags.TagCreatorTest)
TagCreator.java,j2html.TagCreator,null,th,2387,NO_COVERAGE,none
TagCreator.java,j2html.TagCreator,null,th,2391,NO_COVERAGE,none
TagCreator.java,j2html.TagCreator,null,th,2395,NO_COVERAGE,none
TagCreator.java,j2html.TagCreator,null,th,2379,KILLED,j2html.tags.TagCreatorTest.testAllTags(j2html.tags.TagCreatorTest)
TagCreator.java,j2html.TagCreator,null,th,2383,NO_COVERAGE,none
TagCreator.java,j2html.TagCreator,null,thead,2399,KILLED,j2html.tags.TagCreatorTest.testAllTags(j2html.tags.TagCreatorTest)
TagCreator.java,j2html.TagCreator,null,thead,2411,NO_COVERAGE,none
TagCreator.java,j2html.TagCreator,null,thead,2415,NO_COVERAGE,none
TagCreator.java,j2html.TagCreator,null,thead,2419,NO_COVERAGE,none
TagCreator.java,j2html.TagCreator,null,thead,2403,NO_COVERAGE,none
TagCreator.java,j2html.TagCreator,null,thead,2407,NO_COVERAGE,none
TagCreator.java,j2html.TagCreator,null,time,2423,KILLED,j2html.tags.TagCreatorTest.testAllTags(j2html.tags.TagCreatorTest)
TagCreator.java,j2html.TagCreator,null,time,2435,NO_COVERAGE,none
TagCreator.java,j2html.TagCreator,null,time,2439,NO_COVERAGE,none
TagCreator.java,j2html.TagCreator,null,time,2443,NO_COVERAGE,none
TagCreator.java,j2html.TagCreator,null,time,2427,NO_COVERAGE,none
TagCreator.java,j2html.TagCreator,null,time,2431,NO_COVERAGE,none
TagCreator.java,j2html.TagCreator,null,title,2447,KILLED,j2html.tags.ComplexRenderTest.testComplexRender(j2html.tags.ComplexRenderTest)
TagCreator.java,j2html.TagCreator,null,title,2459,NO_COVERAGE,none
TagCreator.java,j2html.TagCreator,null,title,2463,NO_COVERAGE,none
TagCreator.java,j2html.TagCreator,null,title,2467,NO_COVERAGE,none
TagCreator.java,j2html.TagCreator,null,title,2451,KILLED,j2html.tags.ComplexRenderTest.testComplexRender_formatted(j2html.tags.ComplexRenderTest)
TagCreator.java,j2html.TagCreator,null,title,2455,KILLED,j2html.RenderPerformanceTest.templatePerfomanceTest(j2html.RenderPerformanceTest)
TagCreator.java,j2html.TagCreator,null,tr,2471,KILLED,j2html.tags.TagCreatorTest.testAllTags(j2html.tags.TagCreatorTest)
TagCreator.java,j2html.TagCreator,null,tr,2483,NO_COVERAGE,none
TagCreator.java,j2html.TagCreator,null,tr,2487,NO_COVERAGE,none
TagCreator.java,j2html.TagCreator,null,tr,2491,NO_COVERAGE,none
TagCreator.java,j2html.TagCreator,null,tr,2475,NO_COVERAGE,none
TagCreator.java,j2html.TagCreator,null,tr,2479,NO_COVERAGE,none
TagCreator.java,j2html.TagCreator,null,track,318,KILLED,j2html.tags.TagCreatorTest.testAllTags(j2html.tags.TagCreatorTest)
TagCreator.java,j2html.TagCreator,null,track,322,NO_COVERAGE,none
TagCreator.java,j2html.TagCreator,null,u,2495,KILLED,j2html.tags.TagCreatorTest.testAllTags(j2html.tags.TagCreatorTest)
TagCreator.java,j2html.TagCreator,null,u,2507,NO_COVERAGE,none
TagCreator.java,j2html.TagCreator,null,u,2511,NO_COVERAGE,none
TagCreator.java,j2html.TagCreator,null,u,2515,NO_COVERAGE,none
TagCreator.java,j2html.TagCreator,null,u,2499,KILLED,j2html.tags.TagCreatorTest.testAllTags(j2html.tags.TagCreatorTest)
TagCreator.java,j2html.TagCreator,null,u,2503,NO_COVERAGE,none
TagCreator.java,j2html.TagCreator,null,ul,2519,KILLED,j2html.tags.TagCreatorTest.testEachWithStream(j2html.tags.TagCreatorTest)
TagCreator.java,j2html.TagCreator,null,ul,2531,NO_COVERAGE,none
TagCreator.java,j2html.TagCreator,null,ul,2535,NO_COVERAGE,none
TagCreator.java,j2html.TagCreator,null,ul,2539,NO_COVERAGE,none
TagCreator.java,j2html.TagCreator,null,ul,2523,NO_COVERAGE,none
TagCreator.java,j2html.TagCreator,null,ul,2527,KILLED,j2html.tags.RenderFormattedTest.testFormattedTags_each(j2html.tags.RenderFormattedTest)
TagCreator.java,j2html.TagCreator,null,var,2543,KILLED,j2html.tags.TagCreatorTest.testAllTags(j2html.tags.TagCreatorTest)
TagCreator.java,j2html.TagCreator,null,var,2555,NO_COVERAGE,none
TagCreator.java,j2html.TagCreator,null,var,2559,NO_COVERAGE,none
TagCreator.java,j2html.TagCreator,null,var,2563,NO_COVERAGE,none
TagCreator.java,j2html.TagCreator,null,var,2547,NO_COVERAGE,none
TagCreator.java,j2html.TagCreator,null,var,2551,NO_COVERAGE,none
TagCreator.java,j2html.TagCreator,null,video,2567,KILLED,j2html.tags.TagCreatorTest.testAllTags(j2html.tags.TagCreatorTest)
TagCreator.java,j2html.TagCreator,null,video,2579,NO_COVERAGE,none
TagCreator.java,j2html.TagCreator,null,video,2583,NO_COVERAGE,none
TagCreator.java,j2html.TagCreator,null,video,2587,NO_COVERAGE,none
TagCreator.java,j2html.TagCreator,null,video,2571,NO_COVERAGE,none
TagCreator.java,j2html.TagCreator,null,video,2575,NO_COVERAGE,none
TagCreator.java,j2html.TagCreator,null,wbr,326,KILLED,j2html.tags.TagCreatorTest.testAllTags(j2html.tags.TagCreatorTest)
TagCreator.java,j2html.TagCreator,null,wbr,330,NO_COVERAGE,none
Tag.java,j2html.tags.Tag,null,attr,100,KILLED,j2html.tags.TagTest.testDynamicAttribute(j2html.tags.TagTest)
Tag.java,j2html.tags.Tag,null,attr,123,KILLED,j2html.tags.TagTest.testEmptyAttribute(j2html.tags.TagTest)
Tag.java,j2html.tags.Tag,null,attr,89,KILLED,j2html.tags.TagTest.testAcceptObjectValueAttribute(j2html.tags.TagTest)
Tag.java,j2html.tags.Tag,null,condAttr,136,KILLED,j2html.tags.ComplexRenderTest.testComplexRender_formatted(j2html.tags.ComplexRenderTest)
Tag.java,j2html.tags.Tag,false,equals,141,KILLED,j2html.tags.TagTest.testEquals(j2html.tags.TagTest)
Tag.java,j2html.tags.Tag,true,equals,141,SURVIVED,none
Tag.java,j2html.tags.Tag,false,hasTagName,23,KILLED,j2html.tags.TagTest.testCloseTag(j2html.tags.TagTest)
Tag.java,j2html.tags.Tag,true,hasTagName,23,KILLED,j2html.tags.TagCreatorTest.testEachWithStream(j2html.tags.TagCreatorTest)
Tag.java,j2html.tags.Tag,null,isAutoComplete,161,KILLED,j2html.tags.ConvenienceMethodTest.testAllConvenienceMethods(j2html.tags.ConvenienceMethodTest)
Tag.java,j2html.tags.Tag,null,isAutoFocus,165,KILLED,j2html.tags.ConvenienceMethodTest.testAllConvenienceMethods(j2html.tags.ConvenienceMethodTest)
Tag.java,j2html.tags.Tag,null,isHidden,169,KILLED,j2html.tags.ConvenienceMethodTest.testAllConvenienceMethods(j2html.tags.ConvenienceMethodTest)
Tag.java,j2html.tags.Tag,null,isRequired,173,KILLED,j2html.tags.TagTest.testOpenTag(j2html.tags.TagTest)
Tag.java,j2html.tags.Tag,"",renderCloseTag,33,KILLED,j2html.tags.TagTest.testCloseTag(j2html.tags.TagTest)
Tag.java,j2html.tags.Tag,"A",renderCloseTag,33,KILLED,j2html.tags.TagTest.testCloseTag(j2html.tags.TagTest)
Tag.java,j2html.tags.Tag,null,renderCloseTag,33,KILLED,j2html.tags.TagTest.testCloseTag(j2html.tags.TagTest)
Tag.java,j2html.tags.Tag,void,renderCloseTag,50,KILLED,j2html.tags.TagTest.testCloseTag(j2html.tags.TagTest)
Tag.java,j2html.tags.Tag,"",renderOpenTag,27,KILLED,j2html.tags.TagTest.testAcceptObjectValueAttribute(j2html.tags.TagTest)
Tag.java,j2html.tags.Tag,"A",renderOpenTag,27,KILLED,j2html.tags.TagTest.testAcceptObjectValueAttribute(j2html.tags.TagTest)
Tag.java,j2html.tags.Tag,null,renderOpenTag,27,KILLED,j2html.tags.TagTest.testAcceptObjectValueAttribute(j2html.tags.TagTest)
Tag.java,j2html.tags.Tag,void,renderOpenTag,39,KILLED,j2html.tags.TagTest.testAcceptObjectValueAttribute(j2html.tags.TagTest)
Tag.java,j2html.tags.Tag,false,setAttribute,69,KILLED,j2html.tags.TagTest.testAcceptObjectValueAttribute(j2html.tags.TagTest)
Tag.java,j2html.tags.Tag,true,setAttribute,69,KILLED,j2html.tags.TagTest.testAcceptObjectValueAttribute(j2html.tags.TagTest)
Tag.java,j2html.tags.Tag,null,withAction,181,KILLED,j2html.tags.ConvenienceMethodTest.testAllConvenienceMethods(j2html.tags.ConvenienceMethodTest)
Tag.java,j2html.tags.Tag,null,withAlt,177,KILLED,j2html.tags.ConvenienceMethodTest.testAllConvenienceMethods(j2html.tags.ConvenienceMethodTest)
Tag.java,j2html.tags.Tag,null,withCharset,185,KILLED,j2html.tags.ConvenienceMethodTest.testAllConvenienceMethods(j2html.tags.ConvenienceMethodTest)
Tag.java,j2html.tags.Tag,null,withCharset,285,NO_COVERAGE,none
Tag.java,j2html.tags.Tag,null,withClass,189,KILLED,j2html.tags.TagTest.testEquals(j2html.tags.TagTest)
Tag.java,j2html.tags.Tag,null,withClasses,153,KILLED,j2html.tags.TagTest.testWithClasses(j2html.tags.TagTest)
Tag.java,j2html.tags.Tag,null,withCondAction,281,NO_COVERAGE,none
Tag.java,j2html.tags.Tag,null,withCondAlt,277,NO_COVERAGE,none
Tag.java,j2html.tags.Tag,null,withCondAutoComplete,261,NO_COVERAGE,none
Tag.java,j2html.tags.Tag,null,withCondAutoFocus,265,NO_COVERAGE,none
Tag.java,j2html.tags.Tag,null,withCondClass,289,NO_COVERAGE,none
Tag.java,j2html.tags.Tag,null,withCondContent,293,NO_COVERAGE,none
Tag.java,j2html.tags.Tag,null,withCondData,309,NO_COVERAGE,none
Tag.java,j2html.tags.Tag,null,withCondDir,297,NO_COVERAGE,none
Tag.java,j2html.tags.Tag,null,withCondHidden,269,NO_COVERAGE,none
Tag.java,j2html.tags.Tag,null,withCondHref,301,NO_COVERAGE,none
Tag.java,j2html.tags.Tag,null,withCondId,305,NO_COVERAGE,none
Tag.java,j2html.tags.Tag,null,withCondLang,313,NO_COVERAGE,none
Tag.java,j2html.tags.Tag,null,withCondMethod,317,NO_COVERAGE,none
Tag.java,j2html.tags.Tag,null,withCondName,321,NO_COVERAGE,none
Tag.java,j2html.tags.Tag,null,withCondPlaceholder,325,NO_COVERAGE,none
Tag.java,j2html.tags.Tag,null,withCondRel,341,NO_COVERAGE,none
Tag.java,j2html.tags.Tag,null,withCondRequired,273,NO_COVERAGE,none
Tag.java,j2html.tags.Tag,null,withCondSrc,345,NO_COVERAGE,none
Tag.java,j2html.tags.Tag,null,withCondStyle,349,NO_COVERAGE,none
Tag.java,j2html.tags.Tag,null,withCondTarget,329,NO_COVERAGE,none
Tag.java,j2html.tags.Tag,null,withCondTitle,333,NO_COVERAGE,none
Tag.java,j2html.tags.Tag,null,withCondType,337,NO_COVERAGE,none
Tag.java,j2html.tags.Tag,null,withCondValue,353,NO_COVERAGE,none
Tag.java,j2html.tags.Tag,null,withContent,193,KILLED,j2html.tags.ConvenienceMethodTest.testAllConvenienceMethods(j2html.tags.ConvenienceMethodTest)
Tag.java,j2html.tags.Tag,null,withData,209,KILLED,j2html.tags.ConvenienceMethodTest.testAllConvenienceMethods(j2html.tags.ConvenienceMethodTest)
Tag.java,j2html.tags.Tag,null,withDir,197,NO_COVERAGE,none
Tag.java,j2html.tags.Tag,null,withHref,201,KILLED,j2html.tags.TagCreatorTest.testIff(j2html.tags.TagCreatorTest)
Tag.java,j2html.tags.Tag,null,withId,205,KILLED,j2html.tags.TagTest.testOpenTag(j2html.tags.TagTest)
Tag.java,j2html.tags.Tag,null,withLang,213,NO_COVERAGE,none
Tag.java,j2html.tags.Tag,null,withMethod,217,KILLED,j2html.tags.ConvenienceMethodTest.testAllConvenienceMethods(j2html.tags.ConvenienceMethodTest)
Tag.java,j2html.tags.Tag,null,withName,221,KILLED,j2html.tags.TagTest.testOpenTag(j2html.tags.TagTest)
Tag.java,j2html.tags.Tag,null,withPlaceholder,225,KILLED,j2html.tags.TagTest.testOpenTag(j2html.tags.TagTest)
Tag.java,j2html.tags.Tag,null,withRel,241,KILLED,j2html.tags.ConvenienceMethodTest.testAllConvenienceMethods(j2html.tags.ConvenienceMethodTest)
Tag.java,j2html.tags.Tag,null,withRole,245,KILLED,j2html.tags.ConvenienceMethodTest.testAllConvenienceMethods(j2html.tags.ConvenienceMethodTest)
Tag.java,j2html.tags.Tag,null,withSrc,249,KILLED,j2html.tags.TagTest.testSelfClosingTags(j2html.tags.TagTest)
Tag.java,j2html.tags.Tag,null,withStyle,253,KILLED,j2html.tags.ConvenienceMethodTest.testAllConvenienceMethods(j2html.tags.ConvenienceMethodTest)
Tag.java,j2html.tags.Tag,null,withTarget,229,KILLED,j2html.tags.ConvenienceMethodTest.testAllConvenienceMethods(j2html.tags.ConvenienceMethodTest)
Tag.java,j2html.tags.Tag,null,withTitle,233,KILLED,j2html.tags.ConvenienceMethodTest.testAllConvenienceMethods(j2html.tags.ConvenienceMethodTest)
Tag.java,j2html.tags.Tag,null,withType,237,KILLED,j2html.tags.TagTest.testSelfClosingTags(j2html.tags.TagTest)
Tag.java,j2html.tags.Tag,null,withValue,257,KILLED,j2html.tags.ConvenienceMethodTest.testAllConvenienceMethods(j2html.tags.ConvenienceMethodTest)
ContainerTag.java,j2html.tags.ContainerTag,null,condWith,46,KILLED,j2html.tags.TagTest.testRender(j2html.tags.TagTest)
ContainerTag.java,j2html.tags.ContainerTag,null,condWith,75,NO_COVERAGE,none
ContainerTag.java,j2html.tags.ContainerTag,null,condWith,114,NO_COVERAGE,none
ContainerTag.java,j2html.tags.ContainerTag,false,isSelfFormattingTag,184,KILLED,j2html.tags.RenderFormattedTest.testFormattedTags_doesntFormatPre(j2html.tags.RenderFormattedTest)
ContainerTag.java,j2html.tags.ContainerTag,true,isSelfFormattingTag,184,KILLED,j2html.tags.RenderFormattedTest.testFormattedTags(j2html.tags.RenderFormattedTest)
ContainerTag.java,j2html.tags.ContainerTag,"",renderFormatted,144,KILLED,j2html.tags.RenderFormattedTest.testFormattedTags(j2html.tags.RenderFormattedTest)
ContainerTag.java,j2html.tags.ContainerTag,"A",renderFormatted,144,KILLED,j2html.tags.RenderFormattedTest.testFormattedTags(j2html.tags.RenderFormattedTest)
ContainerTag.java,j2html.tags.ContainerTag,null,renderFormatted,144,KILLED,j2html.tags.RenderFormattedTest.testFormattedTags(j2html.tags.RenderFormattedTest)
ContainerTag.java,j2html.tags.ContainerTag,"",renderFormatted,151,KILLED,j2html.tags.RenderFormattedTest.testFormattedTags(j2html.tags.RenderFormattedTest)
ContainerTag.java,j2html.tags.ContainerTag,"A",renderFormatted,151,KILLED,j2html.tags.RenderFormattedTest.testFormattedTags(j2html.tags.RenderFormattedTest)
ContainerTag.java,j2html.tags.ContainerTag,null,renderFormatted,151,KILLED,j2html.tags.RenderFormattedTest.testFormattedTags(j2html.tags.RenderFormattedTest)
ContainerTag.java,j2html.tags.ContainerTag,void,renderModel,189,KILLED,j2html.attributes.AttributeTest.testSetAttribute(j2html.attributes.AttributeTest)
ContainerTag.java,j2html.tags.ContainerTag,null,with,26,KILLED,j2html.tags.TagCreatorTest.testIffElse(j2html.tags.TagCreatorTest)
ContainerTag.java,j2html.tags.ContainerTag,null,with,57,NO_COVERAGE,none
ContainerTag.java,j2html.tags.ContainerTag,null,with,100,KILLED,j2html.tags.TagCreatorTest.testEachWithStream(j2html.tags.TagCreatorTest)
ContainerTag.java,j2html.tags.ContainerTag,null,with,86,KILLED,j2html.tags.TagCreatorTest.testIffElse(j2html.tags.TagCreatorTest)
ContainerTag.java,j2html.tags.ContainerTag,null,withText,125,KILLED,j2html.tags.TagCreatorTest.testIffElse(j2html.tags.TagCreatorTest)
JSMin.java,j2html.utils.JSMin,void,action,174,TIMED_OUT,none
JSMin.java,j2html.utils.JSMin,"",compressJs,57,KILLED,j2html.tags.InlineStaticResourceTest.testAllTags(j2html.tags.InlineStaticResourceTest)
JSMin.java,j2html.utils.JSMin,"A",compressJs,57,KILLED,j2html.tags.InlineStaticResourceTest.testAllTags(j2html.tags.InlineStaticResourceTest)
JSMin.java,j2html.utils.JSMin,null,compressJs,57,KILLED,j2html.tags.InlineStaticResourceTest.testAllTags(j2html.tags.InlineStaticResourceTest)
JSMin.java,j2html.utils.JSMin,0,get,102,TIMED_OUT,none
JSMin.java,j2html.utils.JSMin,1,get,102,TIMED_OUT,none
JSMin.java,j2html.utils.JSMin,false,isAlphanum,87,KILLED,j2html.tags.InlineStaticResourceTest.testAllTags(j2html.tags.InlineStaticResourceTest)
JSMin.java,j2html.utils.JSMin,true,isAlphanum,87,KILLED,j2html.tags.InlineStaticResourceTest.testAllTags(j2html.tags.InlineStaticResourceTest)
JSMin.java,j2html.utils.JSMin,void,jsmin,226,KILLED,j2html.tags.InlineStaticResourceTest.testAllTags(j2html.tags.InlineStaticResourceTest)
JSMin.java,j2html.utils.JSMin,0,next,130,TIMED_OUT,none
JSMin.java,j2html.utils.JSMin,1,next,130,TIMED_OUT,none
JSMin.java,j2html.utils.JSMin,0,peek,120,NO_COVERAGE,none
JSMin.java,j2html.utils.JSMin,1,peek,120,NO_COVERAGE,none
CSSMin.java,j2html.utils.Property,0,compareTo,400,KILLED,j2html.tags.InlineStaticResourceTest.testAllTags(j2html.tags.InlineStaticResourceTest)
CSSMin.java,j2html.utils.Property,1,compareTo,400,KILLED,j2html.tags.InlineStaticResourceTest.testAllTags(j2html.tags.InlineStaticResourceTest)
CSSMin.java,j2html.utils.Property,empty,parseValues,420,KILLED,j2html.tags.InlineStaticResourceTest.testAllTags(j2html.tags.InlineStaticResourceTest)
CSSMin.java,j2html.utils.Property,null,parseValues,420,KILLED,j2html.tags.InlineStaticResourceTest.testAllTags(j2html.tags.InlineStaticResourceTest)
CSSMin.java,j2html.utils.Property,"",simplifyRGBColours,447,KILLED,j2html.tags.InlineStaticResourceTest.testAllTags(j2html.tags.InlineStaticResourceTest)
CSSMin.java,j2html.utils.Property,"A",simplifyRGBColours,447,KILLED,j2html.tags.InlineStaticResourceTest.testAllTags(j2html.tags.InlineStaticResourceTest)
CSSMin.java,j2html.utils.Property,null,simplifyRGBColours,447,KILLED,j2html.tags.InlineStaticResourceTest.testAllTags(j2html.tags.InlineStaticResourceTest)
CSSMin.java,j2html.utils.Property,"",sort,404,KILLED,j2html.tags.InlineStaticResourceTest.testAllTags(j2html.tags.InlineStaticResourceTest)
CSSMin.java,j2html.utils.Property,"A",sort,404,KILLED,j2html.tags.InlineStaticResourceTest.testAllTags(j2html.tags.InlineStaticResourceTest)
CSSMin.java,j2html.utils.Property,null,sort,404,KILLED,j2html.tags.InlineStaticResourceTest.testAllTags(j2html.tags.InlineStaticResourceTest)
InlineStaticResource.java,j2html.tags.InlineStaticResource,null,get,16,KILLED,j2html.tags.InlineStaticResourceTest.testExceptionForBadPath(j2html.tags.InlineStaticResourceTest)
InlineStaticResource.java,j2html.tags.InlineStaticResource,"",getFileAsString,33,KILLED,j2html.tags.InlineStaticResourceTest.testExceptionForBadPath(j2html.tags.InlineStaticResourceTest)
InlineStaticResource.java,j2html.tags.InlineStaticResource,"A",getFileAsString,33,KILLED,j2html.tags.InlineStaticResourceTest.testExceptionForBadPath(j2html.tags.InlineStaticResourceTest)
InlineStaticResource.java,j2html.tags.InlineStaticResource,null,getFileAsString,33,KILLED,j2html.tags.InlineStaticResourceTest.testExceptionForBadPath(j2html.tags.InlineStaticResourceTest)
InlineStaticResource.java,j2html.tags.InlineStaticResource,"",streamToString,44,KILLED,j2html.tags.InlineStaticResourceTest.testExceptionForBadPath(j2html.tags.InlineStaticResourceTest)
InlineStaticResource.java,j2html.tags.InlineStaticResource,"A",streamToString,44,KILLED,j2html.tags.InlineStaticResourceTest.testExceptionForBadPath(j2html.tags.InlineStaticResourceTest)
InlineStaticResource.java,j2html.tags.InlineStaticResource,null,streamToString,44,KILLED,j2html.tags.InlineStaticResourceTest.testExceptionForBadPath(j2html.tags.InlineStaticResourceTest)
CSSMin.java,j2html.utils.Part,void,simplify,496,KILLED,j2html.tags.InlineStaticResourceTest.testAllTags(j2html.tags.InlineStaticResourceTest)
CSSMin.java,j2html.utils.Part,void,simplifyColourNames,593,KILLED,j2html.tags.InlineStaticResourceTest.testAllTags(j2html.tags.InlineStaticResourceTest)
CSSMin.java,j2html.utils.Part,void,simplifyFontWeights,561,SURVIVED,none
CSSMin.java,j2html.utils.Part,void,simplifyHexColours,610,SURVIVED,none
CSSMin.java,j2html.utils.Part,void,simplifyParameters,529,SURVIVED,none
CSSMin.java,j2html.utils.Part,void,simplifyQuotesAndCaps,577,SURVIVED,none
Attr.java,j2html.attributes.Attr$ShortForm,false,hasClasses,21,KILLED,j2html.attributes.AttrShortFormTest.addTo_emptyTag(j2html.attributes.AttrShortFormTest)
Attr.java,j2html.attributes.Attr$ShortForm,true,hasClasses,21,KILLED,j2html.attributes.AttrShortFormTest.addTo_justId(j2html.attributes.AttrShortFormTest)
Attr.java,j2html.attributes.Attr$ShortForm,false,hasId,17,KILLED,j2html.attributes.AttrShortFormTest.addTo_emptyTag(j2html.attributes.AttrShortFormTest)
Attr.java,j2html.attributes.Attr$ShortForm,true,hasId,17,KILLED,j2html.attributes.AttrShortFormTest.addTo_justClass(j2html.attributes.AttrShortFormTest)
Renderable.java,j2html.tags.Renderable,"",render,12,KILLED,j2html.attributes.AttributeTest.testRender(j2html.attributes.AttributeTest)
Renderable.java,j2html.tags.Renderable,"A",render,12,KILLED,j2html.attributes.AttributeTest.testRender(j2html.attributes.AttributeTest)
Renderable.java,j2html.tags.Renderable,null,render,12,KILLED,j2html.attributes.AttributeTest.testRender(j2html.attributes.AttributeTest)
Renderable.java,j2html.tags.Renderable,void,render,27,KILLED,j2html.attributes.AttributeTest.testRender(j2html.attributes.AttributeTest)
EscapeUtil.java,j2html.utils.EscapeUtil,"",escape,6,KILLED,j2html.attributes.AttributeTest.testRender(j2html.attributes.AttributeTest)
EscapeUtil.java,j2html.utils.EscapeUtil,"A",escape,6,KILLED,j2html.attributes.AttributeTest.testRender(j2html.attributes.AttributeTest)
EscapeUtil.java,j2html.utils.EscapeUtil,null,escape,6,KILLED,j2html.attributes.AttributeTest.testRender(j2html.attributes.AttributeTest)
CSSMin.java,j2html.utils.CSSMin,"",compressCss,89,KILLED,j2html.tags.InlineStaticResourceTest.testAllTags(j2html.tags.InlineStaticResourceTest)
CSSMin.java,j2html.utils.CSSMin,"A",compressCss,89,KILLED,j2html.tags.InlineStaticResourceTest.testAllTags(j2html.tags.InlineStaticResourceTest)
CSSMin.java,j2html.utils.CSSMin,null,compressCss,89,KILLED,j2html.tags.InlineStaticResourceTest.testAllTags(j2html.tags.InlineStaticResourceTest)
TagCreatorCodeGenerator.java,j2html.tags.TagCreatorCodeGenerator,null,containerTags,70,NO_COVERAGE,none
TagCreatorCodeGenerator.java,j2html.tags.TagCreatorCodeGenerator,null,emptyTags,49,NO_COVERAGE,none
TagCreatorCodeGenerator.java,j2html.tags.TagCreatorCodeGenerator,void,main,9,NO_COVERAGE,none
Text.java,j2html.tags.Text,void,render,16,KILLED,j2html.tags.RenderFormattedTest.testFormattedTags(j2html.tags.RenderFormattedTest)
Text.java,j2html.tags.Text,void,renderModel,21,KILLED,j2html.tags.TagCreatorTest.testIffElse(j2html.tags.TagCreatorTest)
UnescapedText.java,j2html.tags.UnescapedText,void,render,15,KILLED,j2html.tags.TagCreatorTest.testJoinWithNulls(j2html.tags.TagCreatorTest)
UnescapedText.java,j2html.tags.UnescapedText,void,renderModel,20,KILLED,j2html.tags.TagCreatorTest.testJoinWithNulls(j2html.tags.TagCreatorTest)
Attr.java,j2html.attributes.Attr,null,addTo,48,KILLED,j2html.attributes.AttrShortFormTest.addTo_emptyTag(j2html.attributes.AttrShortFormTest)
Attr.java,j2html.attributes.Attr,null,shortFormFromAttrsString,26,KILLED,j2html.attributes.AttrShortFormTest.addTo_stringWithoutIdOrClass(j2html.attributes.AttrShortFormTest)
EmptyTag.java,j2html.tags.EmptyTag,void,render,15,KILLED,j2html.tags.TagTest.testSelfClosingTags(j2html.tags.TagTest)
EmptyTag.java,j2html.tags.EmptyTag,void,renderModel,20,KILLED,j2html.tags.TagTest.testSelfClosingTags(j2html.tags.TagTest)
Attribute.java,j2html.attributes.Attribute,void,renderModel,23,KILLED,j2html.attributes.AttributeTest.testRender(j2html.attributes.AttributeTest)
CSSMin.java,j2html.utils.Selector,null,parseProperties,268,KILLED,j2html.tags.InlineStaticResourceTest.testAllTags(j2html.tags.InlineStaticResourceTest)
DomContentJoiner.java,j2html.tags.DomContentJoiner,null,join,6,KILLED,j2html.tags.TagCreatorTest.testJoinWithNulls(j2html.tags.TagCreatorTest)
