CssTokens.java,org.owasp.html.CssTokens$Lexer,void,breakOutput,767,KILLED,org.owasp.html.CssTokensTest.testLex63(org.owasp.html.CssTokensTest)
CssTokens.java,org.owasp.html.CssTokens$Lexer,null,build,395,KILLED,org.owasp.html.CssTokensTest.testLex58(org.owasp.html.CssTokensTest)
CssTokens.java,org.owasp.html.CssTokens$Lexer,void,closeBracket,359,KILLED,org.owasp.html.CssTokensTest.testLex63(org.owasp.html.CssTokensTest)
CssTokens.java,org.owasp.html.CssTokens$Lexer,void,closeBrackets,373,KILLED,org.owasp.html.CssTokensTest.testLex63(org.owasp.html.CssTokensTest)
CssTokens.java,org.owasp.html.CssTokens$Lexer,0,consumeAndDecodeEscapeSequence,836,KILLED,org.owasp.html.CssTokensTest.testCdoCdc(org.owasp.html.CssTokensTest)
CssTokens.java,org.owasp.html.CssTokens$Lexer,1,consumeAndDecodeEscapeSequence,836,KILLED,org.owasp.html.CssTokensTest.testCdoCdc(org.owasp.html.CssTokensTest)
CssTokens.java,org.owasp.html.CssTokens$Lexer,false,consumeAtKeyword,819,KILLED,org.owasp.html.CssTokensTest.testLex38(org.owasp.html.CssTokensTest)
CssTokens.java,org.owasp.html.CssTokens$Lexer,true,consumeAtKeyword,819,TIMED_OUT,none
CssTokens.java,org.owasp.html.CssTokens$Lexer,void,consumeColumn,772,TIMED_OUT,none
CssTokens.java,org.owasp.html.CssTokens$Lexer,void,consumeDelim,681,TIMED_OUT,none
CssTokens.java,org.owasp.html.CssTokens$Lexer,null,consumeHash,1127,KILLED,org.owasp.html.CssTokensTest.testHash(org.owasp.html.CssTokensTest)
CssTokens.java,org.owasp.html.CssTokens$Lexer,void,consumeIdent,783,KILLED,org.owasp.html.CssTokensTest.testLex60(org.owasp.html.CssTokensTest)
CssTokens.java,org.owasp.html.CssTokens$Lexer,null,consumeIdentOrUrlOrFunction,1226,KILLED,org.owasp.html.CssTokensTest.testLex60(org.owasp.html.CssTokensTest)
CssTokens.java,org.owasp.html.CssTokens$Lexer,false,consumeIgnorable,696,TIMED_OUT,none
CssTokens.java,org.owasp.html.CssTokens$Lexer,true,consumeIgnorable,696,TIMED_OUT,none
CssTokens.java,org.owasp.html.CssTokens$Lexer,void,consumeMatch,777,TIMED_OUT,none
CssTokens.java,org.owasp.html.CssTokens$Lexer,null,consumeNumberOrPercentageOrDimension,921,TIMED_OUT,none
CssTokens.java,org.owasp.html.CssTokens$Lexer,null,consumeString,1073,TIMED_OUT,none
CssTokens.java,org.owasp.html.CssTokens$Lexer,false,consumeUnicodeRange,1147,KILLED,org.owasp.html.CssTokensTest.testUnicodeRanges(org.owasp.html.CssTokensTest)
CssTokens.java,org.owasp.html.CssTokens$Lexer,true,consumeUnicodeRange,1147,TIMED_OUT,none
CssTokens.java,org.owasp.html.CssTokens$Lexer,false,consumeUrlValue,1266,KILLED,org.owasp.html.CssTokensTest.testLex59(org.owasp.html.CssTokensTest)
CssTokens.java,org.owasp.html.CssTokens$Lexer,true,consumeUrlValue,1266,KILLED,org.owasp.html.CssTokensTest.testLex59(org.owasp.html.CssTokensTest)
CssTokens.java,org.owasp.html.CssTokens$Lexer,void,emitMergedTokens,658,KILLED,org.owasp.html.CssTokensTest.testLex63(org.owasp.html.CssTokensTest)
CssTokens.java,org.owasp.html.CssTokens$Lexer,void,emitToken,672,KILLED,org.owasp.html.CssTokensTest.testLex58(org.owasp.html.CssTokensTest)
CssTokens.java,org.owasp.html.CssTokens$Lexer,void,encodeCharOntoOutput,887,KILLED,org.owasp.html.CssTokensTest.testLex54(org.owasp.html.CssTokensTest)
CssTokens.java,org.owasp.html.CssTokens$Lexer,false,isHexEncoded,882,KILLED,org.owasp.html.CssTokensTest.testStringEscaping(org.owasp.html.CssTokensTest)
CssTokens.java,org.owasp.html.CssTokens$Lexer,true,isHexEncoded,882,KILLED,org.owasp.html.CssTokensTest.testLex54(org.owasp.html.CssTokensTest)
CssTokens.java,org.owasp.html.CssTokens$Lexer,void,lex,427,KILLED,org.owasp.html.CssTokensTest.testLex58(org.owasp.html.CssTokensTest)
CssTokens.java,org.owasp.html.CssTokens$Lexer,null,openBracket,341,KILLED,org.owasp.html.CssTokensTest.testLex63(org.owasp.html.CssTokensTest)
CssTokens.java,org.owasp.html.CssTokens$Lexer,0,readCodepoint,1377,KILLED,org.owasp.html.CssTokensTest.testLex60(org.owasp.html.CssTokensTest)
CssTokens.java,org.owasp.html.CssTokens$Lexer,1,readCodepoint,1377,KILLED,org.owasp.html.CssTokensTest.testLex60(org.owasp.html.CssTokensTest)
HtmlPolicyBuilder.java,org.owasp.html.HtmlPolicyBuilder,null,allowAttributes,342,KILLED,org.owasp.html.HtmlPolicyBuilderTest.testImageTag(org.owasp.html.HtmlPolicyBuilderTest)
HtmlPolicyBuilder.java,org.owasp.html.HtmlPolicyBuilder,null,allowAttributesGlobally,366,KILLED,org.owasp.html.HtmlPolicyBuilderTest.testPostprocessors(org.owasp.html.HtmlPolicyBuilderTest)
HtmlPolicyBuilder.java,org.owasp.html.HtmlPolicyBuilder,null,allowAttributesOnElements,383,KILLED,org.owasp.html.HtmlPolicyBuilderTest.testImageTag(org.owasp.html.HtmlPolicyBuilderTest)
HtmlPolicyBuilder.java,org.owasp.html.HtmlPolicyBuilder,null,allowCommonBlockElements,262,KILLED,org.owasp.html.HtmlPolicyBuilderTest.testStyleFiltering(org.owasp.html.HtmlPolicyBuilderTest)
HtmlPolicyBuilder.java,org.owasp.html.HtmlPolicyBuilder,null,allowCommonInlineFormattingElements,253,KILLED,org.owasp.html.HtmlPolicyBuilderTest.testCannedFormattingTagFilter(org.owasp.html.HtmlPolicyBuilderTest)
HtmlPolicyBuilder.java,org.owasp.html.HtmlPolicyBuilder,null,allowElements,231,KILLED,org.owasp.html.HtmlPolicyBuilderTest.testBodyTransforming(org.owasp.html.HtmlPolicyBuilderTest)
HtmlPolicyBuilder.java,org.owasp.html.HtmlPolicyBuilder,null,allowElements,210,KILLED,org.owasp.html.HtmlPolicyBuilderTest.testBodyTransforming(org.owasp.html.HtmlPolicyBuilderTest)
HtmlPolicyBuilder.java,org.owasp.html.HtmlPolicyBuilder,null,allowStandardUrlProtocols,507,KILLED,org.owasp.html.HtmlPolicyBuilderTest.testImageTag(org.owasp.html.HtmlPolicyBuilderTest)
HtmlPolicyBuilder.java,org.owasp.html.HtmlPolicyBuilder,null,allowStyling,516,KILLED,org.owasp.html.HtmlPolicyBuilderTest.testBackgroundsThatViolateGlobalUrlPolicy(org.owasp.html.HtmlPolicyBuilderTest)
HtmlPolicyBuilder.java,org.owasp.html.HtmlPolicyBuilder,null,allowStyling,525,KILLED,org.owasp.html.HtmlPolicyBuilderTest.testBackgroundWithUrls(org.owasp.html.HtmlPolicyBuilderTest)
HtmlPolicyBuilder.java,org.owasp.html.HtmlPolicyBuilder,null,allowTextIn,279,KILLED,org.owasp.html.HtmlChangeReporterTest.testChangeReporting(org.owasp.html.HtmlChangeReporterTest)
HtmlPolicyBuilder.java,org.owasp.html.HtmlPolicyBuilder,null,allowUrlProtocols,477,KILLED,org.owasp.html.HtmlPolicyBuilderTest.testImageTag(org.owasp.html.HtmlPolicyBuilderTest)
HtmlPolicyBuilder.java,org.owasp.html.HtmlPolicyBuilder,null,allowUrlsInStyles,555,KILLED,org.owasp.html.HtmlPolicyBuilderTest.testBackgroundsThatViolateGlobalUrlPolicy(org.owasp.html.HtmlPolicyBuilderTest)
HtmlPolicyBuilder.java,org.owasp.html.HtmlPolicyBuilder,null,allowWithoutAttributes,314,KILLED,org.owasp.html.HtmlPolicyBuilderTest.testSpanTagFilter(org.owasp.html.HtmlPolicyBuilderTest)
HtmlPolicyBuilder.java,org.owasp.html.HtmlPolicyBuilder,null,build,606,KILLED,org.owasp.html.HtmlSanitizerTest.testEmpty(org.owasp.html.HtmlSanitizerTest)
HtmlPolicyBuilder.java,org.owasp.html.HtmlPolicyBuilder,null,build,626,NO_COVERAGE,none
HtmlPolicyBuilder.java,org.owasp.html.HtmlPolicyBuilder,null,compilePolicies,670,KILLED,org.owasp.html.HtmlPolicyBuilderTest.testEntities(org.owasp.html.HtmlPolicyBuilderTest)
HtmlPolicyBuilder.java,org.owasp.html.HtmlPolicyBuilder,null,disallowAttributes,359,NO_COVERAGE,none
HtmlPolicyBuilder.java,org.owasp.html.HtmlPolicyBuilder,null,disallowElements,219,KILLED,org.owasp.html.HtmlPolicyBuilderTest.testCannedFormattingTagFilterNoItalics(org.owasp.html.HtmlPolicyBuilderTest)
HtmlPolicyBuilder.java,org.owasp.html.HtmlPolicyBuilder,null,disallowTextIn,298,NO_COVERAGE,none
HtmlPolicyBuilder.java,org.owasp.html.HtmlPolicyBuilder,null,disallowUrlProtocols,494,NO_COVERAGE,none
HtmlPolicyBuilder.java,org.owasp.html.HtmlPolicyBuilder,null,disallowWithoutAttributes,329,KILLED,org.owasp.html.SanitizersTest.testSkipIfEmptyUnionsProperly(org.owasp.html.SanitizersTest)
HtmlPolicyBuilder.java,org.owasp.html.HtmlPolicyBuilder,void,invalidateCompiledState,666,KILLED,org.owasp.html.HtmlPolicyBuilderTest.testLinkRels(org.owasp.html.HtmlPolicyBuilderTest)
HtmlPolicyBuilder.java,org.owasp.html.HtmlPolicyBuilder,null,requireRelNofollowOnLinks,410,KILLED,org.owasp.html.HtmlPolicyBuilderTest.testLinkRelsWhenRelPresent(org.owasp.html.HtmlPolicyBuilderTest)
HtmlPolicyBuilder.java,org.owasp.html.HtmlPolicyBuilder,null,requireRelsOnLinks,422,KILLED,org.owasp.html.HtmlPolicyBuilderTest.testFailFastOnSpaceSeparatedStrings(org.owasp.html.HtmlPolicyBuilderTest)
HtmlPolicyBuilder.java,org.owasp.html.HtmlPolicyBuilder,null,skipRelsOnLinks,446,KILLED,org.owasp.html.HtmlPolicyBuilderTest.testFailFastOnSpaceSeparatedStrings(org.owasp.html.HtmlPolicyBuilderTest)
HtmlPolicyBuilder.java,org.owasp.html.HtmlPolicyBuilder,null,toFactory,634,KILLED,org.owasp.html.HtmlPolicyBuilderTest.testEntities(org.owasp.html.HtmlPolicyBuilderTest)
HtmlPolicyBuilder.java,org.owasp.html.HtmlPolicyBuilder,null,withPostprocessor,583,KILLED,org.owasp.html.HtmlPolicyBuilderTest.testPostprocessors(org.owasp.html.HtmlPolicyBuilderTest)
HtmlPolicyBuilder.java,org.owasp.html.HtmlPolicyBuilder,null,withPreprocessor,567,KILLED,org.owasp.html.HtmlPolicyBuilderTest.testPreprocessors(org.owasp.html.HtmlPolicyBuilderTest)
CssTokens.java,org.owasp.html.CssTokens$TokenIterator,void,advance,162,TIMED_OUT,none
CssTokens.java,org.owasp.html.CssTokens$TokenIterator,void,backup,167,KILLED,org.owasp.html.CssFuzzerTest.testUnderStress(org.owasp.html.CssFuzzerTest)
CssTokens.java,org.owasp.html.CssTokens$TokenIterator,0,endOffset,133,KILLED,org.owasp.html.CssTokensTest.testLex58(org.owasp.html.CssTokensTest)
CssTokens.java,org.owasp.html.CssTokens$TokenIterator,1,endOffset,133,KILLED,org.owasp.html.CssTokensTest.testLex58(org.owasp.html.CssTokensTest)
CssTokens.java,org.owasp.html.CssTokens$TokenIterator,false,hasToken,141,KILLED,org.owasp.html.CssTokensTest.testLex58(org.owasp.html.CssTokensTest)
CssTokens.java,org.owasp.html.CssTokens$TokenIterator,true,hasToken,141,KILLED,org.owasp.html.CssTokensTest.testLex58(org.owasp.html.CssTokensTest)
CssTokens.java,org.owasp.html.CssTokens$TokenIterator,false,hasTokenAfterSpace,145,KILLED,org.owasp.html.StylingPolicyTest.testImportant(org.owasp.html.StylingPolicyTest)
CssTokens.java,org.owasp.html.CssTokens$TokenIterator,true,hasTokenAfterSpace,145,KILLED,org.owasp.html.StylingPolicyTest.testImportant(org.owasp.html.StylingPolicyTest)
CssTokens.java,org.owasp.html.CssTokens$TokenIterator,"",next,106,MEMORY_ERROR,none
CssTokens.java,org.owasp.html.CssTokens$TokenIterator,"A",next,106,MEMORY_ERROR,none
CssTokens.java,org.owasp.html.CssTokens$TokenIterator,null,next,106,MEMORY_ERROR,none
CssTokens.java,org.owasp.html.CssTokens$TokenIterator,void,remove,172,NO_COVERAGE,none
CssTokens.java,org.owasp.html.CssTokens$TokenIterator,null,spliceToEnd,113,KILLED,org.owasp.html.StylingPolicyTest.testImportant(org.owasp.html.StylingPolicyTest)
CssTokens.java,org.owasp.html.CssTokens$TokenIterator,0,startOffset,129,KILLED,org.owasp.html.CssTokensTest.testLex63(org.owasp.html.CssTokensTest)
CssTokens.java,org.owasp.html.CssTokens$TokenIterator,1,startOffset,129,KILLED,org.owasp.html.CssTokensTest.testLex58(org.owasp.html.CssTokensTest)
CssTokens.java,org.owasp.html.CssTokens$TokenIterator,"",token,137,KILLED,org.owasp.html.CssTokensTest.testLex58(org.owasp.html.CssTokensTest)
CssTokens.java,org.owasp.html.CssTokens$TokenIterator,"A",token,137,KILLED,org.owasp.html.CssTokensTest.testLex58(org.owasp.html.CssTokensTest)
CssTokens.java,org.owasp.html.CssTokens$TokenIterator,null,token,137,KILLED,org.owasp.html.CssTokensTest.testLex58(org.owasp.html.CssTokensTest)
CssTokens.java,org.owasp.html.CssTokens$TokenIterator,null,type,154,KILLED,org.owasp.html.CssTokensTest.testLex63(org.owasp.html.CssTokensTest)
IntVector.java,org.owasp.html.IntVector,void,add,36,KILLED,org.owasp.html.IntVectorTest.testLastIndexOf(org.owasp.html.IntVectorTest)
IntVector.java,org.owasp.html.IntVector,void,clear,119,SURVIVED,none
IntVector.java,org.owasp.html.IntVector,false,equals,78,NO_COVERAGE,none
IntVector.java,org.owasp.html.IntVector,true,equals,78,NO_COVERAGE,none
IntVector.java,org.owasp.html.IntVector,0,get,20,KILLED,org.owasp.html.IntVectorTest.testIntVector(org.owasp.html.IntVectorTest)
IntVector.java,org.owasp.html.IntVector,1,get,20,KILLED,org.owasp.html.IntVectorTest.testIntVector(org.owasp.html.IntVectorTest)
IntVector.java,org.owasp.html.IntVector,0,getLast,123,KILLED,org.owasp.html.TagBalancingHtmlStreamRendererTest.testTagSoupIronedOut(org.owasp.html.TagBalancingHtmlStreamRendererTest)
IntVector.java,org.owasp.html.IntVector,1,getLast,123,KILLED,org.owasp.html.TagBalancingHtmlStreamRendererTest.testTagSoupIronedOut(org.owasp.html.TagBalancingHtmlStreamRendererTest)
IntVector.java,org.owasp.html.IntVector,false,isEmpty,16,KILLED,org.owasp.html.IntVectorTest.testIntVector(org.owasp.html.IntVectorTest)
IntVector.java,org.owasp.html.IntVector,true,isEmpty,16,KILLED,org.owasp.html.TagBalancingHtmlStreamRendererTest.testTagSoupIronedOut(org.owasp.html.TagBalancingHtmlStreamRendererTest)
IntVector.java,org.owasp.html.IntVector,0,lastIndexOf,127,KILLED,org.owasp.html.IntVectorTest.testLastIndexOf(org.owasp.html.IntVectorTest)
IntVector.java,org.owasp.html.IntVector,1,lastIndexOf,127,KILLED,org.owasp.html.IntVectorTest.testLastIndexOf(org.owasp.html.IntVectorTest)
IntVector.java,org.owasp.html.IntVector,void,makeSpace,24,KILLED,org.owasp.html.IntVectorTest.testLastIndexOf(org.owasp.html.IntVectorTest)
IntVector.java,org.owasp.html.IntVector,0,remove,42,KILLED,org.owasp.html.IntVectorTest.testLastIndexOf(org.owasp.html.IntVectorTest)
IntVector.java,org.owasp.html.IntVector,1,remove,42,KILLED,org.owasp.html.IntVectorTest.testLastIndexOf(org.owasp.html.IntVectorTest)
IntVector.java,org.owasp.html.IntVector,0,removeFirst,73,NO_COVERAGE,none
IntVector.java,org.owasp.html.IntVector,1,removeFirst,73,NO_COVERAGE,none
IntVector.java,org.owasp.html.IntVector,0,removeLast,69,TIMED_OUT,none
IntVector.java,org.owasp.html.IntVector,1,removeLast,69,TIMED_OUT,none
Strings.java,org.owasp.html.Strings,false,containsHtmlSpace,160,KILLED,org.owasp.html.HtmlPolicyBuilderTest.testFailFastOnSpaceSeparatedStrings(org.owasp.html.HtmlPolicyBuilderTest)
Strings.java,org.owasp.html.Strings,true,containsHtmlSpace,160,KILLED,org.owasp.html.ExamplesTest.testExamplesRun(org.owasp.html.ExamplesTest)
Strings.java,org.owasp.html.Strings,false,equalsIgnoreCase,57,NO_COVERAGE,none
Strings.java,org.owasp.html.Strings,true,equalsIgnoreCase,57,NO_COVERAGE,none
Strings.java,org.owasp.html.Strings,false,isHtmlSpace,156,KILLED,org.owasp.html.TagBalancingHtmlStreamRendererTest.testIsInterElementWhitespace(org.owasp.html.TagBalancingHtmlStreamRendererTest)
Strings.java,org.owasp.html.Strings,true,isHtmlSpace,156,KILLED,org.owasp.html.TagBalancingHtmlStreamRendererTest.testIsInterElementWhitespace(org.owasp.html.TagBalancingHtmlStreamRendererTest)
Strings.java,org.owasp.html.Strings,false,isLowerCase,94,NO_COVERAGE,none
Strings.java,org.owasp.html.Strings,true,isLowerCase,94,NO_COVERAGE,none
Strings.java,org.owasp.html.Strings,false,regionMatchesIgnoreCase,77,KILLED,org.owasp.html.HtmlStreamRendererTest.testCdataContainsEndTag1(org.owasp.html.HtmlStreamRendererTest)
Strings.java,org.owasp.html.Strings,true,regionMatchesIgnoreCase,77,SURVIVED,none
Strings.java,org.owasp.html.Strings,"",stripHtmlSpaces,167,KILLED,org.owasp.html.StylingPolicyTest.testLongUrls(org.owasp.html.StylingPolicyTest)
Strings.java,org.owasp.html.Strings,"A",stripHtmlSpaces,167,KILLED,org.owasp.html.StylingPolicyTest.testLongUrls(org.owasp.html.StylingPolicyTest)
Strings.java,org.owasp.html.Strings,null,stripHtmlSpaces,167,KILLED,org.owasp.html.StylingPolicyTest.testLongUrls(org.owasp.html.StylingPolicyTest)
Strings.java,org.owasp.html.Strings,"",toLowerCase,112,KILLED,org.owasp.html.HtmlPolicyBuilderTest.testFailFastOnSpaceSeparatedStrings(org.owasp.html.HtmlPolicyBuilderTest)
Strings.java,org.owasp.html.Strings,"A",toLowerCase,112,KILLED,org.owasp.html.HtmlPolicyBuilderTest.testFailFastOnSpaceSeparatedStrings(org.owasp.html.HtmlPolicyBuilderTest)
Strings.java,org.owasp.html.Strings,null,toLowerCase,112,KILLED,org.owasp.html.CssSchemaTest.testDangerousProperties(org.owasp.html.CssSchemaTest)
Strings.java,org.owasp.html.Strings,"",toUpperCase,130,NO_COVERAGE,none
Strings.java,org.owasp.html.Strings,"A",toUpperCase,130,NO_COVERAGE,none
Strings.java,org.owasp.html.Strings,null,toUpperCase,130,NO_COVERAGE,none
HtmlStreamRenderer.java,org.owasp.html.HtmlStreamRenderer,0,checkHtmlCdataCloseable,291,KILLED,org.owasp.html.HtmlStreamRendererTest.testTagInCdata(org.owasp.html.HtmlStreamRendererTest)
HtmlStreamRenderer.java,org.owasp.html.HtmlStreamRenderer,1,checkHtmlCdataCloseable,291,KILLED,org.owasp.html.HtmlStreamRendererTest.testTagInCdata(org.owasp.html.HtmlStreamRendererTest)
HtmlStreamRenderer.java,org.owasp.html.HtmlStreamRenderer,void,closeDocument,127,KILLED,org.owasp.html.HtmlStreamRendererTest.testElementNamesNormalized(org.owasp.html.HtmlStreamRendererTest)
HtmlStreamRenderer.java,org.owasp.html.HtmlStreamRenderer,void,closeTag,228,KILLED,org.owasp.html.HtmlStreamRendererTest.testPreSubstitutes1(org.owasp.html.HtmlStreamRendererTest)
HtmlStreamRenderer.java,org.owasp.html.HtmlStreamRenderer,null,create,74,KILLED,org.owasp.html.HtmlStreamRendererTest.testSupplementaryCodepoints(org.owasp.html.HtmlStreamRendererTest)
HtmlStreamRenderer.java,org.owasp.html.HtmlStreamRenderer,null,create,96,KILLED,org.owasp.html.HtmlStreamRendererTest.testSupplementaryCodepoints(org.owasp.html.HtmlStreamRendererTest)
HtmlStreamRenderer.java,org.owasp.html.HtmlStreamRenderer,void,error,116,KILLED,org.owasp.html.HtmlStreamRendererTest.testIllegalAttributeName(org.owasp.html.HtmlStreamRendererTest)
HtmlStreamRenderer.java,org.owasp.html.HtmlStreamRenderer,false,isValidHtmlName,354,KILLED,org.owasp.html.HtmlStreamRendererTest.testIllegalAttributeName(org.owasp.html.HtmlStreamRendererTest)
HtmlStreamRenderer.java,org.owasp.html.HtmlStreamRenderer,true,isValidHtmlName,354,KILLED,org.owasp.html.HtmlStreamRendererTest.testIllegalAttributeName(org.owasp.html.HtmlStreamRendererTest)
HtmlStreamRenderer.java,org.owasp.html.HtmlStreamRenderer,void,openDocument,122,KILLED,org.owasp.html.HtmlStreamRendererTest.testSupplementaryCodepoints(org.owasp.html.HtmlStreamRendererTest)
HtmlStreamRenderer.java,org.owasp.html.HtmlStreamRenderer,void,openTag,151,KILLED,org.owasp.html.HtmlStreamRendererTest.testIllegalAttributeName(org.owasp.html.HtmlStreamRendererTest)
HtmlStreamRenderer.java,org.owasp.html.HtmlStreamRenderer,"",safeName,389,KILLED,org.owasp.html.HtmlStreamRendererTest.testIllegalAttributeName(org.owasp.html.HtmlStreamRendererTest)
HtmlStreamRenderer.java,org.owasp.html.HtmlStreamRenderer,"A",safeName,389,KILLED,org.owasp.html.HtmlStreamRendererTest.testIllegalElementName(org.owasp.html.HtmlStreamRendererTest)
HtmlStreamRenderer.java,org.owasp.html.HtmlStreamRenderer,null,safeName,389,KILLED,org.owasp.html.HtmlStreamRendererTest.testIllegalAttributeName(org.owasp.html.HtmlStreamRendererTest)
HtmlStreamRenderer.java,org.owasp.html.HtmlStreamRenderer,void,text,270,KILLED,org.owasp.html.HtmlStreamRendererTest.testSupplementaryCodepoints(org.owasp.html.HtmlStreamRendererTest)
HtmlStreamRenderer.java,org.owasp.html.HtmlStreamRenderer,void,writeCloseTag,236,KILLED,org.owasp.html.HtmlStreamRendererTest.testPreSubstitutes1(org.owasp.html.HtmlStreamRendererTest)
HtmlStreamRenderer.java,org.owasp.html.HtmlStreamRenderer,void,writeOpenTag,160,KILLED,org.owasp.html.HtmlStreamRendererTest.testIllegalAttributeName(org.owasp.html.HtmlStreamRendererTest)
HtmlStreamRenderer.java,org.owasp.html.HtmlStreamRenderer,void,writeText,277,KILLED,org.owasp.html.HtmlStreamRendererTest.testSupplementaryCodepoints(org.owasp.html.HtmlStreamRendererTest)
CssTokens.java,org.owasp.html.CssTokens,empty,expandIfNecessary,1417,KILLED,org.owasp.html.CssTokensTest.testLex58(org.owasp.html.CssTokensTest)
CssTokens.java,org.owasp.html.CssTokens,null,expandIfNecessary,1417,KILLED,org.owasp.html.CssTokensTest.testLex58(org.owasp.html.CssTokensTest)
CssTokens.java,org.owasp.html.CssTokens,false,isDecimal,1397,KILLED,org.owasp.html.CssTokensTest.testLex68(org.owasp.html.CssTokensTest)
CssTokens.java,org.owasp.html.CssTokens,true,isDecimal,1397,KILLED,org.owasp.html.CssTokensTest.testLex21(org.owasp.html.CssTokensTest)
CssTokens.java,org.owasp.html.CssTokens,false,isIdentPart,1391,KILLED,org.owasp.html.CssTokensTest.testLex60(org.owasp.html.CssTokensTest)
CssTokens.java,org.owasp.html.CssTokens,true,isIdentPart,1391,KILLED,org.owasp.html.CssTokensTest.testOrphanedCloseBrackets(org.owasp.html.CssTokensTest)
CssTokens.java,org.owasp.html.CssTokens,false,isLineTerminator,1413,KILLED,org.owasp.html.CssTokensTest.testLex58(org.owasp.html.CssTokensTest)
CssTokens.java,org.owasp.html.CssTokens,true,isLineTerminator,1413,KILLED,org.owasp.html.CssTokensTest.testLex58(org.owasp.html.CssTokensTest)
CssTokens.java,org.owasp.html.CssTokens,false,isWellKnownUnit,1486,KILLED,org.owasp.html.CssFuzzerTest.testUnderStress(org.owasp.html.CssFuzzerTest)
CssTokens.java,org.owasp.html.CssTokens,true,isWellKnownUnit,1486,KILLED,org.owasp.html.CssFuzzerTest.testUnderStress(org.owasp.html.CssFuzzerTest)
CssTokens.java,org.owasp.html.CssTokens,false,isWellKnownUnit,1475,KILLED,org.owasp.html.CssTokensTest.testLex69(org.owasp.html.CssTokensTest)
CssTokens.java,org.owasp.html.CssTokens,true,isWellKnownUnit,1475,KILLED,org.owasp.html.CssTokensTest.testLex15(org.owasp.html.CssTokensTest)
CssTokens.java,org.owasp.html.CssTokens,null,lex,86,KILLED,org.owasp.html.CssTokensTest.testLex58(org.owasp.html.CssTokensTest)
CssTokens.java,org.owasp.html.CssTokens,null,start,80,KILLED,org.owasp.html.CssTokensTest.testLex58(org.owasp.html.CssTokensTest)
CssTokens.java,org.owasp.html.CssTokens,empty,truncateOrShare,1426,KILLED,org.owasp.html.CssTokensTest.testLex58(org.owasp.html.CssTokensTest)
CssTokens.java,org.owasp.html.CssTokens,null,truncateOrShare,1426,KILLED,org.owasp.html.CssTokensTest.testLex58(org.owasp.html.CssTokensTest)
Encoding.java,org.owasp.html.Encoding,void,appendNumericEntity,291,KILLED,org.owasp.html.EncodingTest.testAppendNumericEntityAndEncodeOnto(org.owasp.html.EncodingTest)
Encoding.java,org.owasp.html.Encoding,"",decodeHtml,43,KILLED,org.owasp.html.EncodingTest.testDecodeHtml(org.owasp.html.EncodingTest)
Encoding.java,org.owasp.html.Encoding,"A",decodeHtml,43,KILLED,org.owasp.html.EncodingTest.testDecodeHtml(org.owasp.html.EncodingTest)
Encoding.java,org.owasp.html.Encoding,null,decodeHtml,43,KILLED,org.owasp.html.EncodingTest.testDecodeHtml(org.owasp.html.EncodingTest)
Encoding.java,org.owasp.html.Encoding,void,encodeHtmlAttribOnto,156,KILLED,org.owasp.html.EncodingTest.testBadlyDonePostProcessingWillnotAllowInsertingNonceAttributes(org.owasp.html.EncodingTest)
Encoding.java,org.owasp.html.Encoding,void,encodeHtmlOnto,191,KILLED,org.owasp.html.EncodingTest.testBadlyDonePostProcessingWillnotAllowInsertingNonceAttributes(org.owasp.html.EncodingTest)
Encoding.java,org.owasp.html.Encoding,void,encodePcdataOnto,166,KILLED,org.owasp.html.EncodingTest.testBadlyDonePostProcessingWillnotAllowInsertingNonceAttributes(org.owasp.html.EncodingTest)
Encoding.java,org.owasp.html.Encoding,void,encodeRcdataOnto,176,KILLED,org.owasp.html.EncodingTest.testBadlyDonePostProcessingWillnotAllowInsertingNonceAttributes(org.owasp.html.EncodingTest)
Encoding.java,org.owasp.html.Encoding,0,longestPrefixOfGoodCodeunits,132,KILLED,org.owasp.html.EncodingTest.testStripBannedCodeunits(org.owasp.html.EncodingTest)
Encoding.java,org.owasp.html.Encoding,1,longestPrefixOfGoodCodeunits,132,KILLED,org.owasp.html.EncodingTest.testStripBannedCodeunits(org.owasp.html.EncodingTest)
Encoding.java,org.owasp.html.Encoding,"",stripBannedCodeunits,79,KILLED,org.owasp.html.EncodingTest.testStripBannedCodeunits(org.owasp.html.EncodingTest)
Encoding.java,org.owasp.html.Encoding,"A",stripBannedCodeunits,79,KILLED,org.owasp.html.EncodingTest.testStripBannedCodeunits(org.owasp.html.EncodingTest)
Encoding.java,org.owasp.html.Encoding,null,stripBannedCodeunits,79,KILLED,org.owasp.html.EncodingTest.testStripBannedCodeunits(org.owasp.html.EncodingTest)
Encoding.java,org.owasp.html.Encoding,void,stripBannedCodeunits,93,KILLED,org.owasp.html.EncodingTest.testStripBannedCodeunits(org.owasp.html.EncodingTest)
Encoding.java,org.owasp.html.Encoding,void,stripBannedCodeunits,98,KILLED,org.owasp.html.EncodingTest.testStripBannedCodeunits(org.owasp.html.EncodingTest)
HtmlElementTables.java,org.owasp.html.HtmlElementTables,false,binSearchRange,532,KILLED,org.owasp.html.HtmlElementTablesTest.testExplicitClosers(org.owasp.html.HtmlElementTablesTest)
HtmlElementTables.java,org.owasp.html.HtmlElementTables,true,binSearchRange,532,KILLED,org.owasp.html.HtmlElementTablesTest.testExplicitClosers(org.owasp.html.HtmlElementTablesTest)
HtmlElementTables.java,org.owasp.html.HtmlElementTables,false,canContain,194,KILLED,org.owasp.html.HtmlElementTablesTest.testCanBodyContain(org.owasp.html.HtmlElementTablesTest)
HtmlElementTables.java,org.owasp.html.HtmlElementTables,true,canContain,194,KILLED,org.owasp.html.HtmlElementTablesTest.testCanBodyContain(org.owasp.html.HtmlElementTablesTest)
HtmlElementTables.java,org.owasp.html.HtmlElementTables,false,canContainPlainText,237,KILLED,org.owasp.html.HtmlPolicyBuilderTest.testBodyTransforming(org.owasp.html.HtmlPolicyBuilderTest)
HtmlElementTables.java,org.owasp.html.HtmlElementTables,true,canContainPlainText,237,KILLED,org.owasp.html.HtmlSanitizerTest.testScriptInIframe(org.owasp.html.HtmlSanitizerTest)
HtmlElementTables.java,org.owasp.html.HtmlElementTables,"",canonNameForIndex,215,KILLED,org.owasp.html.HtmlElementTablesTest.testElementNames(org.owasp.html.HtmlElementTablesTest)
HtmlElementTables.java,org.owasp.html.HtmlElementTables,"A",canonNameForIndex,215,KILLED,org.owasp.html.HtmlElementTablesTest.testElementNames(org.owasp.html.HtmlElementTablesTest)
HtmlElementTables.java,org.owasp.html.HtmlElementTables,null,canonNameForIndex,215,KILLED,org.owasp.html.HtmlElementTablesTest.testElementNames(org.owasp.html.HtmlElementTablesTest)
HtmlElementTables.java,org.owasp.html.HtmlElementTables,empty,impliedElements,327,KILLED,org.owasp.html.HtmlElementTablesTest.testImpliedElements(org.owasp.html.HtmlElementTablesTest)
HtmlElementTables.java,org.owasp.html.HtmlElementTables,null,impliedElements,327,KILLED,org.owasp.html.HtmlElementTablesTest.testImpliedElements(org.owasp.html.HtmlElementTablesTest)
HtmlElementTables.java,org.owasp.html.HtmlElementTables,0,nElementTypes,295,SURVIVED,none
HtmlElementTables.java,org.owasp.html.HtmlElementTables,1,nElementTypes,295,SURVIVED,none
HtmlElementTables.java,org.owasp.html.HtmlElementTables,empty,unpack,723,NO_COVERAGE,none
HtmlElementTables.java,org.owasp.html.HtmlElementTables,null,unpack,723,NO_COVERAGE,none
TagBalancingHtmlStreamEventReceiver.java,org.owasp.html.TagBalancingHtmlStreamEventReceiver,false,canContain,219,KILLED,org.owasp.html.TagBalancingHtmlStreamRendererTest.testMenuItemNesting(org.owasp.html.TagBalancingHtmlStreamRendererTest)
TagBalancingHtmlStreamEventReceiver.java,org.owasp.html.TagBalancingHtmlStreamEventReceiver,true,canContain,219,KILLED,org.owasp.html.TagBalancingHtmlStreamRendererTest.testMismatchedHeaders(org.owasp.html.TagBalancingHtmlStreamRendererTest)
TagBalancingHtmlStreamEventReceiver.java,org.owasp.html.TagBalancingHtmlStreamEventReceiver,void,closeDocument,86,KILLED,org.owasp.html.TagBalancingHtmlStreamRendererTest.testListNesting(org.owasp.html.TagBalancingHtmlStreamRendererTest)
TagBalancingHtmlStreamEventReceiver.java,org.owasp.html.TagBalancingHtmlStreamEventReceiver,void,closeTag,241,KILLED,org.owasp.html.TagBalancingHtmlStreamRendererTest.testMenuItemNesting(org.owasp.html.TagBalancingHtmlStreamRendererTest)
TagBalancingHtmlStreamEventReceiver.java,org.owasp.html.TagBalancingHtmlStreamEventReceiver,void,dumpState,484,NO_COVERAGE,none
TagBalancingHtmlStreamEventReceiver.java,org.owasp.html.TagBalancingHtmlStreamEventReceiver,false,isHeaderElement,355,KILLED,org.owasp.html.TagBalancingHtmlStreamRendererTest.testMismatchedHeaders(org.owasp.html.TagBalancingHtmlStreamRendererTest)
TagBalancingHtmlStreamEventReceiver.java,org.owasp.html.TagBalancingHtmlStreamEventReceiver,true,isHeaderElement,355,SURVIVED,none
TagBalancingHtmlStreamEventReceiver.java,org.owasp.html.TagBalancingHtmlStreamEventReceiver,false,isHeaderElementName,360,KILLED,org.owasp.html.TagBalancingHtmlStreamRendererTest.testMismatchedHeaders(org.owasp.html.TagBalancingHtmlStreamRendererTest)
TagBalancingHtmlStreamEventReceiver.java,org.owasp.html.TagBalancingHtmlStreamEventReceiver,true,isHeaderElementName,360,KILLED,org.owasp.html.TagBalancingHtmlStreamRendererTest.testListNesting(org.owasp.html.TagBalancingHtmlStreamRendererTest)
TagBalancingHtmlStreamEventReceiver.java,org.owasp.html.TagBalancingHtmlStreamEventReceiver,false,isInterElementWhitespace,319,KILLED,org.owasp.html.TagBalancingHtmlStreamRendererTest.testIsInterElementWhitespace(org.owasp.html.TagBalancingHtmlStreamRendererTest)
TagBalancingHtmlStreamEventReceiver.java,org.owasp.html.TagBalancingHtmlStreamEventReceiver,true,isInterElementWhitespace,319,KILLED,org.owasp.html.TagBalancingHtmlStreamRendererTest.testIsInterElementWhitespace(org.owasp.html.TagBalancingHtmlStreamRendererTest)
TagBalancingHtmlStreamEventReceiver.java,org.owasp.html.TagBalancingHtmlStreamEventReceiver,void,openTag,100,KILLED,org.owasp.html.TagBalancingHtmlStreamRendererTest.testMenuItemNesting(org.owasp.html.TagBalancingHtmlStreamRendererTest)
TagBalancingHtmlStreamEventReceiver.java,org.owasp.html.TagBalancingHtmlStreamEventReceiver,void,prepareForContent,122,KILLED,org.owasp.html.TagBalancingHtmlStreamRendererTest.testListNesting(org.owasp.html.TagBalancingHtmlStreamRendererTest)
TagBalancingHtmlStreamEventReceiver.java,org.owasp.html.TagBalancingHtmlStreamEventReceiver,void,setNestingLimit,75,KILLED,org.owasp.html.TagBalancingHtmlStreamRendererTest.testNestingLimits(org.owasp.html.TagBalancingHtmlStreamRendererTest)
TagBalancingHtmlStreamEventReceiver.java,org.owasp.html.TagBalancingHtmlStreamEventReceiver,void,text,332,KILLED,org.owasp.html.TagBalancingHtmlStreamRendererTest.testAnchorClosedWhenBlockInInline(org.owasp.html.TagBalancingHtmlStreamRendererTest)
HtmlElementTables.java,org.owasp.html.HtmlElementTables$TextContentModel,false,canContainComment,616,KILLED,org.owasp.html.HtmlElementTablesTest.testTextContentModel(org.owasp.html.HtmlElementTablesTest)
HtmlElementTables.java,org.owasp.html.HtmlElementTables$TextContentModel,true,canContainComment,616,KILLED,org.owasp.html.HtmlElementTablesTest.testTextContentModel(org.owasp.html.HtmlElementTablesTest)
HtmlElementTables.java,org.owasp.html.HtmlElementTables$TextContentModel,false,canContainEntities,626,KILLED,org.owasp.html.HtmlElementTablesTest.testTextContentModel(org.owasp.html.HtmlElementTablesTest)
HtmlElementTables.java,org.owasp.html.HtmlElementTables$TextContentModel,true,canContainEntities,626,KILLED,org.owasp.html.HtmlElementTablesTest.testTextContentModel(org.owasp.html.HtmlElementTablesTest)
HtmlElementTables.java,org.owasp.html.HtmlElementTables$TextContentModel,false,canContainPlainText,647,KILLED,org.owasp.html.HtmlPolicyBuilderTest.testBodyTransforming(org.owasp.html.HtmlPolicyBuilderTest)
HtmlElementTables.java,org.owasp.html.HtmlElementTables$TextContentModel,true,canContainPlainText,647,SURVIVED,none
HtmlElementTables.java,org.owasp.html.HtmlElementTables$TextContentModel,false,canContainText,636,KILLED,org.owasp.html.HtmlElementTablesTest.testTextContentModel(org.owasp.html.HtmlElementTablesTest)
HtmlElementTables.java,org.owasp.html.HtmlElementTables$TextContentModel,true,canContainText,636,KILLED,org.owasp.html.HtmlElementTablesTest.testTextContentModel(org.owasp.html.HtmlElementTablesTest)
HtmlElementTables.java,org.owasp.html.HtmlElementTables$TextContentModel,false,isAllowed,675,NO_COVERAGE,none
HtmlElementTables.java,org.owasp.html.HtmlElementTables$TextContentModel,true,isAllowed,675,NO_COVERAGE,none
HtmlElementTables.java,org.owasp.html.HtmlElementTables$TextContentModel,false,isRaw,657,KILLED,org.owasp.html.HtmlElementTablesTest.testTextContentModel(org.owasp.html.HtmlElementTablesTest)
HtmlElementTables.java,org.owasp.html.HtmlElementTables$TextContentModel,true,isRaw,657,KILLED,org.owasp.html.HtmlElementTablesTest.testTextContentModel(org.owasp.html.HtmlElementTablesTest)
HtmlElementTables.java,org.owasp.html.HtmlElementTables$TextContentModel,false,isUnended,666,KILLED,org.owasp.html.HtmlElementTablesTest.testTextContentModel(org.owasp.html.HtmlElementTablesTest)
HtmlElementTables.java,org.owasp.html.HtmlElementTables$TextContentModel,true,isUnended,666,KILLED,org.owasp.html.HtmlElementTablesTest.testTextContentModel(org.owasp.html.HtmlElementTablesTest)
FilterUrlByProtocolAttributePolicy.java,org.owasp.html.FilterUrlByProtocolAttributePolicy,false,allowProtocolRelativeUrls,93,NO_COVERAGE,none
FilterUrlByProtocolAttributePolicy.java,org.owasp.html.FilterUrlByProtocolAttributePolicy,true,allowProtocolRelativeUrls,93,NO_COVERAGE,none
FilterUrlByProtocolAttributePolicy.java,org.owasp.html.FilterUrlByProtocolAttributePolicy,"",apply,71,KILLED,org.owasp.html.SanitizersTest.testImages(org.owasp.html.SanitizersTest)
FilterUrlByProtocolAttributePolicy.java,org.owasp.html.FilterUrlByProtocolAttributePolicy,"A",apply,71,KILLED,org.owasp.html.SanitizersTest.testImages(org.owasp.html.SanitizersTest)
FilterUrlByProtocolAttributePolicy.java,org.owasp.html.FilterUrlByProtocolAttributePolicy,null,apply,71,KILLED,org.owasp.html.SanitizersTest.testImages(org.owasp.html.SanitizersTest)
FilterUrlByProtocolAttributePolicy.java,org.owasp.html.FilterUrlByProtocolAttributePolicy,false,equals,168,NO_COVERAGE,none
FilterUrlByProtocolAttributePolicy.java,org.owasp.html.FilterUrlByProtocolAttributePolicy,true,equals,168,NO_COVERAGE,none
FilterUrlByProtocolAttributePolicy.java,org.owasp.html.FilterUrlByProtocolAttributePolicy,"",normalizeUri,98,KILLED,org.owasp.html.StylingPolicyTest.testUrls(org.owasp.html.StylingPolicyTest)
FilterUrlByProtocolAttributePolicy.java,org.owasp.html.FilterUrlByProtocolAttributePolicy,"A",normalizeUri,98,KILLED,org.owasp.html.StylingPolicyTest.testUrls(org.owasp.html.StylingPolicyTest)
FilterUrlByProtocolAttributePolicy.java,org.owasp.html.FilterUrlByProtocolAttributePolicy,null,normalizeUri,98,KILLED,org.owasp.html.StylingPolicyTest.testUrls(org.owasp.html.StylingPolicyTest)
FilterUrlByProtocolAttributePolicy.java,org.owasp.html.FilterUrlByProtocolAttributePolicy,"",normalizeUriFrom,129,KILLED,org.owasp.html.SanitizersTest.testSpacesAroundURLAttributeValues(org.owasp.html.SanitizersTest)
FilterUrlByProtocolAttributePolicy.java,org.owasp.html.FilterUrlByProtocolAttributePolicy,"A",normalizeUriFrom,129,KILLED,org.owasp.html.SanitizersTest.testSpacesAroundURLAttributeValues(org.owasp.html.SanitizersTest)
FilterUrlByProtocolAttributePolicy.java,org.owasp.html.FilterUrlByProtocolAttributePolicy,null,normalizeUriFrom,129,KILLED,org.owasp.html.SanitizersTest.testSpacesAroundURLAttributeValues(org.owasp.html.SanitizersTest)
StylingPolicy.java,org.owasp.html.StylingPolicy$1,void,closeQuotedIdents,89,KILLED,org.owasp.html.StylingPolicyTest.testCdoCdc(org.owasp.html.StylingPolicyTest)
StylingPolicy.java,org.owasp.html.StylingPolicy$1,void,emitToken,82,KILLED,org.owasp.html.StylingPolicyTest.testImportant(org.owasp.html.StylingPolicyTest)
StylingPolicy.java,org.owasp.html.StylingPolicy$1,void,endFunction,227,KILLED,org.owasp.html.StylingPolicyTest.testColors(org.owasp.html.StylingPolicyTest)
StylingPolicy.java,org.owasp.html.StylingPolicy$1,void,endProperty,218,KILLED,org.owasp.html.StylingPolicyTest.testBidiAndAlignmentAttributes(org.owasp.html.StylingPolicyTest)
StylingPolicy.java,org.owasp.html.StylingPolicy$1,void,hash,210,KILLED,org.owasp.html.StylingPolicyTest.testColors(org.owasp.html.StylingPolicyTest)
StylingPolicy.java,org.owasp.html.StylingPolicy$1,void,identifier,190,KILLED,org.owasp.html.StylingPolicyTest.testImportant(org.owasp.html.StylingPolicyTest)
StylingPolicy.java,org.owasp.html.StylingPolicy$1,void,punctuation,180,KILLED,org.owasp.html.StylingPolicyTest.testImportant(org.owasp.html.StylingPolicyTest)
StylingPolicy.java,org.owasp.html.StylingPolicy$1,void,quantity,169,KILLED,org.owasp.html.StylingPolicyTest.testFontWeight(org.owasp.html.StylingPolicyTest)
StylingPolicy.java,org.owasp.html.StylingPolicy$1,void,quotedString,146,KILLED,org.owasp.html.StylingPolicyTest.testUrls(org.owasp.html.StylingPolicyTest)
StylingPolicy.java,org.owasp.html.StylingPolicy$1,void,sanitizeAndAppendUrl,96,KILLED,org.owasp.html.StylingPolicyTest.testUrls(org.owasp.html.StylingPolicyTest)
StylingPolicy.java,org.owasp.html.StylingPolicy$1,void,startFunction,131,KILLED,org.owasp.html.StylingPolicyTest.testImportant(org.owasp.html.StylingPolicyTest)
StylingPolicy.java,org.owasp.html.StylingPolicy$1,void,startProperty,120,KILLED,org.owasp.html.StylingPolicyTest.testImportant(org.owasp.html.StylingPolicyTest)
StylingPolicy.java,org.owasp.html.StylingPolicy$1,void,url,107,KILLED,org.owasp.html.StylingPolicyTest.testUrls(org.owasp.html.StylingPolicyTest)
ElementAndAttributePolicyBasedSanitizerPolicy.java,org.owasp.html.ElementAndAttributePolicyBasedSanitizerPolicy,"",applyPolicies,118,KILLED,org.owasp.html.HtmlSanitizerTest.testEmptyEndTags(org.owasp.html.HtmlSanitizerTest)
ElementAndAttributePolicyBasedSanitizerPolicy.java,org.owasp.html.ElementAndAttributePolicyBasedSanitizerPolicy,"A",applyPolicies,118,KILLED,org.owasp.html.HtmlSanitizerTest.testEmptyEndTags(org.owasp.html.HtmlSanitizerTest)
ElementAndAttributePolicyBasedSanitizerPolicy.java,org.owasp.html.ElementAndAttributePolicyBasedSanitizerPolicy,null,applyPolicies,118,KILLED,org.owasp.html.HtmlSanitizerTest.testEmptyEndTags(org.owasp.html.HtmlSanitizerTest)
ElementAndAttributePolicyBasedSanitizerPolicy.java,org.owasp.html.ElementAndAttributePolicyBasedSanitizerPolicy,void,closeDocument,83,SURVIVED,none
ElementAndAttributePolicyBasedSanitizerPolicy.java,org.owasp.html.ElementAndAttributePolicyBasedSanitizerPolicy,void,closeTag,156,KILLED,org.owasp.html.SanitizersTest.testFormatting(org.owasp.html.SanitizersTest)
ElementAndAttributePolicyBasedSanitizerPolicy.java,org.owasp.html.ElementAndAttributePolicyBasedSanitizerPolicy,void,deferOpenTag,193,KILLED,org.owasp.html.ExamplesTest.testSanitizeRemovesScripts(org.owasp.html.ExamplesTest)
ElementAndAttributePolicyBasedSanitizerPolicy.java,org.owasp.html.ElementAndAttributePolicyBasedSanitizerPolicy,void,openDocument,77,KILLED,org.owasp.html.HtmlSanitizerTest.testEmpty(org.owasp.html.HtmlSanitizerTest)
ElementAndAttributePolicyBasedSanitizerPolicy.java,org.owasp.html.ElementAndAttributePolicyBasedSanitizerPolicy,void,openTag,104,KILLED,org.owasp.html.HtmlSanitizerTest.testEmptyEndTags(org.owasp.html.HtmlSanitizerTest)
ElementAndAttributePolicyBasedSanitizerPolicy.java,org.owasp.html.ElementAndAttributePolicyBasedSanitizerPolicy,void,removeDuplicateAttributes,221,KILLED,org.owasp.html.HtmlSanitizerTest.testDuplicateAttributes(org.owasp.html.HtmlSanitizerTest)
ElementAndAttributePolicyBasedSanitizerPolicy.java,org.owasp.html.ElementAndAttributePolicyBasedSanitizerPolicy,void,text,95,KILLED,org.owasp.html.SanitizersTest.testIssue30(org.owasp.html.SanitizersTest)
ElementAndAttributePolicyBasedSanitizerPolicy.java,org.owasp.html.ElementAndAttributePolicyBasedSanitizerPolicy,void,writeOpenTag,184,KILLED,org.owasp.html.HtmlSanitizerTest.testEmptyEndTags(org.owasp.html.HtmlSanitizerTest)
HtmlLexer.java,org.owasp.html.HtmlLexer,"",canonicalName,61,KILLED,org.owasp.html.HtmlLexerTest.testPartialTagInCData(org.owasp.html.HtmlLexerTest)
HtmlLexer.java,org.owasp.html.HtmlLexer,"A",canonicalName,61,KILLED,org.owasp.html.HtmlLexerTest.testPartialTagInCData(org.owasp.html.HtmlLexerTest)
HtmlLexer.java,org.owasp.html.HtmlLexer,null,canonicalName,61,KILLED,org.owasp.html.HtmlLexerTest.testPartialTagInCData(org.owasp.html.HtmlLexerTest)
HtmlLexer.java,org.owasp.html.HtmlLexer,null,collapseAttributeName,187,KILLED,org.owasp.html.HtmlLexerTest.testUrlEndingInSlashOutsideQuotes(org.owasp.html.HtmlLexerTest)
HtmlLexer.java,org.owasp.html.HtmlLexer,null,collapseSubsequent,170,KILLED,org.owasp.html.HtmlLexerTest.testPartialTagInCData(org.owasp.html.HtmlLexerTest)
HtmlLexer.java,org.owasp.html.HtmlLexer,false,isValuelessAttribute,246,KILLED,org.owasp.html.HtmlLexerTest.testHtmlLexer(org.owasp.html.HtmlLexerTest)
HtmlLexer.java,org.owasp.html.HtmlLexer,true,isValuelessAttribute,246,KILLED,org.owasp.html.HtmlLexerTest.testHtmlLexer(org.owasp.html.HtmlLexerTest)
HtmlLexer.java,org.owasp.html.HtmlLexer,null,join,219,KILLED,org.owasp.html.HtmlLexerTest.testPartialTagInCData(org.owasp.html.HtmlLexerTest)
HtmlLexer.java,org.owasp.html.HtmlLexer,null,peekToken,234,KILLED,org.owasp.html.HtmlLexerTest.testPartialTagInCData(org.owasp.html.HtmlLexerTest)
HtmlLexer.java,org.owasp.html.HtmlLexer,null,produce,84,KILLED,org.owasp.html.HtmlLexerTest.testEofInTag(org.owasp.html.HtmlLexerTest)
HtmlLexer.java,org.owasp.html.HtmlLexer,null,readToken,224,KILLED,org.owasp.html.HtmlLexerTest.testEofInTag(org.owasp.html.HtmlLexerTest)
StylingPolicy.java,org.owasp.html.StylingPolicy,"",apply,60,KILLED,org.owasp.html.SanitizersTest.testStylesAndFormatting(org.owasp.html.SanitizersTest)
StylingPolicy.java,org.owasp.html.StylingPolicy,"A",apply,60,KILLED,org.owasp.html.SanitizersTest.testStylesAndFormatting(org.owasp.html.SanitizersTest)
StylingPolicy.java,org.owasp.html.StylingPolicy,null,apply,60,KILLED,org.owasp.html.SanitizersTest.testStylesAndFormatting(org.owasp.html.SanitizersTest)
StylingPolicy.java,org.owasp.html.StylingPolicy,false,equals,257,NO_COVERAGE,none
StylingPolicy.java,org.owasp.html.StylingPolicy,true,equals,257,NO_COVERAGE,none
StylingPolicy.java,org.owasp.html.StylingPolicy,false,isAlphanumericOrSpaceOrHyphen,237,KILLED,org.owasp.html.StylingPolicyTest.testFontFace(org.owasp.html.StylingPolicyTest)
StylingPolicy.java,org.owasp.html.StylingPolicy,true,isAlphanumericOrSpaceOrHyphen,237,SURVIVED,none
StylingPolicy.java,org.owasp.html.StylingPolicy,"",sanitizeCssProperties,72,KILLED,org.owasp.html.StylingPolicyTest.testImportant(org.owasp.html.StylingPolicyTest)
StylingPolicy.java,org.owasp.html.StylingPolicy,"A",sanitizeCssProperties,72,KILLED,org.owasp.html.StylingPolicyTest.testImportant(org.owasp.html.StylingPolicyTest)
StylingPolicy.java,org.owasp.html.StylingPolicy,null,sanitizeCssProperties,72,KILLED,org.owasp.html.StylingPolicyTest.testImportant(org.owasp.html.StylingPolicyTest)
PolicyFactory.java,org.owasp.html.PolicyFactory,null,and,144,KILLED,org.owasp.html.SanitizersTest.testIssue30(org.owasp.html.SanitizersTest)
PolicyFactory.java,org.owasp.html.PolicyFactory,null,apply,77,KILLED,org.owasp.html.HtmlSanitizerTest.testEmpty(org.owasp.html.HtmlSanitizerTest)
PolicyFactory.java,org.owasp.html.PolicyFactory,null,apply,95,KILLED,org.owasp.html.SanitizersTest.testIssue30(org.owasp.html.SanitizersTest)
PolicyFactory.java,org.owasp.html.PolicyFactory,"",sanitize,107,KILLED,org.owasp.html.SanitizersTest.testIssue30(org.owasp.html.SanitizersTest)
PolicyFactory.java,org.owasp.html.PolicyFactory,"A",sanitize,107,KILLED,org.owasp.html.SanitizersTest.testIssue30(org.owasp.html.SanitizersTest)
PolicyFactory.java,org.owasp.html.PolicyFactory,null,sanitize,107,KILLED,org.owasp.html.SanitizersTest.testIssue30(org.owasp.html.SanitizersTest)
PolicyFactory.java,org.owasp.html.PolicyFactory,"",sanitize,125,KILLED,org.owasp.html.SanitizersTest.testIssue30(org.owasp.html.SanitizersTest)
PolicyFactory.java,org.owasp.html.PolicyFactory,"A",sanitize,125,KILLED,org.owasp.html.SanitizersTest.testIssue30(org.owasp.html.SanitizersTest)
PolicyFactory.java,org.owasp.html.PolicyFactory,null,sanitize,125,KILLED,org.owasp.html.SanitizersTest.testIssue30(org.owasp.html.SanitizersTest)
HtmlLexer.java,org.owasp.html.HtmlInputSplitter,"",canonicalName,697,KILLED,org.owasp.html.HtmlLexerTest.testPartialTagInCData(org.owasp.html.HtmlLexerTest)
HtmlLexer.java,org.owasp.html.HtmlInputSplitter,"A",canonicalName,697,KILLED,org.owasp.html.HtmlLexerTest.testPartialTagInCData(org.owasp.html.HtmlLexerTest)
HtmlLexer.java,org.owasp.html.HtmlInputSplitter,null,canonicalName,697,KILLED,org.owasp.html.HtmlLexerTest.testPartialTagInCData(org.owasp.html.HtmlLexerTest)
HtmlLexer.java,org.owasp.html.HtmlInputSplitter,false,isIdentStart,701,KILLED,org.owasp.html.HtmlLexerTest.testEofInTag(org.owasp.html.HtmlLexerTest)
HtmlLexer.java,org.owasp.html.HtmlInputSplitter,true,isIdentStart,701,KILLED,org.owasp.html.HtmlLexerTest.testHtmlLexer(org.owasp.html.HtmlLexerTest)
HtmlLexer.java,org.owasp.html.HtmlInputSplitter,null,parseToken,396,KILLED,org.owasp.html.HtmlLexerTest.testEofInTag(org.owasp.html.HtmlLexerTest)
HtmlLexer.java,org.owasp.html.HtmlInputSplitter,null,produce,295,KILLED,org.owasp.html.HtmlLexerTest.testEofInTag(org.owasp.html.HtmlLexerTest)
HtmlLexer.java,org.owasp.html.HtmlInputSplitter,null,reclassify,705,KILLED,org.owasp.html.HtmlLexerTest.testPartialTagInCData(org.owasp.html.HtmlLexerTest)
CssGrammar.java,org.owasp.html.CssGrammar,"",cssContent,155,KILLED,org.owasp.html.CssGrammarTest.testCssContent(org.owasp.html.CssGrammarTest)
CssGrammar.java,org.owasp.html.CssGrammar,"A",cssContent,155,KILLED,org.owasp.html.CssGrammarTest.testCssContent(org.owasp.html.CssGrammarTest)
CssGrammar.java,org.owasp.html.CssGrammar,null,cssContent,155,KILLED,org.owasp.html.CssGrammarTest.testCssContent(org.owasp.html.CssGrammarTest)
CssGrammar.java,org.owasp.html.CssGrammar,void,errorRecoveryUntilSemiOrCloseBracket,35,TIMED_OUT,none
CssGrammar.java,org.owasp.html.CssGrammar,false,isHex,201,KILLED,org.owasp.html.CssGrammarTest.testCssContent(org.owasp.html.CssGrammarTest)
CssGrammar.java,org.owasp.html.CssGrammar,true,isHex,201,KILLED,org.owasp.html.CssGrammarTest.testCssContent(org.owasp.html.CssGrammarTest)
CssGrammar.java,org.owasp.html.CssGrammar,void,parsePropertyGroup,66,KILLED,org.owasp.html.StylingPolicyTest.testImportant(org.owasp.html.StylingPolicyTest)
CssGrammar.java,org.owasp.html.CssGrammar,void,parsePropertyValue,94,KILLED,org.owasp.html.StylingPolicyTest.testImportant(org.owasp.html.StylingPolicyTest)
Trie.java,org.owasp.html.Trie,false,contains,146,NO_COVERAGE,none
Trie.java,org.owasp.html.Trie,true,contains,146,NO_COVERAGE,none
Trie.java,org.owasp.html.Trie,null,lookup,126,KILLED,org.owasp.html.EncodingTest.testDecodeHtml(org.owasp.html.EncodingTest)
Trie.java,org.owasp.html.Trie,null,lookup,137,NO_COVERAGE,none
Trie.java,org.owasp.html.Trie,null,sortedUniqEntries,151,KILLED,org.owasp.html.AntiSamyTest.testCssAttacks(org.owasp.html.AntiSamyTest)
Trie.java,org.owasp.html.Trie,void,toStringBuilder,181,NO_COVERAGE,none
Trie.java,org.owasp.html.Trie,void,toStringList,167,NO_COVERAGE,none
Trie.java,org.owasp.html.Trie,void,toStringList,163,NO_COVERAGE,none
CssSchema.java,org.owasp.html.CssSchema,null,forKey,129,KILLED,org.owasp.html.CssSchemaTest.testDangerousProperties(org.owasp.html.CssSchemaTest)
CssSchema.java,org.owasp.html.CssSchema,void,main,908,NO_COVERAGE,none
CssSchema.java,org.owasp.html.CssSchema,"",stripVendorPrefix,143,KILLED,org.owasp.html.CssSchemaTest.testDangerousProperties(org.owasp.html.CssSchemaTest)
CssSchema.java,org.owasp.html.CssSchema,"A",stripVendorPrefix,143,KILLED,org.owasp.html.CssSchemaTest.testDangerousProperties(org.owasp.html.CssSchemaTest)
CssSchema.java,org.owasp.html.CssSchema,null,stripVendorPrefix,143,KILLED,org.owasp.html.CssSchemaTest.testDangerousProperties(org.owasp.html.CssSchemaTest)
CssSchema.java,org.owasp.html.CssSchema,null,union,110,KILLED,org.owasp.html.CssSchemaTest.testCustom(org.owasp.html.CssSchemaTest)
CssSchema.java,org.owasp.html.CssSchema,null,withProperties,94,KILLED,org.owasp.html.CssSchemaTest.testCustom(org.owasp.html.CssSchemaTest)
HtmlTextEscapingMode.java,org.owasp.html.HtmlTextEscapingMode,false,allowsEscapingTextSpan,153,KILLED,org.owasp.html.HtmlLexerTest.testHtmlLexer(org.owasp.html.HtmlLexerTest)
HtmlTextEscapingMode.java,org.owasp.html.HtmlTextEscapingMode,true,allowsEscapingTextSpan,153,KILLED,org.owasp.html.HtmlLexerTest.testHtmlLexer(org.owasp.html.HtmlLexerTest)
HtmlTextEscapingMode.java,org.owasp.html.HtmlTextEscapingMode,null,getModeForTag,142,KILLED,org.owasp.html.HtmlStreamRendererTest.testIllegalAttributeName(org.owasp.html.HtmlStreamRendererTest)
HtmlTextEscapingMode.java,org.owasp.html.HtmlTextEscapingMode,false,isTagFollowedByLiteralContent,164,KILLED,org.owasp.html.HtmlLexerTest.testPartialTagInCData(org.owasp.html.HtmlLexerTest)
HtmlTextEscapingMode.java,org.owasp.html.HtmlTextEscapingMode,true,isTagFollowedByLiteralContent,164,KILLED,org.owasp.html.HtmlLexerTest.testUrlEndingInSlashOutsideQuotes(org.owasp.html.HtmlLexerTest)
HtmlTextEscapingMode.java,org.owasp.html.HtmlTextEscapingMode,false,isVoidElement,173,KILLED,org.owasp.html.TagBalancingHtmlStreamRendererTest.testTagBalancing(org.owasp.html.TagBalancingHtmlStreamRendererTest)
HtmlTextEscapingMode.java,org.owasp.html.HtmlTextEscapingMode,true,isVoidElement,173,KILLED,org.owasp.html.HtmlStreamRendererTest.testPreSubstitutes4(org.owasp.html.HtmlStreamRendererTest)
HtmlPolicyBuilder.java,org.owasp.html.HtmlPolicyBuilder$AttributeBuilder,null,globally,927,KILLED,org.owasp.html.HtmlSanitizerTest.testEmpty(org.owasp.html.HtmlSanitizerTest)
HtmlPolicyBuilder.java,org.owasp.html.HtmlPolicyBuilder$AttributeBuilder,null,matching,874,KILLED,org.owasp.html.ExamplesTest.testExamplesRun(org.owasp.html.ExamplesTest)
HtmlPolicyBuilder.java,org.owasp.html.HtmlPolicyBuilder$AttributeBuilder,null,matching,858,KILLED,org.owasp.html.ExamplesTest.testExamplesRun(org.owasp.html.ExamplesTest)
HtmlPolicyBuilder.java,org.owasp.html.HtmlPolicyBuilder$AttributeBuilder,null,matching,847,KILLED,org.owasp.html.HtmlSanitizerTest.testEmpty(org.owasp.html.HtmlSanitizerTest)
HtmlPolicyBuilder.java,org.owasp.html.HtmlPolicyBuilder$AttributeBuilder,null,matching,901,KILLED,org.owasp.html.ExamplesTest.testExamplesRun(org.owasp.html.ExamplesTest)
HtmlPolicyBuilder.java,org.owasp.html.HtmlPolicyBuilder$AttributeBuilder,null,matching,890,KILLED,org.owasp.html.ExamplesTest.testExamplesRun(org.owasp.html.ExamplesTest)
HtmlPolicyBuilder.java,org.owasp.html.HtmlPolicyBuilder$AttributeBuilder,null,onElements,937,KILLED,org.owasp.html.ExamplesTest.testExamplesRun(org.owasp.html.ExamplesTest)
HtmlPolicyBuilder.java,org.owasp.html.HtmlPolicyBuilder$RelsOnLinksPolicy,"",apply,986,KILLED,org.owasp.html.ExamplesTest.testTextAllowedInLinks(org.owasp.html.ExamplesTest)
HtmlPolicyBuilder.java,org.owasp.html.HtmlPolicyBuilder$RelsOnLinksPolicy,"A",apply,986,KILLED,org.owasp.html.ExamplesTest.testTextAllowedInLinks(org.owasp.html.ExamplesTest)
HtmlPolicyBuilder.java,org.owasp.html.HtmlPolicyBuilder$RelsOnLinksPolicy,null,apply,986,KILLED,org.owasp.html.ExamplesTest.testTextAllowedInLinks(org.owasp.html.ExamplesTest)
HtmlPolicyBuilder.java,org.owasp.html.HtmlPolicyBuilder$RelsOnLinksPolicy,null,create,959,KILLED,org.owasp.html.HtmlPolicyBuilderTest.testLinkRelsWhenRelPresent(org.owasp.html.HtmlPolicyBuilderTest)
HtmlPolicyBuilder.java,org.owasp.html.HtmlPolicyBuilder$RelsOnLinksPolicy,0,indexOfAttributeValue,977,KILLED,org.owasp.html.ExamplesTest.testTextAllowedInLinks(org.owasp.html.ExamplesTest)
HtmlPolicyBuilder.java,org.owasp.html.HtmlPolicyBuilder$RelsOnLinksPolicy,1,indexOfAttributeValue,977,KILLED,org.owasp.html.ExamplesTest.testTextAllowedInLinks(org.owasp.html.ExamplesTest)
HtmlSanitizer.java,org.owasp.html.HtmlSanitizer,null,initializePolicy,230,KILLED,org.owasp.html.HtmlSanitizerTest.testEmpty(org.owasp.html.HtmlSanitizerTest)
HtmlSanitizer.java,org.owasp.html.HtmlSanitizer,void,sanitize,104,KILLED,org.owasp.html.HtmlSanitizerTest.testSimpleText(org.owasp.html.HtmlSanitizerTest)
HtmlSanitizer.java,org.owasp.html.HtmlSanitizer,void,sanitize,132,KILLED,org.owasp.html.HtmlSanitizerTest.testSimpleText(org.owasp.html.HtmlSanitizerTest)
HtmlSanitizer.java,org.owasp.html.HtmlSanitizer,"",stripQuotes,210,KILLED,org.owasp.html.HtmlSanitizerTest.testEmptyAndValuelessAttributes(org.owasp.html.HtmlSanitizerTest)
HtmlSanitizer.java,org.owasp.html.HtmlSanitizer,"A",stripQuotes,210,KILLED,org.owasp.html.HtmlSanitizerTest.testEmptyAndValuelessAttributes(org.owasp.html.HtmlSanitizerTest)
HtmlSanitizer.java,org.owasp.html.HtmlSanitizer,null,stripQuotes,210,KILLED,org.owasp.html.HtmlSanitizerTest.testOnLoadStripped(org.owasp.html.HtmlSanitizerTest)
AutoCloseableHtmlStreamRenderer.java,org.owasp.html.AutoCloseableHtmlStreamRenderer,void,close,68,NO_COVERAGE,none
AutoCloseableHtmlStreamRenderer.java,org.owasp.html.AutoCloseableHtmlStreamRenderer,void,closeIfAnyCloseable,73,KILLED,org.owasp.html.AutoCloseableHtmlStreamRendererTest.testThatCloseablesAreClosed(org.owasp.html.AutoCloseableHtmlStreamRendererTest)
AutoCloseableHtmlStreamRenderer.java,org.owasp.html.AutoCloseableHtmlStreamRenderer,null,createAutoCloseableHtmlStreamRenderer,53,NO_COVERAGE,none
AutoCloseableHtmlStreamRenderer.java,org.owasp.html.AutoCloseableHtmlStreamRenderer,false,isAutoCloseable,45,KILLED,org.owasp.html.AutoCloseableHtmlStreamRendererTest.testThatCloseablesAreClosed(org.owasp.html.AutoCloseableHtmlStreamRendererTest)
AutoCloseableHtmlStreamRenderer.java,org.owasp.html.AutoCloseableHtmlStreamRenderer,true,isAutoCloseable,45,SURVIVED,none
JoinedAttributePolicy.java,org.owasp.html.JoinedAttributePolicy,"",apply,49,KILLED,org.owasp.html.ExamplesTest.testTextAllowedInLinks(org.owasp.html.ExamplesTest)
JoinedAttributePolicy.java,org.owasp.html.JoinedAttributePolicy,"A",apply,49,KILLED,org.owasp.html.ExamplesTest.testTextAllowedInLinks(org.owasp.html.ExamplesTest)
JoinedAttributePolicy.java,org.owasp.html.JoinedAttributePolicy,null,apply,49,KILLED,org.owasp.html.ExamplesTest.testTextAllowedInLinks(org.owasp.html.ExamplesTest)
JoinedAttributePolicy.java,org.owasp.html.JoinedAttributePolicy,false,equals,59,NO_COVERAGE,none
JoinedAttributePolicy.java,org.owasp.html.JoinedAttributePolicy,true,equals,59,NO_COVERAGE,none
UrlTextExample.java,org.owasp.html.examples.UrlTextExample,"",domainOf,155,KILLED,org.owasp.html.UrlTextExampleTest.testExample(org.owasp.html.UrlTextExampleTest)
UrlTextExample.java,org.owasp.html.examples.UrlTextExample,"A",domainOf,155,KILLED,org.owasp.html.UrlTextExampleTest.testExample(org.owasp.html.UrlTextExampleTest)
UrlTextExample.java,org.owasp.html.examples.UrlTextExample,null,domainOf,155,KILLED,org.owasp.html.UrlTextExampleTest.testExample(org.owasp.html.UrlTextExampleTest)
UrlTextExample.java,org.owasp.html.examples.UrlTextExample,void,main,145,SURVIVED,none
UrlTextExample.java,org.owasp.html.examples.UrlTextExample,void,run,116,KILLED,org.owasp.html.UrlTextExampleTest.testExample(org.owasp.html.UrlTextExampleTest)
CssTokens.java,org.owasp.html.CssTokens$Brackets,0,bracketIndexForToken,267,KILLED,org.owasp.html.CssTokensTest.testBracketIndices(org.owasp.html.CssTokensTest)
CssTokens.java,org.owasp.html.CssTokens$Brackets,1,bracketIndexForToken,267,KILLED,org.owasp.html.CssTokensTest.testBracketIndices(org.owasp.html.CssTokensTest)
CssTokens.java,org.owasp.html.CssTokens$Brackets,0,partner,260,KILLED,org.owasp.html.CssTokensTest.testBracketIndices(org.owasp.html.CssTokensTest)
CssTokens.java,org.owasp.html.CssTokens$Brackets,1,partner,260,KILLED,org.owasp.html.CssTokensTest.testBracketIndices(org.owasp.html.CssTokensTest)
Sanitizers.java,org.owasp.html.Sanitizers$1,"",apply,102,KILLED,org.owasp.html.SanitizersTest.testImages(org.owasp.html.SanitizersTest)
Sanitizers.java,org.owasp.html.Sanitizers$1,"A",apply,102,KILLED,org.owasp.html.SanitizersTest.testImages(org.owasp.html.SanitizersTest)
Sanitizers.java,org.owasp.html.Sanitizers$1,null,apply,102,KILLED,org.owasp.html.SanitizersTest.testImages(org.owasp.html.SanitizersTest)
ElementPolicy.java,org.owasp.html.JoinedElementPolicy,"",apply,139,KILLED,org.owasp.html.ElementPolicyTest.testJoin(org.owasp.html.ElementPolicyTest)
ElementPolicy.java,org.owasp.html.JoinedElementPolicy,"A",apply,139,KILLED,org.owasp.html.ElementPolicyTest.testJoin(org.owasp.html.ElementPolicyTest)
ElementPolicy.java,org.owasp.html.JoinedElementPolicy,null,apply,139,KILLED,org.owasp.html.ElementPolicyTest.testJoin(org.owasp.html.ElementPolicyTest)
HtmlLexer.java,org.owasp.html.AbstractTokenStream,false,hasNext,719,KILLED,org.owasp.html.HtmlLexerTest.testEofInTag(org.owasp.html.HtmlLexerTest)
HtmlLexer.java,org.owasp.html.AbstractTokenStream,true,hasNext,719,KILLED,org.owasp.html.HtmlStreamRendererTest.testEmptyDocument(org.owasp.html.HtmlStreamRendererTest)
HtmlLexer.java,org.owasp.html.AbstractTokenStream,null,next,724,KILLED,org.owasp.html.HtmlLexerTest.testEofInTag(org.owasp.html.HtmlLexerTest)
HtmlPolicyBuilder.java,org.owasp.html.HtmlPolicyBuilder$1,"",apply,732,KILLED,org.owasp.html.HtmlPolicyBuilderTest.testBackgroundWithUrls(org.owasp.html.HtmlPolicyBuilderTest)
HtmlPolicyBuilder.java,org.owasp.html.HtmlPolicyBuilder$1,"A",apply,732,KILLED,org.owasp.html.HtmlPolicyBuilderTest.testBackgroundsThatViolateGlobalUrlPolicy(org.owasp.html.HtmlPolicyBuilderTest)
HtmlPolicyBuilder.java,org.owasp.html.HtmlPolicyBuilder$1,null,apply,732,KILLED,org.owasp.html.HtmlPolicyBuilderTest.testBackgroundWithUrls(org.owasp.html.HtmlPolicyBuilderTest)
HtmlPolicyBuilder.java,org.owasp.html.HtmlPolicyBuilder$AttributeBuilder$3,"",apply,905,KILLED,org.owasp.html.SanitizersTest.testIssue9StylesInTables(org.owasp.html.SanitizersTest)
HtmlPolicyBuilder.java,org.owasp.html.HtmlPolicyBuilder$AttributeBuilder$3,"A",apply,905,KILLED,org.owasp.html.SanitizersTest.testIssue9StylesInTables(org.owasp.html.SanitizersTest)
HtmlPolicyBuilder.java,org.owasp.html.HtmlPolicyBuilder$AttributeBuilder$3,null,apply,905,KILLED,org.owasp.html.SanitizersTest.testIssue9StylesInTables(org.owasp.html.SanitizersTest)
HtmlPolicyBuilder.java,org.owasp.html.HtmlPolicyBuilder$AttributeBuilder$2,"",apply,877,KILLED,org.owasp.html.ExamplesTest.testTextAllowedInLinks(org.owasp.html.ExamplesTest)
HtmlPolicyBuilder.java,org.owasp.html.HtmlPolicyBuilder$AttributeBuilder$2,"A",apply,877,KILLED,org.owasp.html.ExamplesTest.testTextAllowedInLinks(org.owasp.html.ExamplesTest)
HtmlPolicyBuilder.java,org.owasp.html.HtmlPolicyBuilder$AttributeBuilder$2,null,apply,877,KILLED,org.owasp.html.ExamplesTest.testTextAllowedInLinks(org.owasp.html.ExamplesTest)
HtmlPolicyBuilder.java,org.owasp.html.HtmlPolicyBuilder$AttributeBuilder$1,"",apply,861,NO_COVERAGE,none
HtmlPolicyBuilder.java,org.owasp.html.HtmlPolicyBuilder$AttributeBuilder$1,"A",apply,861,NO_COVERAGE,none
HtmlPolicyBuilder.java,org.owasp.html.HtmlPolicyBuilder$AttributeBuilder$1,null,apply,861,NO_COVERAGE,none
StandardUrlAttributePolicy.java,org.owasp.html.StandardUrlAttributePolicy,"",apply,44,KILLED,org.owasp.html.StylingPolicyTest.testNothingToOutput(org.owasp.html.StylingPolicyTest)
StandardUrlAttributePolicy.java,org.owasp.html.StandardUrlAttributePolicy,"A",apply,44,KILLED,org.owasp.html.StylingPolicyTest.testNothingToOutput(org.owasp.html.StylingPolicyTest)
StandardUrlAttributePolicy.java,org.owasp.html.StandardUrlAttributePolicy,null,apply,44,KILLED,org.owasp.html.StylingPolicyTest.testUrls(org.owasp.html.StylingPolicyTest)
HtmlToken.java,org.owasp.html.HtmlToken,null,instance,40,KILLED,org.owasp.html.HtmlLexerTest.testEofInTag(org.owasp.html.HtmlLexerTest)
HtmlToken.java,org.owasp.html.HtmlToken,false,tokenInContextMatches,44,KILLED,org.owasp.html.HtmlLexerTest.testUrlEndingInSlashOutsideQuotes(org.owasp.html.HtmlLexerTest)
HtmlToken.java,org.owasp.html.HtmlToken,true,tokenInContextMatches,44,KILLED,org.owasp.html.HtmlLexerTest.testUrlEndingInSlashOutsideQuotes(org.owasp.html.HtmlLexerTest)
ElementAndAttributePolicies.java,org.owasp.html.ElementAndAttributePolicies,null,and,61,KILLED,org.owasp.html.SanitizersTest.testBlockAndFormattingElements(org.owasp.html.SanitizersTest)
ElementAndAttributePolicies.java,org.owasp.html.ElementAndAttributePolicies,null,andGlobals,103,KILLED,org.owasp.html.SanitizersTest.testIssue30(org.owasp.html.SanitizersTest)
HtmlElementTables.java,org.owasp.html.HtmlElementTables$SparseElementToElements,false,get,520,KILLED,org.owasp.html.HtmlElementTablesTest.testExplicitClosers(org.owasp.html.HtmlElementTablesTest)
HtmlElementTables.java,org.owasp.html.HtmlElementTables$SparseElementToElements,true,get,520,KILLED,org.owasp.html.HtmlElementTablesTest.testExplicitClosers(org.owasp.html.HtmlElementTablesTest)
ElementPolicy.java,org.owasp.html.ElementPolicy$Util$PolicyJoiner,null,rejoin,102,KILLED,org.owasp.html.ElementPolicyTest.testJoin(org.owasp.html.ElementPolicyTest)
ElementPolicy.java,org.owasp.html.ElementPolicy$Util$PolicyJoiner,null,split,94,KILLED,org.owasp.html.ElementPolicyTest.testJoin(org.owasp.html.ElementPolicyTest)
EbayPolicyExample.java,org.owasp.html.examples.EbayPolicyExample$3,false,apply,238,KILLED,org.owasp.html.ExamplesTest.testTextAllowedInLinks(org.owasp.html.ExamplesTest)
EbayPolicyExample.java,org.owasp.html.examples.EbayPolicyExample$3,true,apply,238,SURVIVED,none
HtmlElementTables.java,org.owasp.html.HtmlElementTables$DenseElementBinaryMatrix,false,get,451,KILLED,org.owasp.html.HtmlElementTablesTest.testCanBodyContain(org.owasp.html.HtmlElementTablesTest)
HtmlElementTables.java,org.owasp.html.HtmlElementTables$DenseElementBinaryMatrix,true,get,451,KILLED,org.owasp.html.HtmlElementTablesTest.testCanBodyContain(org.owasp.html.HtmlElementTablesTest)
Joinable.java,org.owasp.html.Joinable$JoinHelper,null,join,94,KILLED,org.owasp.html.ElementPolicyTest.testJoin(org.owasp.html.ElementPolicyTest)
Joinable.java,org.owasp.html.Joinable$JoinHelper,void,unroll,66,KILLED,org.owasp.html.ElementPolicyTest.testJoin(org.owasp.html.ElementPolicyTest)
HtmlElementTables.java,org.owasp.html.HtmlElementTables$1,0,compare,713,KILLED,org.owasp.html.HtmlElementTablesTest.testImpliedElements(org.owasp.html.HtmlElementTablesTest)
HtmlElementTables.java,org.owasp.html.HtmlElementTables$1,1,compare,713,KILLED,org.owasp.html.HtmlElementTablesTest.testExplicitClosers(org.owasp.html.HtmlElementTablesTest)
AttributePolicy.java,org.owasp.html.AttributePolicy$Util$AttributePolicyJoiner,null,rejoin,104,KILLED,org.owasp.html.ExamplesTest.testExamplesRun(org.owasp.html.ExamplesTest)
AttributePolicy.java,org.owasp.html.AttributePolicy$Util$AttributePolicyJoiner,null,split,95,KILLED,org.owasp.html.HtmlSanitizerTest.testEmpty(org.owasp.html.HtmlSanitizerTest)
UrlTextExample.java,org.owasp.html.examples.UrlTextExample$AppendDomainAfterText,void,closeTag,100,KILLED,org.owasp.html.UrlTextExampleTest.testExample(org.owasp.html.UrlTextExampleTest)
UrlTextExample.java,org.owasp.html.examples.UrlTextExample$AppendDomainAfterText,void,openTag,60,KILLED,org.owasp.html.UrlTextExampleTest.testExample(org.owasp.html.UrlTextExampleTest)
HtmlElementTables.java,org.owasp.html.HtmlElementTables$HtmlElementNames,0,getElementNameIndex,418,KILLED,org.owasp.html.HtmlElementTablesTest.testCanBodyContain(org.owasp.html.HtmlElementTablesTest)
HtmlElementTables.java,org.owasp.html.HtmlElementTables$HtmlElementNames,1,getElementNameIndex,418,KILLED,org.owasp.html.HtmlElementTablesTest.testCanBodyContain(org.owasp.html.HtmlElementTablesTest)
HtmlElementTables.java,org.owasp.html.HtmlElementTables$SparseElementMultitable,empty,getElementIndexList,584,SURVIVED,none
HtmlElementTables.java,org.owasp.html.HtmlElementTables$SparseElementMultitable,null,getElementIndexList,584,KILLED,org.owasp.html.HtmlElementTablesTest.testImpliedElements(org.owasp.html.HtmlElementTablesTest)
HtmlElementTables.java,org.owasp.html.HtmlElementTables$DenseElementSet,false,get,486,KILLED,org.owasp.html.TagBalancingHtmlStreamRendererTest.testTagSoupIronedOut(org.owasp.html.TagBalancingHtmlStreamRendererTest)
HtmlElementTables.java,org.owasp.html.HtmlElementTables$DenseElementSet,true,get,486,KILLED,org.owasp.html.HtmlElementTablesTest.testCanBodyContain(org.owasp.html.HtmlElementTablesTest)
HtmlEntities.java,org.owasp.html.HtmlEntities,0L,decodeEntityAt,52,KILLED,org.owasp.html.EncodingTest.testDecodeHtml(org.owasp.html.EncodingTest)
HtmlEntities.java,org.owasp.html.HtmlEntities,1L,decodeEntityAt,52,KILLED,org.owasp.html.EncodingTest.testDecodeHtml(org.owasp.html.EncodingTest)
SlashdotPolicyExample.java,org.owasp.html.examples.SlashdotPolicyExample,void,main,97,SURVIVED,none
UrlTextExample.java,org.owasp.html.examples.UrlTextExample$1,null,wrap,132,KILLED,org.owasp.html.ExamplesTest.testExamplesRun(org.owasp.html.ExamplesTest)
HtmlStreamEventReceiverWrapper.java,org.owasp.html.HtmlStreamEventReceiverWrapper,void,close,47,NO_COVERAGE,none
HtmlStreamEventProcessor.java,org.owasp.html.HtmlStreamEventProcessor$Processors,null,compose,40,KILLED,org.owasp.html.SanitizersTest.testIssue30(org.owasp.html.SanitizersTest)
AttributePolicy.java,org.owasp.html.AttributePolicy$Util,null,join,72,KILLED,org.owasp.html.HtmlSanitizerTest.testEmpty(org.owasp.html.HtmlSanitizerTest)
HtmlChangeReporter.java,org.owasp.html.HtmlChangeReporter$OutputChannel,void,openTag,167,KILLED,org.owasp.html.HtmlChangeReporterTest.testChangeReporting(org.owasp.html.HtmlChangeReporterTest)
EbayPolicyExample.java,org.owasp.html.examples.EbayPolicyExample$2,void,handle,227,NO_COVERAGE,none
SlashdotPolicyExample.java,org.owasp.html.examples.SlashdotPolicyExample$1,void,handle,111,NO_COVERAGE,none
EbayPolicyExample.java,org.owasp.html.examples.EbayPolicyExample$1,void,handle,220,NO_COVERAGE,none
SlashdotPolicyExample.java,org.owasp.html.examples.SlashdotPolicyExample$2,void,handle,118,NO_COVERAGE,none
StylingPolicy.java,org.owasp.html.StylingPolicy$StylingPolicyJoinStrategy,null,join,277,NO_COVERAGE,none
HtmlChangeReporter.java,org.owasp.html.HtmlChangeReporter,void,setPolicy,73,KILLED,org.owasp.html.HtmlChangeReporterTest.testChangeReporting(org.owasp.html.HtmlChangeReporterTest)
ElementPolicy.java,org.owasp.html.ElementPolicy$Util,null,join,74,KILLED,org.owasp.html.ElementPolicyTest.testJoin(org.owasp.html.ElementPolicyTest)
HtmlChangeReporter.java,org.owasp.html.HtmlChangeReporter$InputChannel,void,openTag,109,KILLED,org.owasp.html.HtmlChangeReporterTest.testChangeReporting(org.owasp.html.HtmlChangeReporterTest)
HtmlPolicyBuilder.java,org.owasp.html.HtmlPolicyBuilder$JoinRelsOnLinksPolicies,null,join,1034,KILLED,org.owasp.html.HtmlPolicyBuilderTest.testLinkRels(org.owasp.html.HtmlPolicyBuilderTest)
EbayPolicyExample.java,org.owasp.html.examples.EbayPolicyExample,void,main,206,SURVIVED,none
HtmlStreamRenderer.java,org.owasp.html.HtmlStreamRenderer$CloseableHtmlStreamRenderer,void,close,420,NO_COVERAGE,none
HtmlStreamEventProcessor.java,org.owasp.html.HtmlStreamEventProcessor$Processors$2,null,wrap,44,KILLED,org.owasp.html.HtmlPolicyBuilderTest.testPostprocessors(org.owasp.html.HtmlPolicyBuilderTest)
Handler.java,org.owasp.html.Handler$2,void,handle,60,NO_COVERAGE,none
