Element.java,org.eaxy.Element,null,add,96,KILLED,org.eaxy.usage.ElementBuilderTest.shouldReadXmlComment(org.eaxy.usage.ElementBuilderTest)
Element.java,org.eaxy.Element,null,addAll,89,NO_COVERAGE,none
Element.java,org.eaxy.Element,null,addAll,82,KILLED,org.eaxy.usage.ElementManipulationTest.shouldAppendElements(org.eaxy.usage.ElementManipulationTest)
Element.java,org.eaxy.Element,null,addClass,269,KILLED,org.eaxy.usage.HtmlConvenienceTest.shouldManipulateHtmlClass(org.eaxy.usage.HtmlConvenienceTest)
Element.java,org.eaxy.Element,"",attr,144,KILLED,org.eaxy.usage.ElementBuilderTest.shouldCreateAttributesAsArguments(org.eaxy.usage.ElementBuilderTest)
Element.java,org.eaxy.Element,"A",attr,144,KILLED,org.eaxy.usage.ElementBuilderTest.shouldCreateAttributesAsArguments(org.eaxy.usage.ElementBuilderTest)
Element.java,org.eaxy.Element,null,attr,144,KILLED,org.eaxy.usage.ElementBuilderTest.shouldCreateAttributesAsArguments(org.eaxy.usage.ElementBuilderTest)
Element.java,org.eaxy.Element,null,attr,159,KILLED,org.eaxy.usage.ElementBuilderTest.shouldSerializeAttributesWithSpecialChars(org.eaxy.usage.ElementBuilderTest)
Element.java,org.eaxy.Element,null,attr,172,KILLED,org.eaxy.usage.ElementBuilderTest.shouldCreateAttributes(org.eaxy.usage.ElementBuilderTest)
Element.java,org.eaxy.Element,"",attr,149,KILLED,org.eaxy.usage.ElementBuilderTest.shouldCreateAttributesAsArguments(org.eaxy.usage.ElementBuilderTest)
Element.java,org.eaxy.Element,"A",attr,149,KILLED,org.eaxy.usage.ElementBuilderTest.shouldCreateAttributesAsArguments(org.eaxy.usage.ElementBuilderTest)
Element.java,org.eaxy.Element,null,attr,149,KILLED,org.eaxy.usage.ElementBuilderTest.shouldCreateAttributesAsArguments(org.eaxy.usage.ElementBuilderTest)
Element.java,org.eaxy.Element,null,attr,163,KILLED,org.eaxy.usage.ElementBuilderTest.shouldSerializeAttributesWithSpecialChars(org.eaxy.usage.ElementBuilderTest)
Element.java,org.eaxy.Element,null,attrs,135,KILLED,org.eaxy.usage.ElementBuilderTest.shouldGetAllAttributes(org.eaxy.usage.ElementBuilderTest)
Element.java,org.eaxy.Element,null,attrs,360,KILLED,org.eaxy.usage.ElementBuilderTest.shouldCreateAttributes(org.eaxy.usage.ElementBuilderTest)
Element.java,org.eaxy.Element,false,checked,321,KILLED,org.eaxy.html.HtmlFormTest.shouldHandleRadioAndTextInputsWithSameName(org.eaxy.html.HtmlFormTest)
Element.java,org.eaxy.Element,true,checked,321,KILLED,org.eaxy.html.HtmlFormTest.shouldHandleRadioAndTextInputsWithSameName(org.eaxy.html.HtmlFormTest)
Element.java,org.eaxy.Element,null,checked,325,KILLED,org.eaxy.html.HtmlFormTest.shouldHandleRadioAndTextInputsWithSameName(org.eaxy.html.HtmlFormTest)
Element.java,org.eaxy.Element,"",className,265,KILLED,org.eaxy.usage.HtmlConvenienceTest.shouldManipulateHtmlClass(org.eaxy.usage.HtmlConvenienceTest)
Element.java,org.eaxy.Element,"A",className,265,KILLED,org.eaxy.usage.HtmlConvenienceTest.shouldManipulateHtmlClass(org.eaxy.usage.HtmlConvenienceTest)
Element.java,org.eaxy.Element,null,className,265,KILLED,org.eaxy.usage.HtmlConvenienceTest.shouldManipulateHtmlClass(org.eaxy.usage.HtmlConvenienceTest)
Element.java,org.eaxy.Element,null,copy,348,KILLED,org.eaxy.usage.ElementBuilderTest.shouldCreateDocument(org.eaxy.usage.ElementBuilderTest)
Element.java,org.eaxy.Element,null,copyElement,356,KILLED,org.eaxy.usage.ElementBuilderTest.shouldCreateDocument(org.eaxy.usage.ElementBuilderTest)
Element.java,org.eaxy.Element,void,delete,367,KILLED,org.eaxy.html.HtmlFormTest.shouldReplaceSelectOptions(org.eaxy.html.HtmlFormTest)
Element.java,org.eaxy.Element,null,elements,256,KILLED,org.eaxy.usage.ElementFinderTest.shouldExcludeNonmatchingElement(org.eaxy.usage.ElementFinderTest)
Element.java,org.eaxy.Element,false,equals,228,KILLED,org.eaxy.usage.ElementFinderTest.shouldFindNestedElement(org.eaxy.usage.ElementFinderTest)
Element.java,org.eaxy.Element,true,equals,228,SURVIVED,none
Element.java,org.eaxy.Element,void,extendNamespaces,75,KILLED,org.eaxy.experimental.SoapXmlBuilderDirectoryTest.shouldGenerateOutput[SoapOperationDefinition{currencyconvertor.wsdl - ConversionRate}](org.eaxy.experimental.SoapXmlBuilderDirectoryTest)
Element.java,org.eaxy.Element,null,find,239,KILLED,org.eaxy.usage.ElementFinderTest.shouldExcludeNonmatchingElement(org.eaxy.usage.ElementFinderTest)
Element.java,org.eaxy.Element,null,getNamespace,66,KILLED,org.eaxy.experimental.SampleXmlBuilderTest.shouldGenerateRandomInputMessage(org.eaxy.experimental.SampleXmlBuilderTest)
Element.java,org.eaxy.Element,false,hasAttr,180,KILLED,org.eaxy.usage.ElementBuilderTest.shouldCreateAttributes(org.eaxy.usage.ElementBuilderTest)
Element.java,org.eaxy.Element,true,hasAttr,180,KILLED,org.eaxy.experimental.SampleXmlBuilderTest.shouldGenerateRandomInputMessage(org.eaxy.experimental.SampleXmlBuilderTest)
Element.java,org.eaxy.Element,false,hasClass,280,KILLED,org.eaxy.usage.HtmlConvenienceTest.shouldManipulateHtmlClass(org.eaxy.usage.HtmlConvenienceTest)
Element.java,org.eaxy.Element,true,hasClass,280,SURVIVED,none
Element.java,org.eaxy.Element,"",id,292,KILLED,org.eaxy.usage.HtmlConvenienceTest.shouldManipulateHtmlAttributes(org.eaxy.usage.HtmlConvenienceTest)
Element.java,org.eaxy.Element,"A",id,292,KILLED,org.eaxy.usage.HtmlConvenienceTest.shouldManipulateHtmlAttributes(org.eaxy.usage.HtmlConvenienceTest)
Element.java,org.eaxy.Element,null,id,292,KILLED,org.eaxy.usage.HtmlConvenienceTest.shouldManipulateHtmlAttributes(org.eaxy.usage.HtmlConvenienceTest)
Element.java,org.eaxy.Element,null,id,296,KILLED,org.eaxy.usage.HtmlConvenienceTest.shouldManipulateHtmlAttributes(org.eaxy.usage.HtmlConvenienceTest)
Element.java,org.eaxy.Element,"",name,284,KILLED,org.eaxy.usage.HtmlConvenienceTest.shouldManipulateHtmlAttributes(org.eaxy.usage.HtmlConvenienceTest)
Element.java,org.eaxy.Element,"A",name,284,KILLED,org.eaxy.usage.HtmlConvenienceTest.shouldManipulateHtmlAttributes(org.eaxy.usage.HtmlConvenienceTest)
Element.java,org.eaxy.Element,null,name,284,KILLED,org.eaxy.usage.HtmlConvenienceTest.shouldManipulateHtmlAttributes(org.eaxy.usage.HtmlConvenienceTest)
Element.java,org.eaxy.Element,null,name,288,KILLED,org.eaxy.usage.HtmlConvenienceTest.shouldManipulateHtmlAttributes(org.eaxy.usage.HtmlConvenienceTest)
Element.java,org.eaxy.Element,null,namespace,205,KILLED,org.eaxy.usage.ElementBuilderTest.shouldPrintElementWithNameSpace(org.eaxy.usage.ElementBuilderTest)
Element.java,org.eaxy.Element,"",printAttributes,110,KILLED,org.eaxy.usage.ElementBuilderTest.shouldCreateAttributesAsArguments(org.eaxy.usage.ElementBuilderTest)
Element.java,org.eaxy.Element,"A",printAttributes,110,KILLED,org.eaxy.usage.ElementBuilderTest.shouldSerializeEmptyElement(org.eaxy.usage.ElementBuilderTest)
Element.java,org.eaxy.Element,null,printAttributes,110,KILLED,org.eaxy.usage.ElementBuilderTest.shouldSerializeEmptyElement(org.eaxy.usage.ElementBuilderTest)
Element.java,org.eaxy.Element,null,removeClass,273,KILLED,org.eaxy.usage.HtmlConvenienceTest.shouldManipulateHtmlClass(org.eaxy.usage.HtmlConvenienceTest)
Element.java,org.eaxy.Element,null,select,244,KILLED,org.eaxy.usage.ElementManipulationTest.shouldUseFragmentAsTemplate(org.eaxy.usage.ElementManipulationTest)
Element.java,org.eaxy.Element,false,selected,334,KILLED,org.eaxy.html.HtmlFormTest.shouldShowFormValue(org.eaxy.html.HtmlFormTest)
Element.java,org.eaxy.Element,true,selected,334,KILLED,org.eaxy.html.HtmlFormTest.shouldShowFormValue(org.eaxy.html.HtmlFormTest)
Element.java,org.eaxy.Element,null,selected,338,KILLED,org.eaxy.html.HtmlFormTest.shouldGetSelectOptions(org.eaxy.html.HtmlFormTest)
Element.java,org.eaxy.Element,null,take,249,KILLED,org.eaxy.usage.ElementManipulationTest.shouldUseFragmentAsTemplate(org.eaxy.usage.ElementManipulationTest)
Element.java,org.eaxy.Element,"",text,120,KILLED,org.eaxy.usage.ElementManipulationTest.shouldUpdateText(org.eaxy.usage.ElementManipulationTest)
Element.java,org.eaxy.Element,"A",text,120,KILLED,org.eaxy.usage.ElementManipulationTest.shouldUpdateText(org.eaxy.usage.ElementManipulationTest)
Element.java,org.eaxy.Element,null,text,120,KILLED,org.eaxy.usage.ElementManipulationTest.shouldUpdateText(org.eaxy.usage.ElementManipulationTest)
Element.java,org.eaxy.Element,null,text,128,KILLED,org.eaxy.usage.ElementManipulationTest.shouldUpdateText(org.eaxy.usage.ElementManipulationTest)
Element.java,org.eaxy.Element,"",toIndentedXML,184,KILLED,org.eaxy.experimental.SoapSimulatorServerTest.shouldRespondToSoapCall(org.eaxy.experimental.SoapSimulatorServerTest)
Element.java,org.eaxy.Element,"A",toIndentedXML,184,KILLED,org.eaxy.experimental.SoapSimulatorServerTest.shouldRespondToSoapCall(org.eaxy.experimental.SoapSimulatorServerTest)
Element.java,org.eaxy.Element,null,toIndentedXML,184,KILLED,org.eaxy.experimental.SoapSimulatorServerTest.shouldRespondToSoapCall(org.eaxy.experimental.SoapSimulatorServerTest)
Element.java,org.eaxy.Element,"",toXML,195,KILLED,org.eaxy.usage.ElementBuilderTest.shouldSerializeEmptyElement(org.eaxy.usage.ElementBuilderTest)
Element.java,org.eaxy.Element,"A",toXML,195,KILLED,org.eaxy.usage.ElementBuilderTest.shouldSerializeEmptyElement(org.eaxy.usage.ElementBuilderTest)
Element.java,org.eaxy.Element,null,toXML,195,KILLED,org.eaxy.usage.ElementBuilderTest.shouldSerializeEmptyElement(org.eaxy.usage.ElementBuilderTest)
Element.java,org.eaxy.Element,"",type,301,KILLED,org.eaxy.html.HtmlFormTest.shouldShowFirstButton(org.eaxy.html.HtmlFormTest)
Element.java,org.eaxy.Element,"A",type,301,KILLED,org.eaxy.html.HtmlFormTest.shouldShowFirstButton(org.eaxy.html.HtmlFormTest)
Element.java,org.eaxy.Element,null,type,301,KILLED,org.eaxy.html.HtmlFormTest.shouldShowFirstButton(org.eaxy.html.HtmlFormTest)
Element.java,org.eaxy.Element,null,type,305,KILLED,org.eaxy.usage.HtmlConvenienceTest.shouldManipulateHtmlAttributes(org.eaxy.usage.HtmlConvenienceTest)
Element.java,org.eaxy.Element,"",val,309,KILLED,org.eaxy.usage.HtmlConvenienceTest.shouldManipulateHtmlAttributes(org.eaxy.usage.HtmlConvenienceTest)
Element.java,org.eaxy.Element,"A",val,309,KILLED,org.eaxy.usage.HtmlConvenienceTest.shouldManipulateHtmlAttributes(org.eaxy.usage.HtmlConvenienceTest)
Element.java,org.eaxy.Element,null,val,309,KILLED,org.eaxy.usage.HtmlConvenienceTest.shouldManipulateHtmlAttributes(org.eaxy.usage.HtmlConvenienceTest)
Element.java,org.eaxy.Element,null,val,313,KILLED,org.eaxy.usage.HtmlConvenienceTest.shouldManipulateHtmlAttributes(org.eaxy.usage.HtmlConvenienceTest)
SampleXmlBuilder.java,org.eaxy.experimental.SampleXmlBuilder,null,addChildElement,191,KILLED,org.eaxy.experimental.SampleXmlBuilderTest.shouldGenerateAttributeValues(org.eaxy.experimental.SampleXmlBuilderTest)
SampleXmlBuilder.java,org.eaxy.experimental.SampleXmlBuilder,void,addSchema,481,KILLED,org.eaxy.experimental.SampleXmlBuilderTest.shouldGenerateCurrencyConversion(org.eaxy.experimental.SampleXmlBuilderTest)
SampleXmlBuilder.java,org.eaxy.experimental.SampleXmlBuilder,void,appendChildElement,178,KILLED,org.eaxy.experimental.SampleXmlBuilderTest.shouldGenerateAttributeValues(org.eaxy.experimental.SampleXmlBuilderTest)
SampleXmlBuilder.java,org.eaxy.experimental.SampleXmlBuilder,void,appendSequence,160,KILLED,org.eaxy.experimental.SampleXmlBuilderTest.shouldGenerateAttributeValues(org.eaxy.experimental.SampleXmlBuilderTest)
SampleXmlBuilder.java,org.eaxy.experimental.SampleXmlBuilder,null,attributeDefinition,402,KILLED,org.eaxy.experimental.SampleXmlBuilderTest.shouldGenerateAttributeValues(org.eaxy.experimental.SampleXmlBuilderTest)
SampleXmlBuilder.java,org.eaxy.experimental.SampleXmlBuilder,false,chance,156,SURVIVED,none
SampleXmlBuilder.java,org.eaxy.experimental.SampleXmlBuilder,true,chance,156,SURVIVED,none
SampleXmlBuilder.java,org.eaxy.experimental.SampleXmlBuilder,null,complexType,425,KILLED,org.eaxy.experimental.SampleXmlBuilderTest.shouldGenerateAttributeValues(org.eaxy.experimental.SampleXmlBuilderTest)
SampleXmlBuilder.java,org.eaxy.experimental.SampleXmlBuilder,null,createRandomElement,62,KILLED,org.eaxy.experimental.SampleXmlBuilderTest.shouldGenerateAttributeValues(org.eaxy.experimental.SampleXmlBuilderTest)
SampleXmlBuilder.java,org.eaxy.experimental.SampleXmlBuilder,null,createRandomElement,206,KILLED,org.eaxy.experimental.SampleXmlBuilderTest.shouldGenerateAttributeValues(org.eaxy.experimental.SampleXmlBuilderTest)
SampleXmlBuilder.java,org.eaxy.experimental.SampleXmlBuilder,null,createRandomElement,211,KILLED,org.eaxy.experimental.SampleXmlBuilderTest.shouldGenerateAttributeValues(org.eaxy.experimental.SampleXmlBuilderTest)
SampleXmlBuilder.java,org.eaxy.experimental.SampleXmlBuilder,null,elementDefinition,441,KILLED,org.eaxy.experimental.SampleXmlBuilderTest.shouldGenerateAttributeValues(org.eaxy.experimental.SampleXmlBuilderTest)
SampleXmlBuilder.java,org.eaxy.experimental.SampleXmlBuilder,null,findXmlBuilder,237,KILLED,org.eaxy.experimental.SampleXmlBuilderTest.shouldGenerateAttributeValues(org.eaxy.experimental.SampleXmlBuilderTest)
SampleXmlBuilder.java,org.eaxy.experimental.SampleXmlBuilder,null,getValidator,485,KILLED,org.eaxy.experimental.SampleXmlBuilderTest.shouldGenerateManyElementsWhenAppropriate(org.eaxy.experimental.SampleXmlBuilderTest)
SampleXmlBuilder.java,org.eaxy.experimental.SampleXmlBuilder,false,isXsdType,271,KILLED,org.eaxy.experimental.SampleXmlBuilderTest.shouldGenerateAttributeValues(org.eaxy.experimental.SampleXmlBuilderTest)
SampleXmlBuilder.java,org.eaxy.experimental.SampleXmlBuilder,true,isXsdType,271,KILLED,org.eaxy.experimental.SampleXmlBuilderTest.shouldGenerateAttributeValues(org.eaxy.experimental.SampleXmlBuilderTest)
SampleXmlBuilder.java,org.eaxy.experimental.SampleXmlBuilder,0,occurences,275,KILLED,org.eaxy.experimental.SampleXmlBuilderTest.shouldGenerateAttributeValues(org.eaxy.experimental.SampleXmlBuilderTest)
SampleXmlBuilder.java,org.eaxy.experimental.SampleXmlBuilder,1,occurences,275,KILLED,org.eaxy.experimental.SampleXmlBuilderTest.shouldGenerateManyElementsWhenAppropriate(org.eaxy.experimental.SampleXmlBuilderTest)
SampleXmlBuilder.java,org.eaxy.experimental.SampleXmlBuilder,null,pickOne,384,KILLED,org.eaxy.experimental.SampleXmlBuilderTest.shouldGenerateAttributeValues(org.eaxy.experimental.SampleXmlBuilderTest)
SampleXmlBuilder.java,org.eaxy.experimental.SampleXmlBuilder,null,pickOne,388,SURVIVED,none
SampleXmlBuilder.java,org.eaxy.experimental.SampleXmlBuilder,void,populateAttributes,125,KILLED,org.eaxy.experimental.SampleXmlBuilderTest.shouldGenerateAttributeValues(org.eaxy.experimental.SampleXmlBuilderTest)
SampleXmlBuilder.java,org.eaxy.experimental.SampleXmlBuilder,null,populateComplexType,88,KILLED,org.eaxy.experimental.SampleXmlBuilderTest.shouldGenerateAttributeValues(org.eaxy.experimental.SampleXmlBuilderTest)
SampleXmlBuilder.java,org.eaxy.experimental.SampleXmlBuilder,null,qualifiedName,66,KILLED,org.eaxy.experimental.SampleXmlBuilderTest.shouldGenerateAttributeValues(org.eaxy.experimental.SampleXmlBuilderTest)
SampleXmlBuilder.java,org.eaxy.experimental.SampleXmlBuilder,0,random,377,KILLED,org.eaxy.experimental.SampleXmlBuilderTest.shouldGenerateAttributeValues(org.eaxy.experimental.SampleXmlBuilderTest)
SampleXmlBuilder.java,org.eaxy.experimental.SampleXmlBuilder,1,random,377,KILLED,org.eaxy.experimental.SampleXmlBuilderTest.shouldGenerateManyElementsWhenAppropriate(org.eaxy.experimental.SampleXmlBuilderTest)
SampleXmlBuilder.java,org.eaxy.experimental.SampleXmlBuilder,"",randomBaseType,330,KILLED,org.eaxy.experimental.SampleXmlBuilderTest.shouldGenerateRandomInputMessage(org.eaxy.experimental.SampleXmlBuilderTest)
SampleXmlBuilder.java,org.eaxy.experimental.SampleXmlBuilder,"A",randomBaseType,330,KILLED,org.eaxy.experimental.SampleXmlBuilderTest.shouldGenerateRandomOutputMessage(org.eaxy.experimental.SampleXmlBuilderTest)
SampleXmlBuilder.java,org.eaxy.experimental.SampleXmlBuilder,null,randomBaseType,330,KILLED,org.eaxy.experimental.SampleXmlBuilderTest.shouldGenerateAttributeValues(org.eaxy.experimental.SampleXmlBuilderTest)
SampleXmlBuilder.java,org.eaxy.experimental.SampleXmlBuilder,"",randomData,304,KILLED,org.eaxy.experimental.SampleXmlBuilderTest.shouldGenerateAttributeValues(org.eaxy.experimental.SampleXmlBuilderTest)
SampleXmlBuilder.java,org.eaxy.experimental.SampleXmlBuilder,"A",randomData,304,KILLED,org.eaxy.experimental.SampleXmlBuilderTest.shouldGenerateAttributeValues(org.eaxy.experimental.SampleXmlBuilderTest)
SampleXmlBuilder.java,org.eaxy.experimental.SampleXmlBuilder,null,randomData,304,KILLED,org.eaxy.experimental.SampleXmlBuilderTest.shouldGenerateAttributeValues(org.eaxy.experimental.SampleXmlBuilderTest)
SampleXmlBuilder.java,org.eaxy.experimental.SampleXmlBuilder,null,randomDate,363,KILLED,org.eaxy.experimental.SampleXmlBuilderTest.shouldGenerateMessageFromWsdl(org.eaxy.experimental.SampleXmlBuilderTest)
SampleXmlBuilder.java,org.eaxy.experimental.SampleXmlBuilder,null,randomDateTime,300,NO_COVERAGE,none
SampleXmlBuilder.java,org.eaxy.experimental.SampleXmlBuilder,"",randomString,367,KILLED,org.eaxy.experimental.SampleXmlBuilderTest.shouldGenerateRandomInputMessage(org.eaxy.experimental.SampleXmlBuilderTest)
SampleXmlBuilder.java,org.eaxy.experimental.SampleXmlBuilder,"A",randomString,367,SURVIVED,none
SampleXmlBuilder.java,org.eaxy.experimental.SampleXmlBuilder,null,randomString,367,KILLED,org.eaxy.experimental.SampleXmlBuilderTest.shouldGenerateAttributeValues(org.eaxy.experimental.SampleXmlBuilderTest)
SampleXmlBuilder.java,org.eaxy.experimental.SampleXmlBuilder,"",requiredRef,148,KILLED,org.eaxy.experimental.SampleXmlBuilderTest.shouldGenerateAttributeValues(org.eaxy.experimental.SampleXmlBuilderTest)
SampleXmlBuilder.java,org.eaxy.experimental.SampleXmlBuilder,"A",requiredRef,148,KILLED,org.eaxy.experimental.SampleXmlBuilderTest.shouldGenerateAttributeValues(org.eaxy.experimental.SampleXmlBuilderTest)
SampleXmlBuilder.java,org.eaxy.experimental.SampleXmlBuilder,null,requiredRef,148,KILLED,org.eaxy.experimental.SampleXmlBuilderTest.shouldGenerateAttributeValues(org.eaxy.experimental.SampleXmlBuilderTest)
SampleXmlBuilder.java,org.eaxy.experimental.SampleXmlBuilder,false,shouldIncludeAttribute,143,KILLED,org.eaxy.experimental.SampleXmlBuilderTest.shouldGenerateAttributeValues(org.eaxy.experimental.SampleXmlBuilderTest)
SampleXmlBuilder.java,org.eaxy.experimental.SampleXmlBuilder,true,shouldIncludeAttribute,143,KILLED,org.eaxy.experimental.SampleXmlBuilderTest.shouldBuildMinimal(org.eaxy.experimental.SampleXmlBuilderTest)
SampleXmlBuilder.java,org.eaxy.experimental.SampleXmlBuilder,null,simpleType,409,KILLED,org.eaxy.experimental.SampleXmlBuilderTest.shouldGenerateAttributeValues(org.eaxy.experimental.SampleXmlBuilderTest)
SampleXmlBuilder.java,org.eaxy.experimental.SampleXmlBuilder,null,targetNamespace,396,KILLED,org.eaxy.experimental.SampleXmlBuilderTest.shouldGenerateAttributeValues(org.eaxy.experimental.SampleXmlBuilderTest)
HtmlForm.java,org.eaxy.html.HtmlForm,void,deserialize,146,KILLED,org.eaxy.html.HtmlFormTest.shouldDeserializeForm(org.eaxy.html.HtmlFormTest)
HtmlForm.java,org.eaxy.html.HtmlForm,null,first,116,KILLED,org.eaxy.html.HtmlFormTest.shouldHandleRadioAndTextInputsWithSameName(org.eaxy.html.HtmlFormTest)
HtmlForm.java,org.eaxy.html.HtmlForm,"",get,60,KILLED,org.eaxy.html.HtmlFormTest.shouldHandleRadioAndTextInputsWithSameName(org.eaxy.html.HtmlFormTest)
HtmlForm.java,org.eaxy.html.HtmlForm,"A",get,60,KILLED,org.eaxy.html.HtmlFormTest.shouldHandleRadioAndTextInputsWithSameName(org.eaxy.html.HtmlFormTest)
HtmlForm.java,org.eaxy.html.HtmlForm,null,get,60,KILLED,org.eaxy.html.HtmlFormTest.shouldHandleRadioAndTextInputsWithSameName(org.eaxy.html.HtmlFormTest)
HtmlForm.java,org.eaxy.html.HtmlForm,null,getAll,124,KILLED,org.eaxy.html.HtmlFormTest.shouldHandleRadioAndTextInputsWithSameName(org.eaxy.html.HtmlFormTest)
HtmlForm.java,org.eaxy.html.HtmlForm,null,getElementByName,163,KILLED,org.eaxy.html.HtmlFormTest.shouldWarnAboutMissingField(org.eaxy.html.HtmlFormTest)
HtmlForm.java,org.eaxy.html.HtmlForm,null,getFieldNames,44,KILLED,org.eaxy.html.HtmlFormTest.shouldShowFormFieldNames(org.eaxy.html.HtmlFormTest)
HtmlForm.java,org.eaxy.html.HtmlForm,null,getOptions,90,KILLED,org.eaxy.html.HtmlFormTest.shouldGetSelectOptions(org.eaxy.html.HtmlFormTest)
HtmlForm.java,org.eaxy.html.HtmlForm,null,getSubmitButton,33,KILLED,org.eaxy.html.HtmlFormTest.shouldShowFirstButton(org.eaxy.html.HtmlFormTest)
HtmlForm.java,org.eaxy.html.HtmlForm,false,isFormElement,56,KILLED,org.eaxy.html.HtmlFormTest.shouldShowFormFieldNames(org.eaxy.html.HtmlFormTest)
HtmlForm.java,org.eaxy.html.HtmlForm,true,isFormElement,56,KILLED,org.eaxy.html.HtmlFormTest.shouldShowFormFieldNames(org.eaxy.html.HtmlFormTest)
HtmlForm.java,org.eaxy.html.HtmlForm,null,selectedRadio,193,KILLED,org.eaxy.html.HtmlFormTest.shouldHandleRadioAndTextInputsWithSameName(org.eaxy.html.HtmlFormTest)
HtmlForm.java,org.eaxy.html.HtmlForm,"",serialize,135,KILLED,org.eaxy.html.HtmlFormTest.shouldSerializeSpecialCharacters(org.eaxy.html.HtmlFormTest)
HtmlForm.java,org.eaxy.html.HtmlForm,"A",serialize,135,KILLED,org.eaxy.html.HtmlFormTest.shouldSerializeSpecialCharacters(org.eaxy.html.HtmlFormTest)
HtmlForm.java,org.eaxy.html.HtmlForm,null,serialize,135,KILLED,org.eaxy.html.HtmlFormTest.shouldSerializeSpecialCharacters(org.eaxy.html.HtmlFormTest)
HtmlForm.java,org.eaxy.html.HtmlForm,null,set,68,KILLED,org.eaxy.html.HtmlFormTest.shouldWarnAboutMissingField(org.eaxy.html.HtmlFormTest)
HtmlForm.java,org.eaxy.html.HtmlForm,void,setFieldOptions,95,KILLED,org.eaxy.html.HtmlFormTest.shouldSetSelectOptions(org.eaxy.html.HtmlFormTest)
HtmlForm.java,org.eaxy.html.HtmlForm,null,toMap,155,KILLED,org.eaxy.html.HtmlFormTest.shouldSerializeForm(org.eaxy.html.HtmlFormTest)
HtmlForm.java,org.eaxy.html.HtmlForm,void,update,110,KILLED,org.eaxy.html.HtmlFormTest.shouldUpdateForm(org.eaxy.html.HtmlFormTest)
HtmlForm.java,org.eaxy.html.HtmlForm,"",urlDecode,212,KILLED,org.eaxy.html.HtmlFormTest.shouldDeserializeForm(org.eaxy.html.HtmlFormTest)
HtmlForm.java,org.eaxy.html.HtmlForm,"A",urlDecode,212,KILLED,org.eaxy.html.HtmlFormTest.shouldDeserializeForm(org.eaxy.html.HtmlFormTest)
HtmlForm.java,org.eaxy.html.HtmlForm,null,urlDecode,212,KILLED,org.eaxy.html.HtmlFormTest.shouldDeserializeForm(org.eaxy.html.HtmlFormTest)
HtmlForm.java,org.eaxy.html.HtmlForm,"",urlEncode,204,KILLED,org.eaxy.html.HtmlFormTest.shouldSerializeSpecialCharacters(org.eaxy.html.HtmlFormTest)
HtmlForm.java,org.eaxy.html.HtmlForm,"A",urlEncode,204,KILLED,org.eaxy.html.HtmlFormTest.shouldSerializeSpecialCharacters(org.eaxy.html.HtmlFormTest)
HtmlForm.java,org.eaxy.html.HtmlForm,null,urlEncode,204,KILLED,org.eaxy.html.HtmlFormTest.shouldSerializeSpecialCharacters(org.eaxy.html.HtmlFormTest)
HtmlForm.java,org.eaxy.html.HtmlForm,"",value,170,KILLED,org.eaxy.html.HtmlFormTest.shouldHandleRadioAndTextInputsWithSameName(org.eaxy.html.HtmlFormTest)
HtmlForm.java,org.eaxy.html.HtmlForm,"A",value,170,KILLED,org.eaxy.html.HtmlFormTest.shouldHandleRadioAndTextInputsWithSameName(org.eaxy.html.HtmlFormTest)
HtmlForm.java,org.eaxy.html.HtmlForm,null,value,170,KILLED,org.eaxy.html.HtmlFormTest.shouldHandleRadioAndTextInputsWithSameName(org.eaxy.html.HtmlFormTest)
ElementSet.java,org.eaxy.ElementSet,null,attr,132,KILLED,org.eaxy.usage.ElementManipulationTest.shouldUpdateAttributes(org.eaxy.usage.ElementManipulationTest)
ElementSet.java,org.eaxy.ElementSet,null,attrs,89,KILLED,org.eaxy.usage.HtmlConvenienceTest.shouldManipulateHtmlAttributes(org.eaxy.usage.HtmlConvenienceTest)
ElementSet.java,org.eaxy.ElementSet,null,check,54,KILLED,org.eaxy.usage.ElementFinderTest.shouldCheckPath(org.eaxy.usage.ElementFinderTest)
ElementSet.java,org.eaxy.ElementSet,void,checkMaxOneMatch,115,SURVIVED,none
ElementSet.java,org.eaxy.ElementSet,null,elements,169,KILLED,org.eaxy.usage.ElementFinderTest.shouldExcludeNonmatchingElement(org.eaxy.usage.ElementFinderTest)
ElementSet.java,org.eaxy.ElementSet,null,find,45,KILLED,org.eaxy.usage.ElementFinderTest.shouldExcludeNonmatchingElement(org.eaxy.usage.ElementFinderTest)
ElementSet.java,org.eaxy.ElementSet,null,first,99,KILLED,org.eaxy.usage.ElementManipulationTest.shouldAppendElements(org.eaxy.usage.ElementManipulationTest)
ElementSet.java,org.eaxy.ElementSet,null,firstOrDefault,178,KILLED,org.eaxy.experimental.SampleXmlBuilderTest.shouldGenerateAttributeValues(org.eaxy.experimental.SampleXmlBuilderTest)
ElementSet.java,org.eaxy.ElementSet,null,firstPath,122,KILLED,org.eaxy.usage.ElementManipulationTest.shouldAppendElements(org.eaxy.usage.ElementManipulationTest)
ElementSet.java,org.eaxy.ElementSet,null,get,159,NO_COVERAGE,none
ElementSet.java,org.eaxy.ElementSet,null,getPath,73,KILLED,org.eaxy.usage.ElementFinderTest.shouldKeepFullPath(org.eaxy.usage.ElementFinderTest)
ElementSet.java,org.eaxy.ElementSet,null,ids,139,KILLED,org.eaxy.usage.HtmlConvenienceTest.shouldManipulateHtmlAttributes(org.eaxy.usage.HtmlConvenienceTest)
ElementSet.java,org.eaxy.ElementSet,false,isEmpty,182,KILLED,org.eaxy.experimental.SoapSimulatorWebAppTest.shouldShowWsdlFilesOnFrontPage(org.eaxy.experimental.SoapSimulatorWebAppTest)
ElementSet.java,org.eaxy.ElementSet,true,isEmpty,182,KILLED,org.eaxy.experimental.SampleXmlBuilderTest.shouldGenerateAttributeValues(org.eaxy.experimental.SampleXmlBuilderTest)
ElementSet.java,org.eaxy.ElementSet,false,isPresent,186,KILLED,org.eaxy.experimental.SampleXmlBuilderTest.shouldGenerateAttributeValues(org.eaxy.experimental.SampleXmlBuilderTest)
ElementSet.java,org.eaxy.ElementSet,true,isPresent,186,KILLED,org.eaxy.experimental.SampleXmlBuilderTest.shouldGenerateAttributeValues(org.eaxy.experimental.SampleXmlBuilderTest)
ElementSet.java,org.eaxy.ElementSet,null,iterator,40,KILLED,org.eaxy.usage.ElementFinderTest.shouldExcludeNonmatchingElement(org.eaxy.usage.ElementFinderTest)
ElementSet.java,org.eaxy.ElementSet,null,names,147,KILLED,org.eaxy.usage.HtmlConvenienceTest.shouldManipulateHtmlAttributes(org.eaxy.usage.HtmlConvenienceTest)
ElementSet.java,org.eaxy.ElementSet,null,nestedSet,50,KILLED,org.eaxy.usage.ElementFinderTest.shouldExcludeNonmatchingElement(org.eaxy.usage.ElementFinderTest)
ElementSet.java,org.eaxy.ElementSet,"",printActualChildren,62,KILLED,org.eaxy.usage.ElementFinderTest.shouldThrowOnMissingPath(org.eaxy.usage.ElementFinderTest)
ElementSet.java,org.eaxy.ElementSet,"A",printActualChildren,62,KILLED,org.eaxy.usage.ElementFinderTest.shouldThrowOnMissingPath(org.eaxy.usage.ElementFinderTest)
ElementSet.java,org.eaxy.ElementSet,null,printActualChildren,62,KILLED,org.eaxy.usage.ElementFinderTest.shouldThrowOnMissingPath(org.eaxy.usage.ElementFinderTest)
ElementSet.java,org.eaxy.ElementSet,null,single,104,KILLED,org.eaxy.usage.ElementManipulationTest.shouldAppendElements(org.eaxy.usage.ElementManipulationTest)
ElementSet.java,org.eaxy.ElementSet,null,singleOrDefault,110,KILLED,org.eaxy.experimental.SampleXmlBuilderTest.shouldGenerateAttributeValues(org.eaxy.experimental.SampleXmlBuilderTest)
ElementSet.java,org.eaxy.ElementSet,null,tagNames,151,KILLED,org.eaxy.usage.ElementFinderTest.shouldFindDissimilarChildren(org.eaxy.usage.ElementFinderTest)
ElementSet.java,org.eaxy.ElementSet,null,texts,80,KILLED,org.eaxy.usage.ElementFinderTest.shouldFindTexts(org.eaxy.usage.ElementFinderTest)
ElementSet.java,org.eaxy.ElementSet,null,values,143,KILLED,org.eaxy.usage.HtmlConvenienceTest.shouldManipulateHtmlAttributes(org.eaxy.usage.HtmlConvenienceTest)
SampleSoapXmlBuilder.java,org.eaxy.experimental.SampleSoapXmlBuilder,void,addImportedSchemas,239,KILLED,org.eaxy.experimental.SoapXmlBuilderDirectoryTest.shouldGenerateOutput[SoapOperationDefinition{currencyconvertor-multischema.wsdl - ConversionRate}](org.eaxy.experimental.SoapXmlBuilderDirectoryTest)
SampleSoapXmlBuilder.java,org.eaxy.experimental.SampleSoapXmlBuilder,void,addSchema,255,KILLED,org.eaxy.experimental.SampleXmlBuilderTest.shouldGenerateRandomInputMessage(org.eaxy.experimental.SampleXmlBuilderTest)
SampleSoapXmlBuilder.java,org.eaxy.experimental.SampleSoapXmlBuilder,null,createSampleMessage,218,KILLED,org.eaxy.experimental.SampleXmlBuilderTest.shouldGenerateRandomInputMessage(org.eaxy.experimental.SampleXmlBuilderTest)
SampleSoapXmlBuilder.java,org.eaxy.experimental.SampleSoapXmlBuilder,"",getFilename,322,SURVIVED,none
SampleSoapXmlBuilder.java,org.eaxy.experimental.SampleSoapXmlBuilder,"A",getFilename,322,SURVIVED,none
SampleSoapXmlBuilder.java,org.eaxy.experimental.SampleSoapXmlBuilder,null,getFilename,322,SURVIVED,none
SampleSoapXmlBuilder.java,org.eaxy.experimental.SampleSoapXmlBuilder,"",getPortName,300,KILLED,org.eaxy.experimental.SoapSimulatorWebAppTest.shouldShowWsdlFilesOnFrontPage(org.eaxy.experimental.SoapSimulatorWebAppTest)
SampleSoapXmlBuilder.java,org.eaxy.experimental.SampleSoapXmlBuilder,"A",getPortName,300,KILLED,org.eaxy.experimental.SoapSimulatorWebAppTest.shouldShowWsdlFilesOnFrontPage(org.eaxy.experimental.SoapSimulatorWebAppTest)
SampleSoapXmlBuilder.java,org.eaxy.experimental.SampleSoapXmlBuilder,null,getPortName,300,KILLED,org.eaxy.experimental.SoapSimulatorWebAppTest.shouldShowWsdlFilesOnFrontPage(org.eaxy.experimental.SoapSimulatorWebAppTest)
SampleSoapXmlBuilder.java,org.eaxy.experimental.SampleSoapXmlBuilder,"",getPortUrlPath,312,NO_COVERAGE,none
SampleSoapXmlBuilder.java,org.eaxy.experimental.SampleSoapXmlBuilder,"A",getPortUrlPath,312,NO_COVERAGE,none
SampleSoapXmlBuilder.java,org.eaxy.experimental.SampleSoapXmlBuilder,null,getPortUrlPath,312,NO_COVERAGE,none
SampleSoapXmlBuilder.java,org.eaxy.experimental.SampleSoapXmlBuilder,null,getSchema,247,KILLED,org.eaxy.experimental.SampleXmlBuilderTest.shouldValidateSoapInput(org.eaxy.experimental.SampleXmlBuilderTest)
SampleSoapXmlBuilder.java,org.eaxy.experimental.SampleSoapXmlBuilder,null,getService,296,KILLED,org.eaxy.experimental.SampleXmlBuilderTest.shouldGetSoapAction(org.eaxy.experimental.SampleXmlBuilderTest)
SampleSoapXmlBuilder.java,org.eaxy.experimental.SampleSoapXmlBuilder,null,getXmlBuilder,222,KILLED,org.eaxy.experimental.SampleXmlBuilderTest.shouldGenerateRandomInputMessage(org.eaxy.experimental.SampleXmlBuilderTest)
SampleSoapXmlBuilder.java,org.eaxy.experimental.SampleSoapXmlBuilder,null,processRequest,308,KILLED,org.eaxy.experimental.SoapSimulatorServerTest.shouldRespondToSoapCall(org.eaxy.experimental.SoapSimulatorServerTest)
SampleSoapXmlBuilder.java,org.eaxy.experimental.SampleSoapXmlBuilder,null,processRequest,304,KILLED,org.eaxy.experimental.SampleXmlBuilderTest.shouldValidateSoapInput(org.eaxy.experimental.SampleXmlBuilderTest)
SampleSoapXmlBuilder.java,org.eaxy.experimental.SampleSoapXmlBuilder,null,qualifiedName,211,KILLED,org.eaxy.experimental.SampleXmlBuilderTest.shouldGenerateRandomInputMessage(org.eaxy.experimental.SampleXmlBuilderTest)
SampleSoapXmlBuilder.java,org.eaxy.experimental.SampleSoapXmlBuilder,null,service,292,KILLED,org.eaxy.experimental.SampleXmlBuilderTest.shouldGenerateRandomInputMessage(org.eaxy.experimental.SampleXmlBuilderTest)
SampleSoapXmlBuilder.java,org.eaxy.experimental.SampleSoapXmlBuilder,null,soapEnvelope,260,KILLED,org.eaxy.experimental.SampleXmlBuilderTest.shouldRespondToSoapCall(org.eaxy.experimental.SampleXmlBuilderTest)
XmlIterator.java,org.eaxy.XmlIterator,0,currentCharacterOffset,39,KILLED,org.eaxy.usage.ElementFinderTest.shouldIterateOverFiles(org.eaxy.usage.ElementFinderTest)
XmlIterator.java,org.eaxy.XmlIterator,1,currentCharacterOffset,39,SURVIVED,none
XmlIterator.java,org.eaxy.XmlIterator,0,currentColumnNumber,35,KILLED,org.eaxy.usage.ElementFinderTest.shouldIterateOverFiles(org.eaxy.usage.ElementFinderTest)
XmlIterator.java,org.eaxy.XmlIterator,1,currentColumnNumber,35,SURVIVED,none
XmlIterator.java,org.eaxy.XmlIterator,0,currentLineNumber,31,KILLED,org.eaxy.usage.ElementFinderTest.shouldIterateOverFiles(org.eaxy.usage.ElementFinderTest)
XmlIterator.java,org.eaxy.XmlIterator,1,currentLineNumber,31,SURVIVED,none
XmlIterator.java,org.eaxy.XmlIterator,null,getInputFactory,58,KILLED,org.eaxy.usage.ElementFinderTest.shouldIterateDeeplyNestedElements(org.eaxy.usage.ElementFinderTest)
XmlIterator.java,org.eaxy.XmlIterator,false,hasNext,209,KILLED,org.eaxy.usage.ElementFinderTest.shouldIterateDeeplyNestedElements(org.eaxy.usage.ElementFinderTest)
XmlIterator.java,org.eaxy.XmlIterator,true,hasNext,209,KILLED,org.eaxy.usage.ElementFinderTest.shouldIterateDeeplyNestedElements(org.eaxy.usage.ElementFinderTest)
XmlIterator.java,org.eaxy.XmlIterator,null,iterate,193,KILLED,org.eaxy.usage.ElementFinderTest.shouldIterateDeeplyNestedElements(org.eaxy.usage.ElementFinderTest)
XmlIterator.java,org.eaxy.XmlIterator,null,iterate,166,KILLED,org.eaxy.usage.ElementFinderTest.shouldIterateOverFiles(org.eaxy.usage.ElementFinderTest)
XmlIterator.java,org.eaxy.XmlIterator,null,next,214,KILLED,org.eaxy.usage.ElementFinderTest.shouldIterateDeeplyNestedElements(org.eaxy.usage.ElementFinderTest)
XmlIterator.java,org.eaxy.XmlIterator,null,nextMatchingElement,70,KILLED,org.eaxy.usage.ElementFinderTest.shouldIterateDeeplyNestedElements(org.eaxy.usage.ElementFinderTest)
XmlIterator.java,org.eaxy.XmlIterator,null,openStream,181,KILLED,org.eaxy.usage.ElementFinderTest.shouldIterateOverFiles(org.eaxy.usage.ElementFinderTest)
XmlIterator.java,org.eaxy.XmlIterator,null,read,65,NO_COVERAGE,none
XmlIterator.java,org.eaxy.XmlIterator,null,readElement,146,KILLED,org.eaxy.usage.ElementFinderTest.shouldIterateDeeplyNestedElements(org.eaxy.usage.ElementFinderTest)
XmlIterator.java,org.eaxy.XmlIterator,void,readSubtree,107,KILLED,org.eaxy.usage.ElementFinderTest.shouldIterateDeeplyNestedElements(org.eaxy.usage.ElementFinderTest)
XmlIterator.java,org.eaxy.XmlIterator,null,toName,160,KILLED,org.eaxy.usage.ElementFinderTest.shouldIterateDeeplyNestedElements(org.eaxy.usage.ElementFinderTest)
Namespace.java,org.eaxy.Namespace,null,attr,91,KILLED,org.eaxy.ObjectSanityTest.attributesShouldHaveDecentToString(org.eaxy.ObjectSanityTest)
Namespace.java,org.eaxy.Namespace,null,el,57,NO_COVERAGE,none
Namespace.java,org.eaxy.Namespace,null,el,53,KILLED,org.eaxy.usage.ValidationTest.shouldValidateImportingXsds(org.eaxy.usage.ValidationTest)
Namespace.java,org.eaxy.Namespace,null,el,48,KILLED,org.eaxy.usage.ElementBuilderTest.shouldSerializeEmptyElement(org.eaxy.usage.ElementBuilderTest)
Namespace.java,org.eaxy.Namespace,false,equals,31,KILLED,org.eaxy.ObjectSanityTest.attributesShouldMatchWhenNameAndValueMatches(org.eaxy.ObjectSanityTest)
Namespace.java,org.eaxy.Namespace,true,equals,31,KILLED,org.eaxy.ObjectSanityTest.attributesShouldMatchWhenNameAndValueMatches(org.eaxy.ObjectSanityTest)
Namespace.java,org.eaxy.Namespace,null,name,86,KILLED,org.eaxy.ObjectSanityTest.attributesShouldHaveDecentToString(org.eaxy.ObjectSanityTest)
Namespace.java,org.eaxy.Namespace,"",prefix,73,KILLED,org.eaxy.usage.ElementBuilderTest.shouldPrintNamespacePrefix(org.eaxy.usage.ElementBuilderTest)
Namespace.java,org.eaxy.Namespace,"A",prefix,73,KILLED,org.eaxy.usage.ElementBuilderTest.shouldSerializeEmptyElement(org.eaxy.usage.ElementBuilderTest)
Namespace.java,org.eaxy.Namespace,null,prefix,73,KILLED,org.eaxy.usage.ElementBuilderTest.shouldSerializeEmptyElement(org.eaxy.usage.ElementBuilderTest)
Namespace.java,org.eaxy.Namespace,"",print,65,KILLED,org.eaxy.usage.ElementBuilderTest.shouldPrintElementWithNameSpace(org.eaxy.usage.ElementBuilderTest)
Namespace.java,org.eaxy.Namespace,"A",print,65,KILLED,org.eaxy.usage.ElementBuilderTest.shouldPrintElementWithNameSpace(org.eaxy.usage.ElementBuilderTest)
Namespace.java,org.eaxy.Namespace,null,print,65,KILLED,org.eaxy.usage.ElementBuilderTest.shouldPrintElementWithNameSpace(org.eaxy.usage.ElementBuilderTest)
Namespace.java,org.eaxy.Namespace,"",xmlns,69,KILLED,org.eaxy.usage.ElementBuilderTest.shouldPrintElementWithNameSpace(org.eaxy.usage.ElementBuilderTest)
Namespace.java,org.eaxy.Namespace,"A",xmlns,69,KILLED,org.eaxy.usage.ElementBuilderTest.shouldPrintElementWithNameSpace(org.eaxy.usage.ElementBuilderTest)
Namespace.java,org.eaxy.Namespace,null,xmlns,69,KILLED,org.eaxy.usage.ElementBuilderTest.shouldPrintElementWithNameSpace(org.eaxy.usage.ElementBuilderTest)
IOUtils.java,org.eaxy.utils.IOUtils,"",shaDigest,60,KILLED,org.eaxy.experimental.SampleXmlBuilderTest.shouldGenerateComplexTypeFromOtherSchema(org.eaxy.experimental.SampleXmlBuilderTest)
IOUtils.java,org.eaxy.utils.IOUtils,"A",shaDigest,60,KILLED,org.eaxy.experimental.SampleXmlBuilderTest.shouldGenerateComplexTypeFromOtherSchema(org.eaxy.experimental.SampleXmlBuilderTest)
IOUtils.java,org.eaxy.utils.IOUtils,null,shaDigest,60,KILLED,org.eaxy.experimental.SampleXmlBuilderTest.shouldGenerateComplexTypeFromOtherSchema(org.eaxy.experimental.SampleXmlBuilderTest)
IOUtils.java,org.eaxy.utils.IOUtils,"",slurp,38,NO_COVERAGE,none
IOUtils.java,org.eaxy.utils.IOUtils,"A",slurp,38,NO_COVERAGE,none
IOUtils.java,org.eaxy.utils.IOUtils,null,slurp,38,NO_COVERAGE,none
IOUtils.java,org.eaxy.utils.IOUtils,"",slurp,20,NO_COVERAGE,none
IOUtils.java,org.eaxy.utils.IOUtils,"A",slurp,20,NO_COVERAGE,none
IOUtils.java,org.eaxy.utils.IOUtils,null,slurp,20,NO_COVERAGE,none
IOUtils.java,org.eaxy.utils.IOUtils,"",slurp,32,NO_COVERAGE,none
IOUtils.java,org.eaxy.utils.IOUtils,"A",slurp,32,NO_COVERAGE,none
IOUtils.java,org.eaxy.utils.IOUtils,null,slurp,32,NO_COVERAGE,none
IOUtils.java,org.eaxy.utils.IOUtils,"",toHexString,68,KILLED,org.eaxy.experimental.SampleXmlBuilderTest.shouldGenerateComplexTypeFromOtherSchema(org.eaxy.experimental.SampleXmlBuilderTest)
IOUtils.java,org.eaxy.utils.IOUtils,"A",toHexString,68,KILLED,org.eaxy.experimental.SampleXmlBuilderTest.shouldGenerateComplexTypeFromOtherSchema(org.eaxy.experimental.SampleXmlBuilderTest)
IOUtils.java,org.eaxy.utils.IOUtils,null,toHexString,68,KILLED,org.eaxy.experimental.SampleXmlBuilderTest.shouldGenerateComplexTypeFromOtherSchema(org.eaxy.experimental.SampleXmlBuilderTest)
IOUtils.java,org.eaxy.utils.IOUtils,null,toTmpFile,47,KILLED,org.eaxy.experimental.SampleXmlBuilderTest.shouldGenerateComplexTypeFromOtherSchema(org.eaxy.experimental.SampleXmlBuilderTest)
SampleData.java,org.eaxy.experimental.SampleData,null,pickOne,133,NO_COVERAGE,none
SampleData.java,org.eaxy.experimental.SampleData,null,pickOne,137,NO_COVERAGE,none
SampleData.java,org.eaxy.experimental.SampleData,0,random,126,NO_COVERAGE,none
SampleData.java,org.eaxy.experimental.SampleData,1,random,126,NO_COVERAGE,none
SampleData.java,org.eaxy.experimental.SampleData,"",randomData,52,NO_COVERAGE,none
SampleData.java,org.eaxy.experimental.SampleData,"A",randomData,52,NO_COVERAGE,none
SampleData.java,org.eaxy.experimental.SampleData,null,randomData,52,NO_COVERAGE,none
SampleData.java,org.eaxy.experimental.SampleData,null,randomDate,108,NO_COVERAGE,none
SampleData.java,org.eaxy.experimental.SampleData,null,randomDateTime,112,NO_COVERAGE,none
SampleData.java,org.eaxy.experimental.SampleData,"",randomString,116,NO_COVERAGE,none
SampleData.java,org.eaxy.experimental.SampleData,"A",randomString,116,NO_COVERAGE,none
SampleData.java,org.eaxy.experimental.SampleData,null,randomString,116,NO_COVERAGE,none
SampleData.java,org.eaxy.experimental.SampleData,"",randomXsdString,79,NO_COVERAGE,none
SampleData.java,org.eaxy.experimental.SampleData,"A",randomXsdString,79,NO_COVERAGE,none
SampleData.java,org.eaxy.experimental.SampleData,null,randomXsdString,79,NO_COVERAGE,none
Document.java,org.eaxy.Document,void,addDTD,66,KILLED,org.eaxy.usage.ElementBuilderTest.shouldReadDocType(org.eaxy.usage.ElementBuilderTest)
Document.java,org.eaxy.Document,null,copy,78,KILLED,org.eaxy.usage.ElementBuilderTest.shouldCreateDocument(org.eaxy.usage.ElementBuilderTest)
Document.java,org.eaxy.Document,null,find,70,KILLED,org.eaxy.usage.ElementBuilderTest.shouldReadPrefixedNamespace(org.eaxy.usage.ElementBuilderTest)
Document.java,org.eaxy.Document,null,getRootElement,62,KILLED,org.eaxy.usage.ElementBuilderTest.shouldCreateDocument(org.eaxy.usage.ElementBuilderTest)
Document.java,org.eaxy.Document,null,select,74,KILLED,org.eaxy.html.HtmlFormTest.shouldDeserializeForm(org.eaxy.html.HtmlFormTest)
Document.java,org.eaxy.Document,"",toIndentedXML,118,KILLED,org.eaxy.experimental.SoapSimulatorWebAppTest.shouldUploadDocument(org.eaxy.experimental.SoapSimulatorWebAppTest)
Document.java,org.eaxy.Document,"A",toIndentedXML,118,KILLED,org.eaxy.experimental.SoapSimulatorWebAppTest.shouldUploadDocument(org.eaxy.experimental.SoapSimulatorWebAppTest)
Document.java,org.eaxy.Document,null,toIndentedXML,118,KILLED,org.eaxy.experimental.SoapSimulatorWebAppTest.shouldUploadDocument(org.eaxy.experimental.SoapSimulatorWebAppTest)
Document.java,org.eaxy.Document,"",toIndentedXML,122,KILLED,org.eaxy.usage.ElementBuilderTest.shouldPrintIndentedXml(org.eaxy.usage.ElementBuilderTest)
Document.java,org.eaxy.Document,"A",toIndentedXML,122,KILLED,org.eaxy.usage.ElementBuilderTest.shouldPrintIndentedXml(org.eaxy.usage.ElementBuilderTest)
Document.java,org.eaxy.Document,null,toIndentedXML,122,KILLED,org.eaxy.usage.ElementBuilderTest.shouldPrintIndentedXml(org.eaxy.usage.ElementBuilderTest)
Document.java,org.eaxy.Document,"",toXML,91,KILLED,org.eaxy.usage.ElementBuilderTest.shouldCreateDocument(org.eaxy.usage.ElementBuilderTest)
Document.java,org.eaxy.Document,"A",toXML,91,KILLED,org.eaxy.usage.ElementBuilderTest.shouldCreateDocument(org.eaxy.usage.ElementBuilderTest)
Document.java,org.eaxy.Document,null,toXML,91,KILLED,org.eaxy.usage.ElementBuilderTest.shouldCreateDocument(org.eaxy.usage.ElementBuilderTest)
Document.java,org.eaxy.Document,void,writeHeader,105,KILLED,org.eaxy.usage.ElementBuilderTest.shouldCreateDocument(org.eaxy.usage.ElementBuilderTest)
Xml.java,org.eaxy.Xml,null,cdata,131,KILLED,org.eaxy.usage.ElementBuilderTest.shouldReadCDATA(org.eaxy.usage.ElementBuilderTest)
Xml.java,org.eaxy.Xml,null,comment,121,KILLED,org.eaxy.usage.ElementBuilderTest.shouldReadXmlComment(org.eaxy.usage.ElementBuilderTest)
Xml.java,org.eaxy.Xml,null,doc,184,KILLED,org.eaxy.usage.ElementBuilderTest.shouldCreateDocument(org.eaxy.usage.ElementBuilderTest)
Xml.java,org.eaxy.Xml,null,el,116,KILLED,org.eaxy.usage.ElementManipulationTest.shouldUpdateText(org.eaxy.usage.ElementManipulationTest)
Xml.java,org.eaxy.Xml,null,el,101,KILLED,org.eaxy.experimental.SampleXmlBuilderTest.shouldGenerateRandomInputMessage(org.eaxy.experimental.SampleXmlBuilderTest)
Xml.java,org.eaxy.Xml,null,el,96,KILLED,org.eaxy.experimental.SampleXmlBuilderTest.shouldGenerateAttributeValues(org.eaxy.experimental.SampleXmlBuilderTest)
Xml.java,org.eaxy.Xml,empty,map,192,KILLED,org.eaxy.usage.ElementBuilderTest.shouldMapElementsOverList(org.eaxy.usage.ElementBuilderTest)
Xml.java,org.eaxy.Xml,null,map,192,KILLED,org.eaxy.usage.ElementBuilderTest.shouldMapElementsOverList(org.eaxy.usage.ElementBuilderTest)
Xml.java,org.eaxy.Xml,null,read,148,KILLED,org.eaxy.experimental.XmlFormatterTest.shouldCanonizeSignatureElement(org.eaxy.experimental.XmlFormatterTest)
Xml.java,org.eaxy.Xml,null,read,152,KILLED,org.eaxy.experimental.XmlFormatterTest.shouldCanonizeSignatureElement(org.eaxy.experimental.XmlFormatterTest)
Xml.java,org.eaxy.Xml,null,readResource,164,KILLED,org.eaxy.experimental.SoapSimulatorWebAppTest.shouldShowWsdlFilesOnFrontPage(org.eaxy.experimental.SoapSimulatorWebAppTest)
Xml.java,org.eaxy.Xml,null,text,126,KILLED,org.eaxy.usage.ElementManipulationTest.shouldUpdateText(org.eaxy.usage.ElementManipulationTest)
Xml.java,org.eaxy.Xml,null,validatorFromResource,188,KILLED,org.eaxy.usage.ValidationTest.shouldThrowErrorOnNonValidatingXml(org.eaxy.usage.ValidationTest)
Xml.java,org.eaxy.Xml,null,xml,141,KILLED,org.eaxy.usage.ElementBuilderTest.shouldRejectIncompleteXml(org.eaxy.usage.ElementBuilderTest)
ElementFilters.java,org.eaxy.ElementFilters,null,and,279,KILLED,org.eaxy.usage.HtmlConvenienceTest.shouldFindById(org.eaxy.usage.HtmlConvenienceTest)
ElementFilters.java,org.eaxy.ElementFilters,null,any,310,KILLED,org.eaxy.usage.ElementFinderTest.shouldMatchAnyOnNoNamespace(org.eaxy.usage.ElementFinderTest)
ElementFilters.java,org.eaxy.ElementFilters,null,attrFilter,256,KILLED,org.eaxy.usage.ElementFinderTest.shouldMatchOnAttribute(org.eaxy.usage.ElementFinderTest)
ElementFilters.java,org.eaxy.ElementFilters,null,attrFilter,266,KILLED,org.eaxy.usage.HtmlConvenienceTest.shouldFindById(org.eaxy.usage.HtmlConvenienceTest)
ElementFilters.java,org.eaxy.ElementFilters,null,attrFilter,270,KILLED,org.eaxy.usage.HtmlConvenienceTest.shouldFindById(org.eaxy.usage.HtmlConvenienceTest)
ElementFilters.java,org.eaxy.ElementFilters,null,classNameFilter,245,KILLED,org.eaxy.usage.HtmlConvenienceTest.shouldFindByClassName(org.eaxy.usage.HtmlConvenienceTest)
ElementFilters.java,org.eaxy.ElementFilters,null,create,175,KILLED,org.eaxy.usage.ElementFinderTest.shouldExcludeNonmatchingElement(org.eaxy.usage.ElementFinderTest)
ElementFilters.java,org.eaxy.ElementFilters,null,filter,215,KILLED,org.eaxy.usage.ElementFinderTest.shouldExcludeNonmatchingElement(org.eaxy.usage.ElementFinderTest)
ElementFilters.java,org.eaxy.ElementFilters,null,idFilter,234,KILLED,org.eaxy.usage.HtmlConvenienceTest.shouldFindById(org.eaxy.usage.HtmlConvenienceTest)
ElementFilters.java,org.eaxy.ElementFilters,null,position,229,KILLED,org.eaxy.usage.ElementFinderTest.shouldFindChildrenByPosition(org.eaxy.usage.ElementFinderTest)
ElementFilters.java,org.eaxy.ElementFilters,null,stringFilter,158,KILLED,org.eaxy.usage.ElementFinderTest.shouldExcludeNonmatchingElement(org.eaxy.usage.ElementFinderTest)
ElementFilters.java,org.eaxy.ElementFilters,null,tagName,291,KILLED,org.eaxy.usage.ElementFinderTest.shouldExcludeNonmatchingElement(org.eaxy.usage.ElementFinderTest)
ElementFilters.java,org.eaxy.ElementFilters,null,tagName,301,KILLED,org.eaxy.usage.ElementFinderTest.shouldMatchOnNamespace(org.eaxy.usage.ElementFinderTest)
SampleSoapXmlBuilder.java,org.eaxy.experimental.SampleSoapXmlBuilder$SoapOperationDefinition,null,getNamespace,68,KILLED,org.eaxy.experimental.SampleXmlBuilderTest.shouldValidateSoapInput(org.eaxy.experimental.SampleXmlBuilderTest)
SampleSoapXmlBuilder.java,org.eaxy.experimental.SampleSoapXmlBuilder$SoapOperationDefinition,"",getSoapAction,96,KILLED,org.eaxy.experimental.SoapSimulatorServerTest.shouldRespondToSoapCall(org.eaxy.experimental.SoapSimulatorServerTest)
SampleSoapXmlBuilder.java,org.eaxy.experimental.SampleSoapXmlBuilder$SoapOperationDefinition,"A",getSoapAction,96,KILLED,org.eaxy.experimental.SoapSimulatorServerTest.shouldRespondToSoapCall(org.eaxy.experimental.SoapSimulatorServerTest)
SampleSoapXmlBuilder.java,org.eaxy.experimental.SampleSoapXmlBuilder$SoapOperationDefinition,null,getSoapAction,96,KILLED,org.eaxy.experimental.SoapSimulatorServerTest.shouldRespondToSoapCall(org.eaxy.experimental.SoapSimulatorServerTest)
SampleSoapXmlBuilder.java,org.eaxy.experimental.SampleSoapXmlBuilder$SoapOperationDefinition,null,getValidator,122,KILLED,org.eaxy.experimental.SampleXmlBuilderTest.shouldGenerateMessageFromWsdl(org.eaxy.experimental.SampleXmlBuilderTest)
SampleSoapXmlBuilder.java,org.eaxy.experimental.SampleSoapXmlBuilder$SoapOperationDefinition,null,processRequest,87,KILLED,org.eaxy.experimental.SampleXmlBuilderTest.shouldValidateSoapInput(org.eaxy.experimental.SampleXmlBuilderTest)
SampleSoapXmlBuilder.java,org.eaxy.experimental.SampleSoapXmlBuilder$SoapOperationDefinition,null,randomInput,48,KILLED,org.eaxy.experimental.SampleXmlBuilderTest.shouldGenerateRandomInputMessage(org.eaxy.experimental.SampleXmlBuilderTest)
SampleSoapXmlBuilder.java,org.eaxy.experimental.SampleSoapXmlBuilder$SoapOperationDefinition,null,randomMessage,52,KILLED,org.eaxy.experimental.SampleXmlBuilderTest.shouldGenerateRandomInputMessage(org.eaxy.experimental.SampleXmlBuilderTest)
SampleSoapXmlBuilder.java,org.eaxy.experimental.SampleSoapXmlBuilder$SoapOperationDefinition,null,randomOutput,44,KILLED,org.eaxy.experimental.SampleXmlBuilderTest.shouldGenerateRandomOutputMessage(org.eaxy.experimental.SampleXmlBuilderTest)
SampleSoapXmlBuilder.java,org.eaxy.experimental.SampleSoapXmlBuilder$SoapOperationDefinition,null,sendRandomRequest,100,KILLED,org.eaxy.experimental.SoapSimulatorServerTest.shouldRespondToSoapCall(org.eaxy.experimental.SoapSimulatorServerTest)
SampleSoapXmlBuilder.java,org.eaxy.experimental.SampleSoapXmlBuilder$SoapOperationDefinition,null,targetSchema,83,KILLED,org.eaxy.experimental.SampleXmlBuilderTest.shouldValidateSoapInput(org.eaxy.experimental.SampleXmlBuilderTest)
WriterXmlVisitor.java,org.eaxy.WriterXmlVisitor,false,isNamespaceAlreadyPrinted,70,KILLED,org.eaxy.usage.ElementBuilderTest.shouldNotPrintAncestorNamespace(org.eaxy.usage.ElementBuilderTest)
WriterXmlVisitor.java,org.eaxy.WriterXmlVisitor,true,isNamespaceAlreadyPrinted,70,KILLED,org.eaxy.usage.ElementBuilderTest.shouldPrintElementWithNameSpace(org.eaxy.usage.ElementBuilderTest)
WriterXmlVisitor.java,org.eaxy.WriterXmlVisitor,"",printNamespaces,60,KILLED,org.eaxy.usage.ElementBuilderTest.shouldPrintElementWithNameSpace(org.eaxy.usage.ElementBuilderTest)
WriterXmlVisitor.java,org.eaxy.WriterXmlVisitor,"A",printNamespaces,60,KILLED,org.eaxy.usage.ElementBuilderTest.shouldSerializeEmptyElement(org.eaxy.usage.ElementBuilderTest)
WriterXmlVisitor.java,org.eaxy.WriterXmlVisitor,null,printNamespaces,60,KILLED,org.eaxy.usage.ElementBuilderTest.shouldSerializeEmptyElement(org.eaxy.usage.ElementBuilderTest)
WriterXmlVisitor.java,org.eaxy.WriterXmlVisitor,void,visitCdata,29,KILLED,org.eaxy.usage.ElementBuilderTest.shouldReadCDATA(org.eaxy.usage.ElementBuilderTest)
WriterXmlVisitor.java,org.eaxy.WriterXmlVisitor,void,visitComment,34,KILLED,org.eaxy.usage.ElementBuilderTest.shouldReadXmlComment(org.eaxy.usage.ElementBuilderTest)
WriterXmlVisitor.java,org.eaxy.WriterXmlVisitor,void,visitDocument,23,KILLED,org.eaxy.usage.ElementBuilderTest.shouldCreateDocument(org.eaxy.usage.ElementBuilderTest)
WriterXmlVisitor.java,org.eaxy.WriterXmlVisitor,void,visitElement,46,KILLED,org.eaxy.usage.ElementBuilderTest.shouldSerializeEmptyElement(org.eaxy.usage.ElementBuilderTest)
WriterXmlVisitor.java,org.eaxy.WriterXmlVisitor,void,visitText,39,KILLED,org.eaxy.usage.ElementBuilderTest.shouldSerializeNestedElements(org.eaxy.usage.ElementBuilderTest)
SaxReader.java,org.eaxy.SaxReader$ElementBuilderHandler,void,addAttrs,50,NO_COVERAGE,none
SaxReader.java,org.eaxy.SaxReader$ElementBuilderHandler,void,characters,100,NO_COVERAGE,none
SaxReader.java,org.eaxy.SaxReader$ElementBuilderHandler,void,comment,62,NO_COVERAGE,none
SaxReader.java,org.eaxy.SaxReader$ElementBuilderHandler,void,endCDATA,81,NO_COVERAGE,none
SaxReader.java,org.eaxy.SaxReader$ElementBuilderHandler,void,endElement,105,NO_COVERAGE,none
SaxReader.java,org.eaxy.SaxReader$ElementBuilderHandler,void,pushTextToTopElement,90,NO_COVERAGE,none
SaxReader.java,org.eaxy.SaxReader$ElementBuilderHandler,void,startCDATA,75,NO_COVERAGE,none
SaxReader.java,org.eaxy.SaxReader$ElementBuilderHandler,void,startDTD,70,NO_COVERAGE,none
SaxReader.java,org.eaxy.SaxReader$ElementBuilderHandler,void,startDocument,28,NO_COVERAGE,none
SaxReader.java,org.eaxy.SaxReader$ElementBuilderHandler,void,startElement,35,NO_COVERAGE,none
DomTransformer.java,org.eaxy.DomTransformer,void,addAttribute,106,KILLED,org.eaxy.usage.ElementBuilderTest.shouldTranslateWithAttributeNamespaces(org.eaxy.usage.ElementBuilderTest)
DomTransformer.java,org.eaxy.DomTransformer,void,addNamespace,110,KILLED,org.eaxy.experimental.SampleXmlBuilderTest.shouldValidateSoapInput(org.eaxy.experimental.SampleXmlBuilderTest)
DomTransformer.java,org.eaxy.DomTransformer,null,createElement,78,KILLED,org.eaxy.usage.ValidationTest.shouldThrowErrorOnNonValidatingXml(org.eaxy.usage.ValidationTest)
DomTransformer.java,org.eaxy.DomTransformer,null,createElement,114,KILLED,org.eaxy.usage.ValidationTest.shouldThrowErrorOnNonValidatingXml(org.eaxy.usage.ValidationTest)
DomTransformer.java,org.eaxy.DomTransformer,null,createName,62,KILLED,org.eaxy.usage.ElementBuilderTest.shouldTranslateWithAttributeNamespaces(org.eaxy.usage.ElementBuilderTest)
DomTransformer.java,org.eaxy.DomTransformer,null,createNode,26,KILLED,org.eaxy.usage.ElementBuilderTest.shouldTranslateWithAttributeNamespaces(org.eaxy.usage.ElementBuilderTest)
DomTransformer.java,org.eaxy.DomTransformer,null,element,41,KILLED,org.eaxy.usage.ElementBuilderTest.shouldTranslateWithAttributeNamespaces(org.eaxy.usage.ElementBuilderTest)
DomTransformer.java,org.eaxy.DomTransformer,null,fromDom,13,KILLED,org.eaxy.usage.ElementBuilderTest.shouldTranslateWithAttributeNamespaces(org.eaxy.usage.ElementBuilderTest)
DomTransformer.java,org.eaxy.DomTransformer,null,toDom,67,KILLED,org.eaxy.usage.ValidationTest.shouldThrowErrorOnNonValidatingXml(org.eaxy.usage.ValidationTest)
Objects.java,org.eaxy.Objects,false,equals,13,KILLED,org.eaxy.ObjectSanityTest.attributesShouldMatchWhenNameAndValueMatches(org.eaxy.ObjectSanityTest)
Objects.java,org.eaxy.Objects,true,equals,13,KILLED,org.eaxy.ObjectSanityTest.attributesShouldMatchWhenNameAndValueMatches(org.eaxy.ObjectSanityTest)
Objects.java,org.eaxy.Objects,null,list,31,KILLED,org.eaxy.usage.ElementFinderTest.shouldExcludeNonmatchingElement(org.eaxy.usage.ElementFinderTest)
Objects.java,org.eaxy.Objects,null,list,22,KILLED,org.eaxy.usage.ElementBuilderTest.shouldRejectIncompleteXml(org.eaxy.usage.ElementBuilderTest)
Objects.java,org.eaxy.Objects,null,nonnull,48,KILLED,org.eaxy.usage.ElementBuilderTest.shouldCreateDocument(org.eaxy.usage.ElementBuilderTest)
Objects.java,org.eaxy.Objects,"",validatePresent,40,KILLED,org.eaxy.ObjectSanityTest.attributesShouldHaveDecentToString(org.eaxy.ObjectSanityTest)
Objects.java,org.eaxy.Objects,"A",validatePresent,40,KILLED,org.eaxy.ObjectSanityTest.attributesShouldHaveDecentToString(org.eaxy.ObjectSanityTest)
Objects.java,org.eaxy.Objects,null,validatePresent,40,KILLED,org.eaxy.ObjectSanityTest.namespaceShouldHaveDecentToString(org.eaxy.ObjectSanityTest)
Attribute.java,org.eaxy.Attribute,false,equals,23,KILLED,org.eaxy.ObjectSanityTest.attributesShouldMatchWhenNameAndValueMatches(org.eaxy.ObjectSanityTest)
Attribute.java,org.eaxy.Attribute,true,equals,23,KILLED,org.eaxy.ObjectSanityTest.attributesShouldMatchWhenNameAndValueMatches(org.eaxy.ObjectSanityTest)
Attribute.java,org.eaxy.Attribute,"",toXML,40,KILLED,org.eaxy.usage.ElementBuilderTest.shouldCreateAttributesAsArguments(org.eaxy.usage.ElementBuilderTest)
Attribute.java,org.eaxy.Attribute,"A",toXML,40,KILLED,org.eaxy.usage.ElementBuilderTest.shouldCreateAttributesAsArguments(org.eaxy.usage.ElementBuilderTest)
Attribute.java,org.eaxy.Attribute,null,toXML,40,KILLED,org.eaxy.usage.ElementBuilderTest.shouldCreateAttributesAsArguments(org.eaxy.usage.ElementBuilderTest)
Attribute.java,org.eaxy.Attribute,"",valueToXML,44,KILLED,org.eaxy.usage.ElementBuilderTest.shouldCreateAttributesAsArguments(org.eaxy.usage.ElementBuilderTest)
Attribute.java,org.eaxy.Attribute,"A",valueToXML,44,KILLED,org.eaxy.usage.ElementBuilderTest.shouldCreateAttributesAsArguments(org.eaxy.usage.ElementBuilderTest)
Attribute.java,org.eaxy.Attribute,null,valueToXML,44,KILLED,org.eaxy.usage.ElementBuilderTest.shouldCreateAttributesAsArguments(org.eaxy.usage.ElementBuilderTest)
StaxReader.java,org.eaxy.StaxReader,null,current,112,KILLED,org.eaxy.usage.ElementBuilderTest.shouldRejectUnmatchedXml(org.eaxy.usage.ElementBuilderTest)
StaxReader.java,org.eaxy.StaxReader,null,doParse,64,KILLED,org.eaxy.usage.ElementBuilderTest.shouldRejectIncompleteXml(org.eaxy.usage.ElementBuilderTest)
StaxReader.java,org.eaxy.StaxReader,null,getInputFactory,41,KILLED,org.eaxy.usage.ElementBuilderTest.shouldRejectIncompleteXml(org.eaxy.usage.ElementBuilderTest)
StaxReader.java,org.eaxy.StaxReader,null,read,57,KILLED,org.eaxy.usage.ElementBuilderTest.shouldReadEncoding(org.eaxy.usage.ElementBuilderTest)
StaxReader.java,org.eaxy.StaxReader,null,read,49,KILLED,org.eaxy.usage.ElementBuilderTest.shouldRejectIncompleteXml(org.eaxy.usage.ElementBuilderTest)
StaxReader.java,org.eaxy.StaxReader,null,readElement,116,KILLED,org.eaxy.usage.ElementBuilderTest.shouldRejectUnmatchedXml(org.eaxy.usage.ElementBuilderTest)
StaxReader.java,org.eaxy.StaxReader,null,toName,130,KILLED,org.eaxy.usage.ElementBuilderTest.shouldRejectIncompleteXml(org.eaxy.usage.ElementBuilderTest)
QualifiedName.java,org.eaxy.QualifiedName,false,equals,75,KILLED,org.eaxy.ObjectSanityTest.attributesShouldMatchWhenNameAndValueMatches(org.eaxy.ObjectSanityTest)
QualifiedName.java,org.eaxy.QualifiedName,true,equals,75,KILLED,org.eaxy.ObjectSanityTest.attributesShouldMatchWhenNameAndValueMatches(org.eaxy.ObjectSanityTest)
QualifiedName.java,org.eaxy.QualifiedName,false,matches,97,KILLED,org.eaxy.usage.ElementFinderTest.shouldMatchOnNamespace(org.eaxy.usage.ElementFinderTest)
QualifiedName.java,org.eaxy.QualifiedName,true,matches,97,KILLED,org.eaxy.usage.ElementBuilderTest.shouldGetAllAttributes(org.eaxy.usage.ElementBuilderTest)
QualifiedName.java,org.eaxy.QualifiedName,"",print,70,KILLED,org.eaxy.usage.ElementBuilderTest.shouldSerializeEmptyElement(org.eaxy.usage.ElementBuilderTest)
QualifiedName.java,org.eaxy.QualifiedName,"A",print,70,KILLED,org.eaxy.usage.ElementBuilderTest.shouldSerializeEmptyElement(org.eaxy.usage.ElementBuilderTest)
QualifiedName.java,org.eaxy.QualifiedName,null,print,70,KILLED,org.eaxy.usage.ElementBuilderTest.shouldSerializeEmptyElement(org.eaxy.usage.ElementBuilderTest)
SoapSimulatorWebApp.java,org.eaxy.experimental.SoapSimulatorWebApp,void,docContext,40,TIMED_OUT,none
SoapSimulatorWebApp.java,org.eaxy.experimental.SoapSimulatorWebApp,null,indexPage,63,KILLED,org.eaxy.experimental.SoapSimulatorWebAppTest.shouldShowWsdlFilesOnFrontPage(org.eaxy.experimental.SoapSimulatorWebAppTest)
SoapSimulatorWebApp.java,org.eaxy.experimental.SoapSimulatorWebApp,void,main,159,NO_COVERAGE,none
SoapSimulatorWebApp.java,org.eaxy.experimental.SoapSimulatorWebApp,null,parseMultipart,82,KILLED,org.eaxy.experimental.SoapSimulatorWebAppTest.shouldUploadDocument(org.eaxy.experimental.SoapSimulatorWebAppTest)
SoapSimulatorWebApp.java,org.eaxy.experimental.SoapSimulatorWebApp,null,readMultipart,96,KILLED,org.eaxy.experimental.SoapSimulatorWebAppTest.shouldUploadDocument(org.eaxy.experimental.SoapSimulatorWebAppTest)
SoapSimulatorWebApp.java,org.eaxy.experimental.SoapSimulatorWebApp,void,rootContext,31,TIMED_OUT,none
Xhtml.java,org.eaxy.html.Xhtml,null,div,34,NO_COVERAGE,none
Xhtml.java,org.eaxy.html.Xhtml,null,findById,30,NO_COVERAGE,none
Xhtml.java,org.eaxy.html.Xhtml,null,getForm,26,KILLED,org.eaxy.html.HtmlFormTest.shouldDeserializeForm(org.eaxy.html.HtmlFormTest)
Xhtml.java,org.eaxy.html.Xhtml,null,parse,22,NO_COVERAGE,none
Xhtml.java,org.eaxy.html.Xhtml,null,readResource,38,NO_COVERAGE,none
Xhtml.java,org.eaxy.html.Xhtml,null,xhtml,18,NO_COVERAGE,none
SoapSimulatorServer.java,org.eaxy.experimental.WebServer,null,getUrl,34,KILLED,org.eaxy.experimental.SoapSimulatorWebAppTest.shouldShowWsdlFilesOnFrontPage(org.eaxy.experimental.SoapSimulatorWebAppTest)
SoapSimulatorServer.java,org.eaxy.experimental.WebServer,null,getUrl,30,KILLED,org.eaxy.experimental.SoapSimulatorWebAppTest.shouldShowWsdlFilesOnFrontPage(org.eaxy.experimental.SoapSimulatorWebAppTest)
SoapSimulatorServer.java,org.eaxy.experimental.WebServer,void,sendRedirect,50,TIMED_OUT,none
SoapSimulatorServer.java,org.eaxy.experimental.WebServer,void,sendRedirect,54,TIMED_OUT,none
SoapSimulatorServer.java,org.eaxy.experimental.WebServer,void,writeXmlResponse,46,TIMED_OUT,none
SoapSimulatorServer.java,org.eaxy.experimental.WebServer,void,writeXmlResponse,38,TIMED_OUT,none
SoapSimulatorServer.java,org.eaxy.experimental.SoapSimulatorServer,null,addSoapEndpoint,100,KILLED,org.eaxy.experimental.SoapSimulatorServerTest.shouldRespondToSoapCall(org.eaxy.experimental.SoapSimulatorServerTest)
SoapSimulatorServer.java,org.eaxy.experimental.SoapSimulatorServer,null,addSoapEndpoint,104,KILLED,org.eaxy.experimental.SoapSimulatorServerTest.shouldRespondToSoapCall(org.eaxy.experimental.SoapSimulatorServerTest)
SoapSimulatorServer.java,org.eaxy.experimental.SoapSimulatorServer,null,addSoapEndpoint,109,NO_COVERAGE,none
SoapSimulatorServer.java,org.eaxy.experimental.SoapSimulatorServer,null,handleErrors,70,KILLED,org.eaxy.experimental.SoapSimulatorServerTest.shouldRespondToSoapCall(org.eaxy.experimental.SoapSimulatorServerTest)
SoapSimulatorServer.java,org.eaxy.experimental.SoapSimulatorServer,void,main,115,NO_COVERAGE,none
SoapSimulatorServer.java,org.eaxy.experimental.SoapSimulatorServer,void,soapContext,85,TIMED_OUT,none
ElementFilters.java,org.eaxy.ElementFilters$ElementPositionFilter,null,iterate,134,NO_COVERAGE,none
ElementFilters.java,org.eaxy.ElementFilters$ElementPositionFilter,null,iterate,139,NO_COVERAGE,none
ElementFilters.java,org.eaxy.ElementFilters$ElementPositionFilter,false,matches,144,NO_COVERAGE,none
ElementFilters.java,org.eaxy.ElementFilters$ElementPositionFilter,true,matches,144,NO_COVERAGE,none
ElementFilters.java,org.eaxy.ElementFilters$ElementPositionFilter,null,search,120,KILLED,org.eaxy.usage.ElementFinderTest.shouldFindChildrenByPosition(org.eaxy.usage.ElementFinderTest)
ElementFilters.java,org.eaxy.ElementFilters$ElementDescendantQuery,void,findDescendants,84,KILLED,org.eaxy.html.HtmlFormTest.shouldWarnAboutMissingField(org.eaxy.html.HtmlFormTest)
ElementFilters.java,org.eaxy.ElementFilters$ElementDescendantQuery,false,matches,79,KILLED,org.eaxy.usage.ElementFinderTest.shouldIterateDeeplyNestedElements(org.eaxy.usage.ElementFinderTest)
ElementFilters.java,org.eaxy.ElementFilters$ElementDescendantQuery,true,matches,79,KILLED,org.eaxy.usage.ElementFinderTest.shouldIterateDeeplyNestedElements(org.eaxy.usage.ElementFinderTest)
ElementFilters.java,org.eaxy.ElementFilters$ElementDescendantQuery,null,search,70,KILLED,org.eaxy.html.HtmlFormTest.shouldWarnAboutMissingField(org.eaxy.html.HtmlFormTest)
XmlFormatter.java,org.eaxy.experimental.XmlFormatter,null,canonical,60,KILLED,org.eaxy.experimental.XmlFormatterTest.shouldCanonizeSignatureElement(org.eaxy.experimental.XmlFormatterTest)
XmlFormatter.java,org.eaxy.experimental.XmlFormatter,"",toXML,69,KILLED,org.eaxy.experimental.XmlFormatterTest.shouldCanonizeSignatureElement(org.eaxy.experimental.XmlFormatterTest)
XmlFormatter.java,org.eaxy.experimental.XmlFormatter,"A",toXML,69,KILLED,org.eaxy.experimental.XmlFormatterTest.shouldCanonizeSignatureElement(org.eaxy.experimental.XmlFormatterTest)
XmlFormatter.java,org.eaxy.experimental.XmlFormatter,null,toXML,69,KILLED,org.eaxy.experimental.XmlFormatterTest.shouldCanonizeSignatureElement(org.eaxy.experimental.XmlFormatterTest)
IntentedWriterXmlVisitor.java,org.eaxy.IntentedWriterXmlVisitor,void,visitChildren,47,KILLED,org.eaxy.usage.ElementBuilderTest.shouldPrintIndentedXml(org.eaxy.usage.ElementBuilderTest)
IntentedWriterXmlVisitor.java,org.eaxy.IntentedWriterXmlVisitor,void,visitComment,36,SURVIVED,none
IntentedWriterXmlVisitor.java,org.eaxy.IntentedWriterXmlVisitor,void,visitElement,21,KILLED,org.eaxy.usage.ElementBuilderTest.shouldPrintIndentedXml(org.eaxy.usage.ElementBuilderTest)
IntentedWriterXmlVisitor.java,org.eaxy.IntentedWriterXmlVisitor,void,visitText,41,KILLED,org.eaxy.usage.ElementBuilderTest.shouldPrintIndentedXml(org.eaxy.usage.ElementBuilderTest)
SampleSoapXmlBuilder.java,org.eaxy.experimental.SampleSoapXmlBuilder$SoapServiceDefinition,null,getOperations,147,KILLED,org.eaxy.experimental.SoapXmlBuilderDirectoryTest.shouldGenerateInput[SoapOperationDefinition{airport.wsdl - getAirportInformationByISOCountryCode}](org.eaxy.experimental.SoapXmlBuilderDirectoryTest)
SampleSoapXmlBuilder.java,org.eaxy.experimental.SampleSoapXmlBuilder$SoapServiceDefinition,null,operation,159,KILLED,org.eaxy.experimental.SampleXmlBuilderTest.shouldGenerateRandomInputMessage(org.eaxy.experimental.SampleXmlBuilderTest)
SampleSoapXmlBuilder.java,org.eaxy.experimental.SampleSoapXmlBuilder$SoapServiceDefinition,null,operationElement,143,KILLED,org.eaxy.experimental.SampleXmlBuilderTest.shouldGenerateRandomInputMessage(org.eaxy.experimental.SampleXmlBuilderTest)
SampleSoapXmlBuilder.java,org.eaxy.experimental.SampleSoapXmlBuilder$SoapServiceDefinition,null,soapAction,186,KILLED,org.eaxy.experimental.SampleXmlBuilderTest.shouldGetSoapAction(org.eaxy.experimental.SampleXmlBuilderTest)
ElementFilters.java,org.eaxy.ElementFilters$ChildQuery,false,matches,33,KILLED,org.eaxy.SampleMedicationFilePerformanceTest.shouldFindElementsInHugeFile(org.eaxy.SampleMedicationFilePerformanceTest)
ElementFilters.java,org.eaxy.ElementFilters$ChildQuery,true,matches,33,KILLED,org.eaxy.SampleMedicationFilePerformanceTest.shouldFindElementsInHugeFile(org.eaxy.SampleMedicationFilePerformanceTest)
ElementFilters.java,org.eaxy.ElementFilters$ChildQuery,null,search,28,KILLED,org.eaxy.usage.ElementFinderTest.shouldKeepFullPath(org.eaxy.usage.ElementFinderTest)
Validator.java,org.eaxy.Validator,void,ensureBaseUrl,103,KILLED,org.eaxy.experimental.SampleXmlBuilderTest.shouldGenerateComplexTypeFromOtherSchema(org.eaxy.experimental.SampleXmlBuilderTest)
Validator.java,org.eaxy.Validator,void,saveImportedSchemas,89,KILLED,org.eaxy.experimental.SampleXmlBuilderTest.shouldGenerateComplexTypeFromOtherSchema(org.eaxy.experimental.SampleXmlBuilderTest)
Validator.java,org.eaxy.Validator,null,validate,124,KILLED,org.eaxy.usage.ValidationTest.shouldThrowErrorOnNonValidatingXml(org.eaxy.usage.ValidationTest)
ElementFilter.java,org.eaxy.ElementFilter,false,matches,22,KILLED,org.eaxy.usage.ElementFinderTest.shouldIterateOnAttribute(org.eaxy.usage.ElementFinderTest)
ElementFilter.java,org.eaxy.ElementFilter,true,matches,22,KILLED,org.eaxy.usage.ElementFinderTest.shouldIterateOnAttribute(org.eaxy.usage.ElementFinderTest)
ElementFilter.java,org.eaxy.ElementFilter,null,search,35,KILLED,org.eaxy.usage.ElementFinderTest.shouldExcludeNonmatchingElement(org.eaxy.usage.ElementFinderTest)
SoapSimulatorWebApp.java,org.eaxy.experimental.SoapSimulatorWebApp$StockQuoteRandomData,"",randomElementText,149,NO_COVERAGE,none
SoapSimulatorWebApp.java,org.eaxy.experimental.SoapSimulatorWebApp$StockQuoteRandomData,"A",randomElementText,149,NO_COVERAGE,none
SoapSimulatorWebApp.java,org.eaxy.experimental.SoapSimulatorWebApp$StockQuoteRandomData,null,randomElementText,149,NO_COVERAGE,none
SaxReader.java,org.eaxy.SaxReader,null,read,135,NO_COVERAGE,none
SaxReader.java,org.eaxy.SaxReader,null,read,116,NO_COVERAGE,none
ElementPath.java,org.eaxy.ElementPath,null,getPath,30,KILLED,org.eaxy.usage.ElementFinderTest.shouldFindDeeplyNestedElements(org.eaxy.usage.ElementFinderTest)
ElementPath.java,org.eaxy.ElementPath,null,namespaces,42,KILLED,org.eaxy.experimental.XmlFormatterTest.shouldCanonizeSignatureElement(org.eaxy.experimental.XmlFormatterTest)
ElementFilters.java,org.eaxy.ElementFilters$2,false,matches,282,KILLED,org.eaxy.usage.HtmlConvenienceTest.shouldFindById(org.eaxy.usage.HtmlConvenienceTest)
ElementFilters.java,org.eaxy.ElementFilters$2,true,matches,282,KILLED,org.eaxy.usage.HtmlConvenienceTest.shouldFindById(org.eaxy.usage.HtmlConvenienceTest)
ElementFilters.java,org.eaxy.ElementFilters$1,false,matches,273,KILLED,org.eaxy.usage.HtmlConvenienceTest.shouldFindById(org.eaxy.usage.HtmlConvenienceTest)
ElementFilters.java,org.eaxy.ElementFilters$1,true,matches,273,KILLED,org.eaxy.usage.HtmlConvenienceTest.shouldFindById(org.eaxy.usage.HtmlConvenienceTest)
ElementFilters.java,org.eaxy.ElementFilters$4,false,matches,304,KILLED,org.eaxy.usage.ElementFinderTest.shouldMatchOnNamespace(org.eaxy.usage.ElementFinderTest)
ElementFilters.java,org.eaxy.ElementFilters$4,true,matches,304,KILLED,org.eaxy.usage.ElementFinderTest.shouldMatchOnNamespace(org.eaxy.usage.ElementFinderTest)
ElementFilters.java,org.eaxy.ElementFilters$3,false,matches,295,KILLED,org.eaxy.usage.ElementFinderTest.shouldCheckPath(org.eaxy.usage.ElementFinderTest)
ElementFilters.java,org.eaxy.ElementFilters$3,true,matches,295,KILLED,org.eaxy.usage.ElementFinderTest.shouldThrowOnMissingPath(org.eaxy.usage.ElementFinderTest)
DomSerializedTransformer.java,org.eaxy.DomSerializedTransformer,null,fromDom,26,NO_COVERAGE,none
DomSerializedTransformer.java,org.eaxy.DomSerializedTransformer,null,toDom,40,NO_COVERAGE,none
XmlFormatter.java,org.eaxy.experimental.XmlFormatter$CanonicalInclusiveVisitor,void,visitElement,28,KILLED,org.eaxy.experimental.XmlFormatterTest.shouldCanonizeSignatureElement(org.eaxy.experimental.XmlFormatterTest)
XmlFormatter.java,org.eaxy.experimental.XmlFormatter$CanonicalInclusiveVisitor,void,write,38,KILLED,org.eaxy.experimental.XmlFormatterTest.shouldCanonizeSignatureElement(org.eaxy.experimental.XmlFormatterTest)
Xml.java,org.eaxy.Xml$CommentElement,null,copy,66,KILLED,org.eaxy.usage.ElementBuilderTest.shouldReadDocument(org.eaxy.usage.ElementBuilderTest)
ComplexTypeDefinition.java,org.eaxy.experimental.ComplexTypeDefinition,null,targetNamespace,22,KILLED,org.eaxy.experimental.SampleXmlBuilderTest.shouldGenerateAttributeValues(org.eaxy.experimental.SampleXmlBuilderTest)
Xml.java,org.eaxy.Xml$CDataElement,null,copy,42,NO_COVERAGE,none
XmlIterator.java,org.eaxy.XmlIterator$2,null,iterator,197,KILLED,org.eaxy.usage.ElementFinderTest.shouldIterateDeeplyNestedElements(org.eaxy.usage.ElementFinderTest)
XmlIterator.java,org.eaxy.XmlIterator$1,null,iterator,171,KILLED,org.eaxy.usage.ElementFinderTest.shouldIterateOverFiles(org.eaxy.usage.ElementFinderTest)
SoapSimulatorServer.java,org.eaxy.experimental.SoapSimulatorServer$1,void,handle,74,TIMED_OUT,none
Xml.java,org.eaxy.Xml$TextElement,null,copy,90,KILLED,org.eaxy.usage.ElementBuilderTest.shouldReadHtml(org.eaxy.usage.ElementBuilderTest)
ElementSet.java,org.eaxy.ElementSet$1,null,getPath,14,KILLED,org.eaxy.usage.ElementFinderTest.shouldKeepFullPath(org.eaxy.usage.ElementFinderTest)
XmlFormatter.java,org.eaxy.experimental.XmlFormatter$CanonicalInclusive,void,format,55,KILLED,org.eaxy.experimental.XmlFormatterTest.shouldCanonizeSignatureElement(org.eaxy.experimental.XmlFormatterTest)
